city,state,lat,lng
Akutan,AK,54.134300,-165.775150
Anchor Point,AK,59.776670,-151.831390
Anchorage,AK,61.218060,-149.900280
Badger,AK,64.800000,-147.533330
Bear Creek,AK,60.164170,-149.395000
Bethel,AK,60.792220,-161.755830
Big Lake,AK,61.521390,-149.954440
Butte,AK,61.542220,-149.033330
Chevak,AK,61.527780,-165.586390
Cohoe,AK,60.368610,-151.306390
College,AK,64.856940,-147.802780
Cordova,AK,60.543200,-145.758670
Craig,AK,55.476390,-133.148330
Deltana,AK,63.872170,-145.217730
Diamond Ridge,AK,59.676110,-151.557500
Dillingham,AK,59.039720,-158.457500
Dutch Harbor,AK,53.889800,-166.542200
Eagle River,AK,61.321390,-149.567780
Eielson Air Force Base,AK,64.663270,-147.054420
Elmendorf Air Force Base,AK,61.257030,-149.631390
Ester,AK,64.847220,-148.014440
Fairbanks,AK,64.837780,-147.716390
Farm Loop,AK,61.638910,-149.142150
Farmers Loop,AK,64.908220,-147.698660
Fishhook,AK,61.744020,-149.236130
Fritz Creek,AK,59.736110,-151.295280
Funny River,AK,60.501940,-150.762220
Gateway,AK,61.572780,-149.240830
Girdwood,AK,60.942500,-149.166390
Haines,AK,59.235950,-135.445330
Healy,AK,63.856940,-148.966110
Homer,AK,59.642500,-151.549400
Hooper Bay,AK,61.531110,-166.096670
Houston,AK,61.630280,-149.818060
Juneau,AK,58.301940,-134.419720
Kalifornsky,AK,60.418330,-151.290000
Kenai,AK,60.554440,-151.258330
Ketchikan,AK,55.341800,-131.647570
King Cove,AK,55.060870,-162.318530
Knik-Fairview,AK,61.512620,-149.600120
Kodiak,AK,57.788520,-152.405330
Kodiak Station,AK,57.765870,-152.600040
Kotzebue,AK,66.898460,-162.598090
Lakes,AK,61.607130,-149.308610
Lazy Mountain,AK,61.626110,-148.945560
Meadow Lakes,AK,61.624720,-149.601110
Metlakatla,AK,55.129050,-131.576980
Nikiski,AK,60.690280,-151.288890
Nome,AK,64.501110,-165.406390
North Pole,AK,64.751110,-147.349440
Palmer,AK,61.599410,-149.114560
Petersburg,AK,56.812500,-132.955560
Prudhoe Bay,AK,70.255280,-148.337220
Ridgeway,AK,60.531940,-151.085280
Salcha,AK,64.523990,-146.902100
Sand Point,AK,55.335970,-160.500710
Seward,AK,60.104260,-149.443500
Sitka,AK,57.053150,-135.330880
Skagway,AK,59.458330,-135.313890
Soldotna,AK,60.487780,-151.058330
Sterling,AK,60.537220,-150.764720
Susitna North,AK,62.161290,-149.850750
Sutton-Alpine,AK,61.710410,-148.894070
Tanaina,AK,61.626940,-149.428060
Tok,AK,63.336670,-142.985560
Unalaska,AK,53.874130,-166.534080
Utqiagvik,AK,71.290580,-156.788720
Valdez,AK,61.130830,-146.348330
Wasilla,AK,61.580900,-149.441500
Willow,AK,61.747220,-150.037500
Wrangell,AK,56.470830,-132.376670
Abbeville,AL,31.571840,-85.250490
Adamsville,AL,33.600940,-86.956110
Alabaster,AL,33.244280,-86.816380
Albertville,AL,34.267830,-86.208780
Alexander City,AL,32.944010,-85.953850
Alexandria,AL,33.773990,-85.885520
Aliceville,AL,33.129570,-88.151420
Andalusia,AL,31.308080,-86.482430
Anniston,AL,33.659830,-85.831630
Arab,AL,34.318150,-86.495820
Argo,AL,33.687780,-86.500510
Ashford,AL,31.182960,-85.236320
Ashland,AL,33.273730,-85.836070
Ashville,AL,33.837040,-86.254420
Athens,AL,34.802430,-86.972190
Atmore,AL,31.023790,-87.493870
Attalla,AL,34.021760,-86.088590
Auburn,AL,32.609860,-85.480780
Ballplay,AL,34.058710,-85.808020
Bay Minette,AL,30.882960,-87.773050
Bayou La Batre,AL,30.403520,-88.248520
Bear Creek,AL,34.274820,-87.700580
Berry,AL,33.659830,-87.600010
Bessemer,AL,33.401780,-86.954440
Birmingham,AL,33.520660,-86.802490
Blountsville,AL,34.081490,-86.591100
Blue Ridge,AL,32.492640,-86.190520
Boaz,AL,34.200650,-86.166370
Brent,AL,32.937350,-87.164720
Brewton,AL,31.105180,-87.072190
Bridgeport,AL,34.947580,-85.714420
Brighton,AL,33.434280,-86.947210
Brook Highland,AL,33.435660,-86.673880
Brookside,AL,33.637880,-86.916660
Brookwood,AL,33.255670,-87.320830
Brundidge,AL,31.720160,-85.816060
Butler,AL,32.089590,-88.221970
Bynum,AL,33.613160,-85.961080
Cahaba Heights,AL,33.464000,-86.731930
Calera,AL,33.102900,-86.753600
Camden,AL,31.990980,-87.290550
Carbon Hill,AL,33.891770,-87.526120
Carlisle-Rockledge,AL,34.114450,-86.124070
Carrollton,AL,33.261690,-88.095030
Cedar Bluff,AL,34.220090,-85.607740
Center Point,AL,33.645660,-86.683600
Centre,AL,34.152040,-85.678850
Centreville,AL,32.946200,-87.116690
Chalkville,AL,33.653160,-86.647770
Chatom,AL,31.465170,-88.254460
Chelsea,AL,33.340110,-86.630260
Cherokee,AL,34.757030,-87.972810
Chickasaw,AL,30.763800,-88.074720
Childersburg,AL,33.278170,-86.354980
Choccolocco,AL,33.659270,-85.703570
Citronelle,AL,31.090730,-88.228060
Clanton,AL,32.838740,-86.629430
Clay,AL,33.702600,-86.599710
Clayton,AL,31.878220,-85.449660
Cleveland,AL,33.990930,-86.577490
Clio,AL,31.708780,-85.610500
Coaling,AL,33.159010,-87.340830
Collinsville,AL,34.263980,-85.860530
Columbiana,AL,33.178170,-86.607210
Concord,AL,33.467610,-87.031110
Coosada,AL,32.497910,-86.331360
Cordova,AL,33.759830,-87.183330
Cottonwood,AL,31.048790,-85.304930
Cowarts,AL,31.200180,-85.304650
Creola,AL,30.891850,-88.039720
Crossville,AL,34.287590,-85.994140
Cullman,AL,34.174820,-86.843610
Dadeville,AL,32.831240,-85.763570
Daleville,AL,31.310170,-85.712990
Danville,AL,34.414540,-87.087510
Daphne,AL,30.603530,-87.903600
Dauphin Island,AL,30.255480,-88.109720
Deatsville,AL,32.608190,-86.395810
Decatur,AL,34.605930,-86.983340
Demopolis,AL,32.517640,-87.836400
Dixiana,AL,33.740210,-86.649380
Dora,AL,33.728720,-87.090280
Dothan,AL,31.223230,-85.390490
Double Springs,AL,34.146370,-87.402470
East Brewton,AL,31.093230,-87.062750
East Florence,AL,34.809530,-87.649470
Eclectic,AL,32.635410,-86.034410
Elba,AL,31.414610,-86.067720
Elberta,AL,30.414360,-87.597760
Elmore,AL,32.538740,-86.314970
Emerald Mountain,AL,32.447930,-86.094290
Enterprise,AL,31.315170,-85.855220
Eufaula,AL,31.891270,-85.145490
Eutaw,AL,32.840590,-87.887620
Evergreen,AL,31.433500,-86.956920
Fairfield,AL,33.485940,-86.911940
Fairhope,AL,30.522970,-87.903330
Falkville,AL,34.368430,-86.908620
Fayette,AL,33.684550,-87.830850
Fayetteville,AL,33.145670,-86.405810
Flint City,AL,34.523150,-86.970290
Flomaton,AL,31.000180,-87.260810
Florala,AL,31.005180,-86.328000
Florence,AL,34.799810,-87.677250
Foley,AL,30.406590,-87.683600
Forestdale,AL,33.570110,-86.896380
Fort Deposit,AL,31.984590,-86.578590
Fort Novosel,AL,31.342820,-85.715380
Fort Payne,AL,34.444250,-85.719690
Frisco City,AL,31.433500,-87.401380
Fultondale,AL,33.604830,-86.793880
Fyffe,AL,34.446760,-85.904140
Gadsden,AL,34.014340,-86.006390
Gardendale,AL,33.660100,-86.812770
Geneva,AL,31.032960,-85.863820
Georgiana,AL,31.637100,-86.741920
Glencoe,AL,33.957040,-85.932470
Good Hope,AL,34.115930,-86.863610
Goodwater,AL,33.065670,-86.053300
Gordo,AL,33.320120,-87.902800
Grand Bay,AL,30.476310,-88.342230
Grayson Valley,AL,33.648160,-86.639430
Graysville,AL,33.620660,-86.971380
Greensboro,AL,32.704150,-87.595500
Greenville,AL,31.829600,-86.617750
Grove Hill,AL,31.708770,-87.777220
Guin,AL,33.965660,-87.914750
Gulf Shores,AL,30.246040,-87.700820
Guntersville,AL,34.358230,-86.294460
Hackleburg,AL,34.277320,-87.828640
Haleyville,AL,34.226490,-87.621410
Hamilton,AL,34.142320,-87.988640
Hanceville,AL,34.060650,-86.767500
Harpersville,AL,33.344000,-86.438040
Hartford,AL,31.102400,-85.696880
Hartselle,AL,34.443430,-86.935280
Harvest,AL,34.855640,-86.750830
Hayden,AL,33.892600,-86.757770
Hayneville,AL,32.184030,-86.580250
Hazel Green,AL,34.932310,-86.571940
Headland,AL,31.351280,-85.342160
Heflin,AL,33.648990,-85.587460
Helena,AL,33.296220,-86.843600
Henagar,AL,34.635080,-85.767190
Highland Lakes,AL,33.398380,-86.651300
Hokes Bluff,AL,33.998150,-85.866360
Holt,AL,33.234010,-87.484450
Holtville,AL,32.636240,-86.326640
Homewood,AL,33.471770,-86.800820
Hoover,AL,33.405390,-86.811380
Horton,AL,34.200930,-86.296920
Hueytown,AL,33.451220,-86.996660
Huguley,AL,32.834570,-85.229660
Huntsville,AL,34.730400,-86.585940
Indian Springs Village,AL,33.355390,-86.754430
Inverness,AL,32.014880,-85.746060
Irondale,AL,33.538160,-86.707210
Jack,AL,31.574050,-86.000230
Jackson,AL,31.509050,-87.894440
Jacksonville,AL,33.813820,-85.761300
Jasper,AL,33.831220,-87.277510
Jemison,AL,32.959850,-86.746650
Kimberly,AL,33.773440,-86.813880
Kinsey,AL,31.299060,-85.344380
Ladonia,AL,32.468200,-85.079100
Lafayette,AL,32.899850,-85.401060
Lake Purdy,AL,33.430110,-86.680540
Lake View,AL,33.280670,-87.137500
Lanett,AL,32.868740,-85.190500
Leeds,AL,33.548160,-86.544430
Leesburg,AL,34.179820,-85.761360
Level Plains,AL,31.299620,-85.777990
Lillian,AL,30.412980,-87.436920
Lincoln,AL,33.613160,-86.118310
Linden,AL,32.306250,-87.798070
Lineville,AL,33.310670,-85.754410
Lipscomb,AL,33.425660,-86.926660
Livingston,AL,32.584300,-88.187250
Locust Fork,AL,33.907600,-86.615270
Loxley,AL,30.618250,-87.753050
Luverne,AL,31.716550,-86.263850
Madison,AL,34.699260,-86.748330
Malvern,AL,31.139340,-85.519100
Marbury,AL,32.701240,-86.471090
Margaret,AL,33.686210,-86.474980
Marion,AL,32.632350,-87.319170
Meadowbrook,AL,33.402050,-86.696650
Meridianville,AL,34.851480,-86.572220
Midfield,AL,33.461500,-86.908880
Midland City,AL,31.319060,-85.493820
Mignon,AL,33.183450,-86.261090
Millbrook,AL,32.479860,-86.361920
Minor,AL,33.537330,-86.940550
Mobile,AL,30.694360,-88.043050
Monroeville,AL,31.527940,-87.324710
Montevallo,AL,33.100670,-86.864160
Montgomery,AL,32.366810,-86.299970
Moody,AL,33.590940,-86.490820
Moores Mill,AL,34.843980,-86.518320
Morris,AL,33.748160,-86.808600
Moulton,AL,34.481210,-87.293350
Moundville,AL,32.997620,-87.630010
Mount Olive,AL,33.670940,-86.856100
Mount Vernon,AL,31.085180,-88.013330
Mountain Brook,AL,33.500940,-86.752210
Munford,AL,33.529830,-85.950800
Muscle Shoals,AL,34.744810,-87.667530
New Brockton,AL,31.385720,-85.929390
New Hope,AL,34.537120,-86.394260
New Market,AL,34.910030,-86.427790
Newton,AL,31.335170,-85.605210
North Bibb,AL,33.204010,-87.153050
Northport,AL,33.229010,-87.577230
Odenville,AL,33.677320,-86.396650
Ohatchee,AL,33.783430,-86.002470
Oneonta,AL,33.948150,-86.472760
Opelika,AL,32.645410,-85.378280
Opp,AL,31.282670,-86.255510
Orange Beach,AL,30.294370,-87.573590
Owens Cross Roads,AL,34.588150,-86.458880
Oxford,AL,33.614270,-85.834960
Ozark,AL,31.459060,-85.640490
Pelham,AL,33.285670,-86.809990
Pell City,AL,33.586210,-86.286090
Phenix City,AL,32.470980,-85.000770
Phil Campbell,AL,34.350930,-87.706420
Piedmont,AL,33.924550,-85.611350
Pike Road,AL,32.284310,-86.103020
Pine Level,AL,32.583740,-86.465530
Pinson,AL,33.688990,-86.683320
Plateau,AL,30.735620,-88.060630
Pleasant Grove,AL,33.490940,-86.970270
Point Clear,AL,30.474080,-87.919160
Prattville,AL,32.464020,-86.459700
Priceville,AL,34.525090,-86.894730
Prichard,AL,30.738800,-88.078890
Ragland,AL,33.744540,-86.155810
Rainbow City,AL,33.954820,-86.041920
Rainsville,AL,34.494250,-85.847750
Red Bay,AL,34.439820,-88.140870
Redstone Arsenal,AL,34.683870,-86.647640
Reform,AL,33.378450,-88.015300
Rehobeth,AL,31.122960,-85.452710
Riverside,AL,33.606210,-86.204420
Roanoke,AL,33.151230,-85.372170
Robertsdale,AL,30.553800,-87.711930
Rock Creek,AL,33.477050,-87.080270
Rockford,AL,32.889570,-86.219690
Rogersville,AL,34.825780,-87.296760
Russellville,AL,34.507870,-87.728640
Saks,AL,33.698710,-85.839690
Samson,AL,31.112950,-86.046050
Saraland,AL,30.820740,-88.070560
Sardis City,AL,34.174260,-86.122750
Satsuma,AL,30.853240,-88.056110
Scottsboro,AL,34.672310,-86.034150
Selma,AL,32.407360,-87.021100
Selmont-West Selmont,AL,32.378430,-87.007400
Semmes,AL,30.778240,-88.259170
Sheffield,AL,34.765090,-87.698640
Shelby,AL,33.110400,-86.584150
Shoal Creek,AL,33.430760,-86.610920
Slocomb,AL,31.108230,-85.594380
Smiths Station,AL,32.540140,-85.098550
Smoke Rise,AL,33.891770,-86.820270
Southside,AL,33.924540,-86.022470
Spanish Fort,AL,30.674910,-87.915270
Springville,AL,33.775050,-86.471910
Steele,AL,33.939820,-86.201640
Stevenson,AL,34.868690,-85.839420
Stewartville,AL,33.079290,-86.244420
Sulligent,AL,33.901770,-88.134480
Sumiton,AL,33.755660,-87.050000
Summerdale,AL,30.487700,-87.699710
Sylacauga,AL,33.173170,-86.251640
Sylvan Springs,AL,33.515660,-87.014990
Sylvania,AL,34.562310,-85.812470
Talladega,AL,33.435940,-86.105800
Tallassee,AL,32.535970,-85.893290
Tarrant,AL,33.583440,-86.772770
Taylor,AL,31.164900,-85.468270
Theodore,AL,30.547690,-88.175280
Thomasville,AL,31.913490,-87.735840
Thorsby,AL,32.915680,-86.715820
Tillmans Corner,AL,30.590190,-88.170840
Town Creek,AL,34.681200,-87.406130
Trinity,AL,34.606760,-87.088350
Troy,AL,31.808770,-85.969950
Trussville,AL,33.619830,-86.608880
Tuscaloosa,AL,33.209840,-87.569170
Tuscumbia,AL,34.731200,-87.702530
Tuskegee,AL,32.424150,-85.690960
Underwood-Petersville,AL,34.876950,-87.697170
Union Springs,AL,32.144320,-85.714950
Uniontown,AL,32.449580,-87.514170
Valley,AL,32.818740,-85.179390
Valley Grande,AL,32.509020,-86.987490
Vance,AL,33.174280,-87.233610
Vandiver,AL,33.470660,-86.513320
Vernon,AL,33.757050,-88.108920
Vestavia Hills,AL,33.448720,-86.787770
Vincent,AL,33.384550,-86.411920
Warrior,AL,33.814270,-86.809440
Washington Street Courthouse Annex,AL,34.802640,-86.972980
Weaver,AL,33.752050,-85.811350
Webb,AL,31.260450,-85.273270
Wedowee,AL,33.309000,-85.484670
West Blocton,AL,33.118170,-87.125000
West End-Cobb Town,AL,33.652500,-85.874200
Westover,AL,33.349550,-86.535820
Wetumpka,AL,32.543740,-86.211910
Whitesboro,AL,34.163430,-86.069420
Wilsonville,AL,33.234280,-86.483590
Winfield,AL,33.928990,-87.817250
Woodstock,AL,33.206780,-87.150000
York,AL,32.486250,-88.296420
Alexander,AR,34.629540,-92.441270
Alma,AR,35.477870,-94.221880
Arkadelphia,AR,34.120930,-93.053780
Arkansas City,AR,33.608720,-91.206780
Ash Flat,AR,36.223960,-91.608480
Ashdown,AR,33.674290,-94.131310
Atkins,AR,35.246470,-92.936560
Augusta,AR,35.282310,-91.365410
Austin,AR,34.998420,-91.983760
Bald Knob,AR,35.309810,-91.567910
Barling,AR,35.325650,-94.301600
Batesville,AR,35.769800,-91.640970
Bay,AR,35.742300,-90.562330
Beebe,AR,35.070640,-91.879590
Bella Vista,AR,36.480700,-94.271340
Benton,AR,34.564540,-92.586830
Bentonville,AR,36.372850,-94.208820
Berryville,AR,36.364790,-93.567970
Bethel Heights,AR,36.214240,-94.129370
Blytheville,AR,35.927300,-89.918980
Bono,AR,35.908680,-90.802620
Booneville,AR,35.140090,-93.921590
Brinkley,AR,34.887870,-91.194570
Brookland,AR,35.900070,-90.582050
Bryant,AR,34.595930,-92.489050
Bull Shoals,AR,36.383960,-92.581550
Cabot,AR,34.974530,-92.016530
Calico Rock,AR,36.119510,-92.135990
Camden,AR,33.584560,-92.834330
Caraway,AR,35.758130,-90.322320
Carlisle,AR,34.783150,-91.746520
Cave City,AR,35.941740,-91.548470
Cave Springs,AR,36.263410,-94.231870
Cedarville,AR,35.569810,-94.366880
Centerton,AR,36.359800,-94.285210
Charleston,AR,35.297040,-94.036320
Cherokee Village,AR,36.297840,-91.515970
Clarendon,AR,34.693150,-91.313740
Clarksville,AR,35.471470,-93.466570
Clinton,AR,35.591470,-92.460440
Coal Hill,AR,35.437310,-93.672970
Conway,AR,35.088700,-92.442100
Corning,AR,36.407840,-90.579830
Crossett,AR,33.128180,-91.961240
Danville,AR,35.053980,-93.393520
Dardanelle,AR,35.223140,-93.157950
De Queen,AR,34.037890,-94.341320
De Witt,AR,34.292880,-91.337900
Decatur,AR,36.335910,-94.460770
Dermott,AR,33.525390,-91.435950
Des Arc,AR,34.977040,-91.495130
Diaz,AR,35.638410,-91.265130
Dierks,AR,34.119280,-94.016580
Dover,AR,35.401470,-93.114340
Dumas,AR,33.887050,-91.491790
Earle,AR,35.275090,-90.466770
East End,AR,34.550650,-92.340990
El Dorado,AR,33.207630,-92.666270
Elkins,AR,36.001470,-94.008250
Elm Springs,AR,36.206190,-94.234370
England,AR,34.544260,-91.969030
Eudora,AR,33.109570,-91.262060
Eureka Springs,AR,36.401180,-93.737970
Fairfield Bay,AR,35.594240,-92.277930
Farmington,AR,36.042020,-94.247150
Fayetteville,AR,36.062580,-94.157430
Flippin,AR,36.278960,-92.597110
Fordyce,AR,33.813720,-92.412930
Forrest City,AR,35.008150,-90.789830
Fort Smith,AR,35.385920,-94.398550
Gassville,AR,36.283120,-92.494050
Gentry,AR,36.267580,-94.484660
Gibson,AR,34.884260,-92.235700
Glenwood,AR,34.326770,-93.550740
Goshen,AR,36.101190,-93.991310
Gosnell,AR,35.959790,-89.972030
Gravel Ridge,AR,34.868420,-92.190700
Gravette,AR,36.422020,-94.453550
Green Forest,AR,36.335350,-93.436020
Greenbrier,AR,35.233970,-92.387650
Greenland,AR,35.994250,-94.175200
Greenwood,AR,35.215650,-94.255770
Gurdon,AR,33.920940,-93.154060
Hamburg,AR,33.228180,-91.797630
Hampton,AR,33.537890,-92.469880
Harrisburg,AR,35.564250,-90.716780
Harrison,AR,36.229790,-93.107680
Haskell,AR,34.501480,-92.636550
Hazen,AR,34.780930,-91.580970
Heber Springs,AR,35.491470,-92.031260
Helena,AR,34.529550,-90.591770
Helena-West Helena,AR,34.529100,-90.590000
Highland,AR,36.275900,-91.524030
Holiday Island,AR,36.485350,-93.732140
Hope,AR,33.667060,-93.591570
Horatio,AR,33.938450,-94.357150
Horseshoe Bend,AR,36.229230,-91.764310
Hot Springs,AR,34.503700,-93.055180
Hot Springs Village,AR,34.672040,-92.998790
Hoxie,AR,36.050350,-90.975120
Hughes,AR,34.949260,-90.471490
Huntsville,AR,36.086190,-93.741300
Jacksonville,AR,34.866200,-92.110150
Jasper,AR,36.008130,-93.186570
Johnson,AR,36.132860,-94.165480
Jonesboro,AR,35.842300,-90.704280
Judsonia,AR,35.270090,-91.639860
Kensett,AR,35.231750,-91.667640
Lake City,AR,35.816190,-90.434270
Lake Hamilton,AR,34.424530,-93.095180
Lake Village,AR,33.328730,-91.281780
Lamar,AR,35.440640,-93.387960
Landmark,AR,34.611200,-92.319600
Lavaca,AR,35.336200,-94.173260
Leachville,AR,35.935910,-90.257880
Lepanto,AR,35.611190,-90.329820
Lewisville,AR,33.358460,-93.577680
Lincoln,AR,35.949530,-94.423550
Little Flock,AR,36.385910,-94.135200
Little Rock,AR,34.746480,-92.289590
Little Rock Air Force Base,AR,34.891490,-92.159550
London,AR,35.328970,-93.252960
Lonoke,AR,34.783980,-91.899860
Lowell,AR,36.255350,-94.130760
Luxora,AR,35.756190,-89.928140
Magnolia,AR,33.267070,-93.239330
Malvern,AR,34.362310,-92.812950
Manila,AR,35.880070,-90.167040
Mansfield,AR,35.059540,-94.252710
Marianna,AR,34.773710,-90.757610
Marion,AR,35.214530,-90.196480
Marked Tree,AR,35.532860,-90.420660
Marmaduke,AR,36.187010,-90.383160
Marshall,AR,35.908960,-92.631270
Marvell,AR,34.555660,-90.912890
Maumelle,AR,34.866760,-92.404320
Mayflower,AR,34.957030,-92.427380
McAlmont,AR,34.808420,-92.181810
McCrory,AR,35.256200,-91.200120
McGehee,AR,33.629000,-91.399560
Melbourne,AR,36.059510,-91.908480
Mena,AR,34.586220,-94.239660
Midway,AR,36.385340,-92.461830
Mineral Springs,AR,33.875120,-93.913800
Monette,AR,35.890630,-90.344270
Monticello,AR,33.629000,-91.790960
Morrilton,AR,35.150920,-92.744050
Mount Ida,AR,34.556760,-93.634080
Mountain Home,AR,36.335340,-92.385160
Mountain View,AR,35.868410,-92.117650
Mulberry,AR,35.500640,-94.051590
Murfreesboro,AR,34.062330,-93.689900
Nashville,AR,33.945670,-93.847130
Newark,AR,35.701740,-91.441520
Newport,AR,35.604800,-91.281800
North Crossett,AR,33.165680,-91.941520
North Little Rock,AR,34.769540,-92.267090
Ola,AR,35.032310,-93.223230
Osceola,AR,35.705080,-89.969530
Ozark,AR,35.487030,-93.827700
Paragould,AR,36.058400,-90.497330
Paris,AR,35.292030,-93.729920
Parkin,AR,35.263420,-90.571220
Pea Ridge,AR,36.453960,-94.115200
Perryville,AR,35.004810,-92.802670
Piggott,AR,36.382840,-90.190650
Pine Bluff,AR,34.228430,-92.003200
Piney,AR,34.503140,-93.126020
Pocahontas,AR,36.261460,-90.971230
Pottsville,AR,35.248140,-93.049060
Prairie Creek,AR,36.342020,-94.061870
Prairie Grove,AR,35.975910,-94.317710
Prescott,AR,33.802610,-93.381010
Rector,AR,36.263120,-90.292600
Redfield,AR,34.445100,-92.183200
Rison,AR,33.958430,-92.190150
Rockwell,AR,34.464260,-93.133790
Rogers,AR,36.332020,-94.118540
Russellville,AR,35.278420,-93.133790
Salem,AR,34.628980,-92.558220
Searcy,AR,35.250640,-91.736250
Shannon Hills,AR,34.620090,-92.395430
Sheridan,AR,34.307040,-92.401270
Sherwood,AR,34.815090,-92.224320
Siloam Springs,AR,36.188140,-94.540500
Smackover,AR,33.364850,-92.724880
Southside,AR,35.698410,-91.623470
Springdale,AR,36.186740,-94.128810
Stamps,AR,33.365400,-93.495180
Star City,AR,33.942880,-91.843470
Stuttgart,AR,34.500370,-91.552630
Sulphur Springs,AR,34.180650,-92.123480
Texarkana,AR,33.441790,-94.037690
Tontitown,AR,36.177860,-94.233540
Trumann,AR,35.673690,-90.507330
Tuckerman,AR,35.730630,-91.198460
Van Buren,AR,35.436760,-94.348270
Vilonia,AR,35.083980,-92.207930
Waldo,AR,33.351510,-93.295730
Waldron,AR,34.898430,-94.090760
Walnut Ridge,AR,36.068400,-90.955950
Ward,AR,35.030360,-91.950420
Warren,AR,33.612610,-92.064580
West Crossett,AR,33.140960,-91.994020
West Fork,AR,35.924250,-94.188540
West Helena,AR,34.550660,-90.641770
West Memphis,AR,35.146480,-90.184540
White Hall,AR,34.273990,-92.090980
Wrightsville,AR,34.602320,-92.216810
Wynne,AR,35.224530,-90.786780
Yellville,AR,36.226180,-92.684890
Ahwatukee Foothills,AZ,33.341710,-111.984030
Ajo,AZ,32.371720,-112.860710
Alhambra,AZ,33.498380,-112.134320
Anthem,AZ,33.867260,-112.146820
Apache Junction,AZ,33.415050,-111.549580
Arivaca Junction,AZ,31.727310,-111.061200
Arizona City,AZ,32.755890,-111.670960
Avenue B and C,AZ,32.719040,-114.660050
Avondale,AZ,33.435600,-112.349600
Avra Valley,AZ,32.437850,-111.315390
Bagdad,AZ,34.581130,-113.204640
Beaver Dam,AZ,36.899420,-113.932740
Benson,AZ,31.967860,-110.294520
Big Park,AZ,34.780300,-111.762650
Bisbee,AZ,31.448150,-109.928410
Black Canyon City,AZ,34.070870,-112.150710
Blackwater,AZ,33.031170,-111.582630
Buckeye,AZ,33.370320,-112.583780
Bullhead City,AZ,35.147780,-114.568300
Bylas,AZ,33.134280,-110.120040
Cactus Flat,AZ,32.758400,-109.716190
Camp Verde,AZ,34.563640,-111.854320
Canyon Day,AZ,33.784770,-110.026490
Carefree,AZ,33.822260,-111.918200
Casa Blanca,AZ,33.120330,-111.888190
Casa Grande,AZ,32.879500,-111.757350
Casas Adobes,AZ,32.323410,-110.995100
Catalina,AZ,32.505560,-110.921110
Catalina Foothills,AZ,32.297850,-110.918700
Cave Creek,AZ,33.833330,-111.950830
Centennial Park,AZ,36.953810,-112.981320
Central City,AZ,33.440010,-112.058050
Central Heights-Midland City,AZ,33.403720,-110.815410
Chandler,AZ,33.306160,-111.841250
Chinle,AZ,36.154450,-109.552610
Chino Valley,AZ,34.757520,-112.453780
Cibecue,AZ,34.044770,-110.485390
Cienega Springs,AZ,34.188630,-114.224670
Citrus Park,AZ,33.548650,-112.444330
Clarkdale,AZ,34.771130,-112.057940
Claypool,AZ,33.411170,-110.842610
Clifton,AZ,33.050900,-109.296180
Colorado City,AZ,36.990260,-112.975770
Congress,AZ,34.162530,-112.850740
Coolidge,AZ,32.977840,-111.517620
Cordes Lakes,AZ,34.307810,-112.103490
Cornville,AZ,34.717800,-111.921540
Corona de Tucson,AZ,31.965360,-110.775640
Cottonwood,AZ,34.739190,-112.009880
Deer Valley,AZ,33.683930,-112.134880
Desert Hills,AZ,34.553900,-114.372460
Dewey-Humboldt,AZ,34.530000,-112.242220
Dilkon,AZ,35.385290,-110.320680
Dolan Springs,AZ,35.591940,-114.273290
Donovan Estates,AZ,32.709350,-114.678220
Douglas,AZ,31.344550,-109.545340
Drexel Heights,AZ,32.141190,-111.028430
Eagar,AZ,34.111240,-109.292380
East Sahuarita,AZ,31.942860,-110.928420
Ehrenberg,AZ,33.604190,-114.525230
El Mirage,AZ,33.613090,-112.324600
Eloy,AZ,32.755900,-111.554840
Encanto,AZ,33.479370,-112.078230
First Mesa,AZ,35.836670,-110.381520
Flagstaff,AZ,35.198070,-111.651270
Florence,AZ,33.031450,-111.387340
Flowing Wells,AZ,32.293960,-111.009820
Fort Defiance,AZ,35.744460,-109.076480
Fortuna Foothills,AZ,32.657830,-114.411890
Fountain Hills,AZ,33.611710,-111.717360
Fredonia,AZ,36.945540,-112.526590
Ganado,AZ,35.711400,-109.542050
Gila Bend,AZ,32.947820,-112.716830
Gilbert,AZ,33.352830,-111.789030
Glendale,AZ,33.538650,-112.185990
Globe,AZ,33.394220,-110.786500
Gold Camp,AZ,33.293670,-111.304290
Gold Canyon,AZ,33.371450,-111.436910
Golden Shores,AZ,34.781880,-114.477750
Golden Valley,AZ,35.223330,-114.223010
Goodyear,AZ,33.435320,-112.358210
Grand Canyon,AZ,36.054430,-112.139340
Grand Canyon Village,AZ,36.046370,-112.154060
Green Valley,AZ,31.854250,-110.993700
Guadalupe,AZ,33.370880,-111.962920
Heber-Overgaard,AZ,34.414140,-110.569560
Holbrook,AZ,34.902250,-110.158180
Houck,AZ,35.283080,-109.207040
Huachuca City,AZ,31.627870,-110.333970
Joseph City,AZ,34.955860,-110.334010
Kachina Village,AZ,35.096960,-111.692660
Kaibito,AZ,36.597220,-111.074310
Kayenta,AZ,36.727780,-110.254580
Kearny,AZ,33.057010,-110.910670
Kingman,AZ,35.189440,-114.053010
Lake Havasu City,AZ,34.483900,-114.322450
Lake Montezuma,AZ,34.632240,-111.777930
Lake of the Woods,AZ,34.163930,-109.989550
Laveen,AZ,33.362820,-112.169320
LeChee,AZ,35.032240,-110.752910
Linden,AZ,34.285040,-110.157060
Litchfield Park,AZ,33.493370,-112.357940
Lukachukai,AZ,36.416950,-109.228710
Mammoth,AZ,32.722570,-110.640650
Many Farms,AZ,36.352780,-109.617890
Marana,AZ,32.436740,-111.225380
Maricopa,AZ,33.058110,-112.047640
Maryvale,AZ,33.501990,-112.177650
Mayer,AZ,34.397810,-112.236270
Meadview,AZ,36.002210,-114.068290
Mesa,AZ,33.422270,-111.822640
Mescal,AZ,31.990080,-110.435350
Miami,AZ,33.399220,-110.868720
Mohave Valley,AZ,34.933060,-114.588850
Morenci,AZ,33.052000,-109.328000
Mountainaire,AZ,35.085290,-111.665990
Naco,AZ,31.335380,-109.948130
New Kingman-Butler,AZ,35.265040,-114.032260
New River,AZ,33.915870,-112.135990
Nogales,AZ,31.340380,-110.934250
North Fork,AZ,34.001670,-109.963550
Oracle,AZ,32.610910,-110.770930
Oro Valley,AZ,32.390910,-110.966490
Page,AZ,36.914720,-111.455830
Paradise Valley,AZ,33.531150,-111.942650
Parker,AZ,34.150020,-114.289120
Parks,AZ,35.260570,-111.948770
Paulden,AZ,34.885580,-112.468230
Payson,AZ,34.230870,-111.325140
Peach Springs,AZ,35.529160,-113.425490
Peoria,AZ,33.580600,-112.237380
Peridot,AZ,33.310340,-110.455380
Phoenix,AZ,33.448380,-112.074040
Picture Rocks,AZ,32.345910,-111.246210
Pima,AZ,32.896560,-109.828350
Pine,AZ,34.384470,-111.455140
Pinetop-Lakeside,AZ,34.142540,-109.960380
Pirtleville,AZ,31.357160,-109.563520
Prescott,AZ,34.540020,-112.468500
Prescott Valley,AZ,34.610020,-112.315720
Quartzsite,AZ,33.663910,-114.229950
Queen Creek,AZ,33.248660,-111.634300
Rio Rico,AZ,31.471480,-110.976480
Rio Verde,AZ,33.722540,-111.675690
Sacaton,AZ,33.076720,-111.739300
Saddlebrooke,AZ,32.539450,-110.900570
Safford,AZ,32.833950,-109.707580
Sahuarita,AZ,31.957580,-110.955650
Saint David,AZ,31.904250,-110.214240
Saint Johns,AZ,34.505870,-109.360930
Saint Michaels,AZ,35.644740,-109.095650
Salome,AZ,33.781140,-113.614650
San Carlos,AZ,33.345880,-111.850700
San Luis,AZ,32.487000,-114.782180
San Manuel,AZ,32.599790,-110.630930
San Tan Valley,AZ,33.191100,-111.528000
Scenic,AZ,36.793590,-114.012750
Scottsdale,AZ,33.509210,-111.899030
Sedona,AZ,34.869740,-111.760990
Sells,AZ,31.912020,-111.881230
Show Low,AZ,34.254210,-110.029830
Sierra Vista,AZ,31.554540,-110.303690
Sierra Vista Southeast,AZ,31.453850,-110.216370
Six Shooter Canyon,AZ,33.366780,-110.774600
Snowflake,AZ,34.513370,-110.078450
Somerton,AZ,32.596440,-114.709680
South Tucson,AZ,32.199520,-110.968420
Spring Valley,AZ,34.345030,-112.159050
Springerville,AZ,34.133550,-109.288340
Star Valley,AZ,34.255040,-111.258470
Summit,AZ,32.067020,-110.951480
Sun City,AZ,33.597540,-112.271820
Sun City West,AZ,33.661980,-112.341270
Sun Lakes,AZ,33.211160,-111.875420
Sun Valley,AZ,34.254200,-111.261250
Superior,AZ,33.293950,-111.096230
Surprise,AZ,33.630590,-112.333220
Swift Trail Junction,AZ,32.729790,-109.713970
Tanque Verde,AZ,32.251740,-110.737310
Taylor,AZ,34.465040,-110.091230
Tempe,AZ,33.414770,-111.909310
Tempe Junction,AZ,33.414210,-111.943480
Thatcher,AZ,32.849230,-109.759250
Three Points,AZ,32.076750,-111.313710
Tolleson,AZ,33.450040,-112.259320
Tombstone,AZ,31.712870,-110.067580
Tonto Basin,AZ,33.831710,-111.294570
Tortolita,AZ,32.410350,-111.017320
Tsaile,AZ,36.303300,-109.215660
Tuba City,AZ,36.134990,-111.239860
Tubac,AZ,31.612590,-111.045920
Tucson,AZ,32.221740,-110.926480
Tucson Estates,AZ,32.187580,-111.090930
Vail,AZ,32.047860,-110.712030
Valencia West,AZ,32.132380,-111.114140
Valle Vista,AZ,35.410880,-113.862710
Verde Village,AZ,34.710500,-112.011520
Village of Oak Creek (Big Park),AZ,34.780900,-111.762270
Wellton,AZ,32.672830,-114.146880
West Sedona,AZ,34.867240,-111.805430
Whetstone,AZ,31.692510,-110.350130
White Mountain Lake,AZ,34.348650,-109.997890
Whiteriver,AZ,33.836990,-109.964270
Wickenburg,AZ,33.968640,-112.729620
Willcox,AZ,32.252850,-109.832010
Williams,AZ,35.249460,-112.191000
Williamson,AZ,34.690020,-112.541010
Willow Valley,AZ,34.911950,-114.606630
Window Rock,AZ,35.680570,-109.052590
Winslow,AZ,35.024190,-110.697360
Youngtown,AZ,33.593930,-112.302940
Yuma,AZ,32.725320,-114.624400
Acalanes Ridge,CA,37.904720,-122.078570
Acton,CA,34.469990,-118.196740
Adelanto,CA,34.582770,-117.409220
Agoura,CA,34.143060,-118.737870
Agoura Hills,CA,34.136390,-118.774530
Agua Caliente,CA,38.324080,-122.488040
Agua Dulce,CA,34.496380,-118.325630
Aguanga,CA,33.442810,-116.865020
Ahwahnee,CA,37.365500,-119.726270
Alameda,CA,37.770990,-122.260870
Alamo,CA,37.850200,-122.032180
Albany,CA,37.886870,-122.297750
Alhambra,CA,34.095290,-118.127010
Aliso Viejo,CA,33.565040,-117.727120
Allendale,CA,38.444630,-121.943020
Alondra Park,CA,33.889460,-118.330910
Alpaugh,CA,35.887730,-119.487340
Alpine,CA,32.835050,-116.766410
Alta Sierra,CA,35.731260,-118.553900
Altadena,CA,34.189730,-118.131180
Alturas,CA,41.487140,-120.543490
Alum Rock,CA,37.366050,-121.827180
American Canyon,CA,38.174920,-122.260800
Amesti,CA,36.963560,-121.779120
Anaheim,CA,33.835290,-117.914500
Anderson,CA,40.448210,-122.297780
Angels Camp,CA,38.068260,-120.539650
Angwin,CA,38.575740,-122.449980
Antelope,CA,38.708240,-121.329950
Antioch,CA,38.004920,-121.805790
Anza,CA,33.555030,-116.673630
Apple Valley,CA,34.500830,-117.185880
Aptos,CA,36.977170,-121.899400
Aptos Hills-Larkin Valley,CA,36.960640,-121.834040
Arbuckle,CA,39.017400,-122.057750
Arcadia,CA,34.139730,-118.035340
Arcata,CA,40.866520,-124.082840
Arden-Arcade,CA,38.602500,-121.378540
Armona,CA,36.315780,-119.708460
Arnold,CA,38.255470,-120.351030
Aromas,CA,36.888560,-121.643000
Arroyo Grande,CA,35.118590,-120.590730
Artesia,CA,33.865850,-118.083120
Arvin,CA,35.209130,-118.828430
Ashland,CA,37.694650,-122.113850
Atascadero,CA,35.489420,-120.670730
Atherton,CA,37.461330,-122.197740
Atwater,CA,37.347720,-120.609080
Atwater Village,CA,34.116400,-118.256460
Auberry,CA,37.080780,-119.485410
Auburn,CA,38.896570,-121.076890
Auburn Lake Trails,CA,38.914340,-120.952440
August,CA,37.978810,-121.262170
Avalon,CA,33.342810,-118.327850
Avenal,CA,36.004120,-120.129030
Avila Beach,CA,35.179980,-120.731840
Avocado Heights,CA,34.036120,-117.991180
Azusa,CA,34.133620,-117.907560
Bakersfield,CA,35.373290,-119.018710
Baldwin Park,CA,34.085290,-117.960900
Banning,CA,33.925570,-116.876410
Barstow,CA,34.898590,-117.022820
Barstow Heights,CA,34.869710,-117.056150
Bay Point,CA,38.029090,-121.961630
Bayside,CA,40.842350,-124.063670
Bayview,CA,40.772630,-124.183950
Bayview-Hunters Point,CA,37.728550,-122.381070
Beale Air Force Base,CA,39.109170,-121.354440
Bear Valley Springs,CA,35.159130,-118.628420
Beaumont,CA,33.929460,-116.977250
Bel Air,CA,34.083340,-118.448690
Bell,CA,33.977510,-118.187020
Bell Gardens,CA,33.965290,-118.151460
Bella Vista,CA,40.640710,-122.232500
Bellflower,CA,33.881680,-118.117010
Belmont,CA,37.520210,-122.275800
Belvedere,CA,37.872700,-122.464420
Ben Lomond,CA,37.089110,-122.086350
Benicia,CA,38.049370,-122.158580
Berkeley,CA,37.871590,-122.272750
Bermuda Dunes,CA,33.742800,-116.289180
Berry Creek,CA,39.645160,-121.403300
Bertsch-Oceanview,CA,41.752500,-124.158750
Bethel Island,CA,38.014920,-121.640510
Beverly Hills,CA,34.073620,-118.400360
Big Bear City,CA,34.261120,-116.845030
Big Bear Lake,CA,34.243900,-116.911420
Big Pine,CA,37.164930,-118.289550
Big River,CA,34.140020,-114.361340
Biggs,CA,39.412390,-121.712750
Biola,CA,36.802170,-120.016270
Bishop,CA,37.363540,-118.395110
Black Point-Green Point,CA,38.115470,-122.513180
Blackhawk,CA,37.820760,-121.907740
Bloomington,CA,34.070290,-117.395880
Blue Lake,CA,40.882910,-123.983950
Blythe,CA,33.610300,-114.596350
Bodega Bay,CA,38.333250,-123.048060
Bodfish,CA,35.588010,-118.492030
Bolinas,CA,37.909370,-122.686370
Bonadelle Ranchos-Madera Ranchos,CA,36.984670,-119.874630
Bonita,CA,32.657830,-117.030030
Bonny Doon,CA,37.041620,-122.150520
Bonsall,CA,33.288920,-117.225590
Boonville,CA,39.009070,-123.366120
Boron,CA,34.999420,-117.649780
Boronda,CA,36.698850,-121.674950
Borrego Springs,CA,33.255870,-116.375010
Bostonia,CA,32.807550,-116.936420
Boulder Creek,CA,37.126060,-122.122190
Boyes Hot Springs,CA,38.313800,-122.481930
Boyle Heights,CA,34.033900,-118.205350
Bradbury,CA,34.146950,-117.970900
Brawley,CA,32.978660,-115.530270
Brea,CA,33.916680,-117.900060
Brentwood,CA,37.931870,-121.695790
Bret Harte,CA,37.602070,-121.005190
Bridgeport,CA,38.255750,-119.231270
Brisbane,CA,37.680770,-122.399970
Broadmoor,CA,37.686600,-122.482750
Brookdale,CA,37.106340,-122.106080
Brooktrails,CA,39.443770,-123.385290
Buckhorn,CA,38.452160,-120.528540
Buellton,CA,34.613600,-120.192650
Buena Park,CA,33.867510,-117.998120
Buena Vista,CA,37.321330,-121.916620
Burbank,CA,34.180840,-118.308970
Burlingame,CA,37.584100,-122.366080
Burney,CA,40.882380,-121.660820
Buttonwillow,CA,35.400520,-119.469560
Byron,CA,37.867150,-121.638010
Bystrom,CA,37.620760,-120.985770
Cabazon,CA,33.917520,-116.787240
Calabasas,CA,34.157780,-118.638420
Calexico,CA,32.678950,-115.498880
California City,CA,35.125800,-117.985900
Calimesa,CA,34.003900,-117.061980
Calipatria,CA,33.125600,-115.514150
Calistoga,CA,38.578800,-122.579710
Callender,CA,35.053030,-120.596280
Camarillo,CA,34.216390,-119.037600
Cambria,CA,35.564140,-121.080750
Cambrian Park,CA,37.256890,-121.930790
Cameron Park,CA,38.668790,-120.987160
Camino,CA,38.738240,-120.674930
Camp Meeker,CA,38.425190,-122.959440
Camp Pendleton North,CA,33.314650,-117.316030
Camp Pendleton South,CA,33.228440,-117.379290
Campbell,CA,37.287170,-121.949960
Campo,CA,32.606450,-116.468910
Canoga Park,CA,34.201120,-118.598140
Canyon Country,CA,34.423330,-118.472030
Canyon Lake,CA,33.685020,-117.273090
Capitola,CA,36.975230,-121.953290
Carlsbad,CA,33.158090,-117.350590
Carmel Valley Village,CA,36.506050,-121.765940
Carmel-by-the-Sea,CA,36.555240,-121.923290
Carmichael,CA,38.617130,-121.328280
Carpinteria,CA,34.398880,-119.518460
Carson,CA,33.831410,-118.282020
Caruthers,CA,36.542730,-119.833200
Casa Conejo,CA,34.183620,-118.943430
Casa de Oro-Mount Helix,CA,32.763970,-116.968770
Castaic,CA,34.488880,-118.622870
Castro Valley,CA,37.694100,-122.086350
Castroville,CA,36.765790,-121.758000
Cathedral City,CA,33.779740,-116.465290
Cayucos,CA,35.442750,-120.892130
Cedar Ridge,CA,38.065760,-120.276860
Central Valley (historical),CA,40.680430,-122.371120
Century City,CA,34.055570,-118.417860
Ceres,CA,37.594930,-120.957710
Cerritos,CA,33.858350,-118.064790
Challenge-Brownsville,CA,39.464470,-121.263380
Channel Islands Beach,CA,34.158060,-119.223160
Charter Oak,CA,34.103060,-117.845890
Chatsworth,CA,34.257230,-118.601200
Cherry Valley,CA,33.972520,-116.977250
Cherryland,CA,37.679380,-122.103300
Chester,CA,40.306270,-121.231910
Chico,CA,39.728490,-121.837480
China Lake Acres,CA,35.640510,-117.763950
Chinatown,CA,37.796600,-122.408580
Chino,CA,34.012230,-117.688940
Chino Hills,CA,33.993800,-117.758880
Chowchilla,CA,37.123000,-120.260180
Chualar,CA,36.570520,-121.518550
Chula Vista,CA,32.640050,-117.084200
Citrus,CA,34.115010,-117.891730
Citrus Heights,CA,38.707120,-121.281060
Claremont,CA,34.096680,-117.719780
Clay,CA,38.336020,-121.159390
Clayton,CA,37.941030,-121.935790
Clear Lake Riviera,CA,38.954060,-122.720820
Clearlake,CA,38.958230,-122.626370
Clearlake Oaks,CA,39.026280,-122.671930
Cloverdale,CA,38.805460,-123.017220
Clovis,CA,36.825230,-119.702920
Coachella,CA,33.680300,-116.173890
Coalinga,CA,36.139680,-120.360150
Coarsegold,CA,37.262170,-119.700980
Cobb,CA,38.822130,-122.723050
Colfax,CA,39.100730,-120.953280
Collierville,CA,38.214640,-121.268840
Colma,CA,37.676880,-122.459690
Colton,CA,34.073900,-117.313650
Columbia,CA,38.036310,-120.401310
Colusa,CA,39.214330,-122.009420
Commerce,CA,34.000570,-118.159790
Communications Hill,CA,37.289000,-121.855100
Compton,CA,33.895850,-118.220070
Concord,CA,37.977980,-122.031070
Contra Costa Centre,CA,37.927520,-122.057860
Cool,CA,38.887220,-121.014720
Copperopolis,CA,37.981040,-120.641870
Corcoran,CA,36.098010,-119.560400
Corning,CA,39.927660,-122.179160
Corona,CA,33.875290,-117.566440
Coronado,CA,32.685890,-117.183090
Corralitos,CA,36.988560,-121.806340
Corte Madera,CA,37.925480,-122.527480
Costa Mesa,CA,33.641130,-117.918670
Cotati,CA,38.326860,-122.707210
Coto De Caza,CA,33.604190,-117.586990
Cottonwood,CA,38.658240,-121.971080
Country Club,CA,37.968810,-121.340780
Covelo,CA,39.793270,-123.249220
Covina,CA,34.090010,-117.890340
Crescent City,CA,41.755950,-124.201750
Crest,CA,32.807270,-116.868080
Crestline,CA,34.241950,-117.285600
Crockett,CA,38.052420,-122.213020
Cudahy,CA,33.960570,-118.185350
Culver City,CA,34.021120,-118.396470
Cupertino,CA,37.323000,-122.032180
Cutler,CA,36.523280,-119.286780
Cutten,CA,40.769850,-124.142840
Cypress,CA,33.816960,-118.037290
Cypress Village,CA,33.687870,-117.759160
Daly City,CA,37.705770,-122.461920
Dana Point,CA,33.466970,-117.698110
Danville,CA,37.821590,-121.999960
Davis,CA,38.544910,-121.740520
Day Valley,CA,37.035780,-121.862460
Death Valley,CA,36.239620,-116.811330
Deer Park,CA,38.681850,-120.823270
Del Aire,CA,33.916130,-118.369520
Del Mar,CA,32.959490,-117.265310
Del Monte Forest,CA,36.586350,-121.947460
Del Rey,CA,36.659120,-119.593740
Del Rey Oaks,CA,36.593290,-121.834950
Del Rio,CA,37.743540,-121.011880
Delano,CA,35.768840,-119.247050
Delhi,CA,37.432160,-120.778540
Denair,CA,37.526320,-120.796870
Descanso,CA,32.852830,-116.615850
Desert Edge,CA,33.924170,-116.441390
Desert Hot Springs,CA,33.961730,-116.503530
Desert Shores,CA,33.404200,-116.039720
Desert View Highlands,CA,34.590820,-118.152570
Diablo,CA,37.834930,-121.958010
Diamond Bar,CA,34.028620,-117.810340
Diamond Springs,CA,38.694630,-120.814940
Dinuba,CA,36.543280,-119.387070
Discovery Bay,CA,37.908540,-121.600230
Dixon,CA,38.445460,-121.823300
Dixon Lane-Meadow Creek,CA,37.386390,-118.415270
Dogtown,CA,38.213810,-121.088550
Dollar Point,CA,39.187960,-120.099910
Dos Palos,CA,36.986060,-120.626570
Downey,CA,33.940010,-118.132570
Downieville,CA,39.559340,-120.826890
Duarte,CA,34.139450,-117.977290
Dublin,CA,37.702150,-121.935790
Dunnigan,CA,38.885180,-121.969690
Dunsmuir,CA,41.208210,-122.271950
Durham,CA,39.646270,-121.799980
Earlimart,CA,35.884120,-119.272330
East Foothills,CA,37.381050,-121.817450
East Hemet,CA,33.740020,-116.938910
East La Mirada,CA,33.924460,-117.988950
East Los Angeles,CA,34.023900,-118.172020
East Oakdale,CA,37.787980,-120.803820
East Palo Alto,CA,37.468830,-122.141080
East Pasadena,CA,34.138140,-118.073840
East Porterville,CA,36.057450,-118.975660
East Quincy,CA,39.934060,-120.898010
East Rancho Dominguez,CA,33.898070,-118.195350
East Richmond Heights,CA,37.944920,-122.313580
East San Gabriel,CA,34.113000,-118.085000
East Sonora,CA,37.977700,-120.361300
Easton,CA,36.650230,-119.790700
Eastvale,CA,33.963580,-117.564180
Echo Park,CA,34.078080,-118.260660
Edwards Air Force Base,CA,34.916370,-117.935350
El Cajon,CA,32.794770,-116.962530
El Camino Real,CA,33.696620,-117.776680
El Centro,CA,32.792000,-115.563050
El Cerrito,CA,37.915760,-122.311640
El Cerrito Corona,CA,33.840570,-117.522830
El Dorado Hills,CA,38.685740,-121.082170
El Granada,CA,37.502720,-122.469420
El Monte,CA,34.068620,-118.027570
El Rio,CA,34.235780,-119.163830
El Segundo,CA,33.919180,-118.416470
El Sobrante,CA,37.977150,-122.295250
El Verano,CA,38.297690,-122.491650
Eldridge,CA,38.348800,-122.510810
Elk Grove,CA,38.408800,-121.371620
Elkhorn,CA,36.824400,-121.740500
Elverta,CA,38.713790,-121.462730
Emerald Lake Hills,CA,37.464660,-122.268020
Emeryville,CA,37.831320,-122.285250
Empire,CA,37.638260,-120.902150
Encinitas,CA,33.036990,-117.291980
Encino,CA,34.159170,-118.501190
Escalon,CA,37.797810,-120.997920
Escondido,CA,33.119210,-117.086420
Esparto,CA,38.692130,-122.017190
Eucalyptus Hills,CA,32.879770,-116.946690
Eureka,CA,40.802070,-124.163670
Exeter,CA,36.296060,-119.142050
Fair Oaks,CA,38.644630,-121.272170
Fairbanks Ranch,CA,32.993930,-117.187260
Fairfax,CA,37.987150,-122.588870
Fairfield,CA,38.249360,-122.039970
Fairmead,CA,37.076330,-120.192950
Fairview,CA,37.678540,-122.045800
Fallbrook,CA,33.376420,-117.251150
Farmersville,CA,36.297730,-119.206780
Felton,CA,37.051340,-122.073300
Ferndale,CA,40.576240,-124.263940
Fetters Hot Springs-Agua Caliente,CA,38.321400,-122.486820
Fillmore,CA,34.399160,-118.918150
Firebaugh,CA,36.858840,-120.456010
Florence-Graham,CA,33.967720,-118.244380
Florin,CA,38.496020,-121.408840
Folsom,CA,38.677960,-121.176060
Fontana,CA,34.092230,-117.435050
Foothill Farms,CA,38.678770,-121.351140
Foothill Ranch,CA,33.686410,-117.660880
Ford City,CA,35.154410,-119.456230
Forest Meadows,CA,38.168510,-120.406590
Forest Ranch,CA,39.882110,-121.672750
Foresthill,CA,39.020180,-120.817990
Forestville,CA,38.473520,-122.890270
Fort Bragg,CA,39.445720,-123.805290
Fort Dick,CA,41.867890,-124.148970
Fort Irwin,CA,35.262750,-116.684750
Fortuna,CA,40.598190,-124.157280
Foster City,CA,37.558550,-122.271080
Fountain Valley,CA,33.709180,-117.953670
Fowler,CA,36.630510,-119.678470
Frazier Park,CA,34.822760,-118.944820
Freedom,CA,36.935230,-121.773010
Fremont,CA,37.548270,-121.988570
French Camp,CA,37.884090,-121.271060
Fresno,CA,36.747730,-119.772370
Fruitridge Pocket,CA,38.532650,-121.455810
Fullerton,CA,33.870290,-117.925340
Galt,CA,38.254640,-121.299950
Garden Acres,CA,37.963810,-121.229390
Garden Grove,CA,33.773910,-117.941450
Gardena,CA,33.888350,-118.308960
Garnet,CA,33.927000,-116.477000
Georgetown,CA,38.906840,-120.838550
Gerber,CA,40.056270,-122.150270
Gilroy,CA,37.005780,-121.568280
Glen Avon,CA,34.011680,-117.484770
Glendale,CA,34.142510,-118.255080
Glendora,CA,34.136120,-117.865340
Gold River,CA,38.626290,-121.246620
Golden Hills,CA,35.142470,-118.490360
Goleta,CA,34.435830,-119.827640
Gonzales,CA,36.506630,-121.444380
Good Hope,CA,33.764740,-117.266980
Goshen,CA,36.351060,-119.420120
Grand Terrace,CA,34.033900,-117.313650
Granite Bay,CA,38.763230,-121.163840
Granite Hills,CA,32.803110,-116.904750
Grass Valley,CA,39.219060,-121.061060
Graton,CA,38.436300,-122.869720
Green Acres,CA,33.738080,-117.076420
Green Valley,CA,38.252970,-122.162190
Greenacres,CA,35.383290,-119.109830
Greenfield,CA,36.320800,-121.243810
Greenville,CA,40.139610,-120.951070
Gridley,CA,39.363780,-121.693580
Grover Beach,CA,35.121640,-120.621280
Guadalupe,CA,34.971640,-120.571840
Guerneville,CA,38.501860,-122.996110
Gustine,CA,37.257720,-120.998820
Hacienda Heights,CA,33.993070,-117.968680
Half Moon Bay,CA,37.463550,-122.428590
Hamilton City,CA,39.742660,-122.013590
Hanford,CA,36.327450,-119.645680
Happy Camp,CA,41.792750,-123.380800
Harbison Canyon,CA,32.820330,-116.830020
Hartley,CA,38.417130,-121.946910
Hawaiian Gardens,CA,33.831400,-118.072840
Hawthorne,CA,33.916400,-118.352570
Hayfork,CA,40.554310,-123.183080
Hayward,CA,37.668820,-122.080800
Healdsburg,CA,38.610470,-122.869160
Heber,CA,32.730890,-115.529720
Hemet,CA,33.747610,-116.973070
Herald,CA,38.295750,-121.244390
Hercules,CA,38.017140,-122.288580
Hermosa Beach,CA,33.862240,-118.399520
Hesperia,CA,34.426390,-117.300880
Hidden Hills,CA,34.160280,-118.652310
Hidden Meadows,CA,33.225310,-117.112530
Hidden Valley Lake,CA,38.807960,-122.558320
Highgrove,CA,34.015850,-117.333380
Highland,CA,34.128340,-117.208650
Highlands-Baywood Park,CA,37.522720,-122.345060
Hillsborough,CA,37.574100,-122.379420
Hilmar-Irwin,CA,37.404540,-120.850420
Hollister,CA,36.852450,-121.401600
Hollywood,CA,34.098340,-118.326740
Holtville,CA,32.811160,-115.380260
Home Garden,CA,36.303280,-119.636240
Home Gardens,CA,33.878070,-117.520880
Homeland,CA,33.743080,-117.109200
Hughson,CA,37.596880,-120.866040
Humboldt Hill,CA,40.725960,-124.189780
Huntington Beach,CA,33.660300,-117.999230
Huntington Park,CA,33.981680,-118.225070
Huron,CA,36.202730,-120.102920
Hydesville,CA,40.547630,-124.097270
Idyllwild,CA,33.740020,-116.718910
Idyllwild-Pine Cove,CA,33.744290,-116.725870
Imperial,CA,32.847550,-115.569440
Imperial Beach,CA,32.583940,-117.113080
Indian Wells,CA,33.717910,-116.343110
Indio,CA,33.720700,-116.216770
Inglewood,CA,33.961680,-118.353130
Interlaken,CA,36.951340,-121.733840
Inverness,CA,38.101030,-122.856940
Inyokern,CA,35.646900,-117.812570
Ione,CA,38.352690,-120.932720
Irvine,CA,33.669460,-117.823110
Irvine Health and Science Complex,CA,33.658030,-117.765250
Irwindale,CA,34.106950,-117.935340
Isla Vista,CA,34.413330,-119.860970
Ivanhoe,CA,36.387170,-119.217890
Jackson,CA,38.348800,-120.774100
Jamestown,CA,37.953260,-120.422700
Jamul,CA,32.717000,-116.876130
Janesville,CA,40.296560,-120.524110
Johnstonville,CA,40.384340,-120.587450
Joshua Tree,CA,34.134730,-116.313070
Julian,CA,33.078660,-116.601960
Jurupa Valley,CA,33.992510,-117.516440
Kelseyville,CA,38.977950,-122.839440
Kennedy,CA,37.929920,-121.252720
Kensington,CA,37.910480,-122.280250
Kentfield,CA,37.952150,-122.557200
Kenwood,CA,38.413800,-122.546090
Kerman,CA,36.723560,-120.059880
Kernville,CA,35.754670,-118.425360
Kettleman City,CA,36.008290,-119.961800
Keyes,CA,37.556600,-120.915490
King City,CA,36.212740,-121.126030
Kings Beach,CA,39.237680,-120.026580
Kingsburg,CA,36.513840,-119.554020
Knightsen,CA,37.968810,-121.668010
Koreatown,CA,34.057790,-118.300910
La Cañada Flintridge,CA,34.199170,-118.187850
La Crescenta-Montrose,CA,34.232160,-118.235290
La Habra,CA,33.931960,-117.946170
La Habra Heights,CA,33.960850,-117.950620
La Jolla,CA,32.847270,-117.274200
La Mesa,CA,32.767830,-117.023080
La Mirada,CA,33.917240,-118.012010
La Palma,CA,33.846400,-118.046730
La Presa,CA,32.708110,-116.997250
La Puente,CA,34.020010,-117.949510
La Quinta,CA,33.663360,-116.310010
La Riviera,CA,38.566850,-121.356900
La Selva Beach,CA,36.936620,-121.864680
La Verne,CA,34.100840,-117.767840
Ladera,CA,37.399940,-122.198300
Ladera Heights,CA,33.994180,-118.375350
Ladera Ranch,CA,33.570860,-117.635610
Lafayette,CA,37.885760,-122.118020
Laguna,CA,38.421020,-121.423840
Laguna Beach,CA,33.542250,-117.783110
Laguna Hills,CA,33.612520,-117.712830
Laguna Niguel,CA,33.522530,-117.707550
Laguna Woods,CA,33.610300,-117.725330
Lagunitas-Forest Knolls,CA,38.017930,-122.691240
Lake Arrowhead,CA,34.248340,-117.189210
Lake Elsinore,CA,33.668080,-117.327260
Lake Forest,CA,33.646970,-117.689220
Lake Isabella,CA,35.618010,-118.473140
Lake Los Angeles,CA,34.612490,-117.828120
Lake Nacimiento,CA,35.728300,-120.879630
Lake of the Pines,CA,39.039620,-121.056610
Lake San Marcos,CA,33.126150,-117.208370
Lake Wildwood,CA,39.232950,-121.200510
Lakeland Village,CA,33.638630,-117.343930
Lakeport,CA,39.042950,-122.915830
Lakeside,CA,32.857270,-116.922250
Lakeview,CA,33.838630,-117.118090
Lakewood,CA,33.853630,-118.133960
Lamont,CA,35.259680,-118.914270
Lancaster,CA,34.698040,-118.136740
Larchmont,CA,34.079740,-118.317580
Larkfield-Wikiup,CA,38.513420,-122.750940
Larkspur,CA,37.934090,-122.535250
Las Flores,CA,34.037230,-118.635920
Las Lomas,CA,36.865230,-121.734950
Lathrop,CA,37.822700,-121.276610
Laton,CA,36.433280,-119.686800
Lawndale,CA,33.887240,-118.352570
Laytonville,CA,39.688210,-123.482790
Le Grand,CA,37.228550,-120.248230
Lebec,CA,34.841640,-118.864820
Lemon Grove,CA,32.742550,-117.031420
Lemoore,CA,36.300780,-119.782910
Lemoore Station,CA,36.263260,-119.904760
Lennox,CA,33.938070,-118.352580
Lenwood,CA,34.876650,-117.103930
Leona Valley,CA,34.618320,-118.288130
Lewiston,CA,40.707370,-122.807520
Lexington Hills,CA,37.164670,-121.973010
Lincoln,CA,38.891560,-121.293010
Lincoln Village,CA,38.005200,-121.328280
Linda,CA,39.127670,-121.550800
Linden,CA,38.021310,-121.083830
Lindsay,CA,36.203010,-119.088160
Littlerock,CA,34.521100,-117.983680
Live Oak,CA,36.983560,-121.980520
Livermore,CA,37.681870,-121.768010
Livingston,CA,37.386880,-120.723530
Lockeford,CA,38.163530,-121.149940
Lodi,CA,38.130200,-121.272450
Loma Linda,CA,34.048350,-117.261150
Loma Rica,CA,39.311830,-121.417740
Lomita,CA,33.792240,-118.315070
Lompico,CA,37.105500,-122.052740
Lompoc,CA,34.639150,-120.457940
London,CA,36.476060,-119.443180
Lone Pine,CA,36.606260,-118.064620
Long Beach,CA,33.766960,-118.189230
Longwood - Winton Grove,CA,37.659340,-122.109260
Loomis,CA,38.821290,-121.193000
Los Alamitos,CA,33.803070,-118.072560
Los Alamos,CA,34.744430,-120.278210
Los Altos,CA,37.385220,-122.114130
Los Altos Hills,CA,37.379660,-122.137460
Los Angeles,CA,34.052230,-118.243680
Los Banos,CA,37.058280,-120.849920
Los Gatos,CA,37.226610,-121.974680
Los Molinos,CA,40.021270,-122.100270
Los Olivos,CA,34.667760,-120.114870
Los Osos,CA,35.311090,-120.832400
Los Serranos,CA,33.972790,-117.708110
Lost Hills,CA,35.616350,-119.694290
Lower Lake,CA,38.910450,-122.610260
Loyola,CA,37.351330,-122.100520
Lucas Valley-Marinwood,CA,38.040110,-122.575500
Lucerne,CA,36.380780,-119.664300
Lucerne Valley,CA,34.443890,-116.967810
Lynwood,CA,33.930290,-118.211460
Madera,CA,36.961340,-120.060720
Madera Acres,CA,37.019110,-120.066830
Magalia,CA,39.812110,-121.578310
Malibu,CA,34.025770,-118.780400
Mammoth Lakes,CA,37.648550,-118.972080
Manhattan Beach,CA,33.884740,-118.410910
Manteca,CA,37.797430,-121.216050
March Air Force Base,CA,33.892090,-117.263100
Maricopa,CA,35.058860,-119.400950
Marin City,CA,37.868540,-122.509140
Marina,CA,36.684400,-121.802170
Marina del Rey,CA,33.981620,-118.453710
Mariposa,CA,37.484940,-119.966280
Martinez,CA,38.019370,-122.134130
Marysville,CA,39.145730,-121.591350
Matheny,CA,36.170660,-119.351580
Maxwell,CA,39.276280,-122.191370
Mayflower Village,CA,34.115010,-118.009790
Maywood,CA,33.986680,-118.185350
McCloud,CA,41.255710,-122.139450
McFarland,CA,35.678010,-119.229270
McKinleyville,CA,40.946520,-124.100620
Mead Valley,CA,33.833350,-117.296150
Meadow Vista,CA,39.001010,-121.021890
Meadowbrook,CA,33.725780,-117.285090
Mecca,CA,33.572190,-116.078200
Meiners Oaks,CA,34.446940,-119.279280
Mendota,CA,36.753560,-120.381560
Menifee,CA,33.728350,-117.146420
Menlo Park,CA,37.453830,-122.182190
Mentone,CA,34.070010,-117.134480
Merced,CA,37.302160,-120.482970
Mesa Verde,CA,33.605860,-114.731070
Mid-City,CA,34.041260,-118.360580
Middletown,CA,38.752400,-122.614990
Midpines,CA,37.544380,-119.920450
Midway City,CA,33.744740,-117.989230
Mill Valley,CA,37.906040,-122.544980
Millbrae,CA,37.598550,-122.387190
Milpitas,CA,37.428270,-121.906620
Minkler,CA,36.723840,-119.458180
Mira Mesa,CA,32.915600,-117.143920
Mira Monte,CA,34.433610,-119.285110
Mission Canyon,CA,34.450830,-119.712910
Mission District,CA,37.759930,-122.419140
Mission Hills,CA,34.686090,-120.436830
Mission Viejo,CA,33.600020,-117.672000
Modesto,CA,37.639100,-120.996880
Mojave,CA,35.052470,-118.173960
Mono Vista,CA,37.997700,-120.269910
Monrovia,CA,34.148060,-117.998950
Montague,CA,41.728200,-122.527800
Montalvin,CA,37.995480,-122.332750
Montara,CA,37.542160,-122.516090
Montclair,CA,34.077510,-117.689780
Monte Rio,CA,38.465470,-123.008890
Monte Sereno,CA,37.236330,-121.992460
Montebello,CA,34.009460,-118.105350
Montecito,CA,34.436660,-119.632080
Monterey,CA,36.600240,-121.894680
Monterey Park,CA,34.062510,-118.122850
Monument Hills,CA,38.664290,-121.875660
Moorpark,CA,34.285560,-118.882040
Morada,CA,38.038530,-121.245780
Moraga,CA,37.834930,-122.129690
Moreno Valley,CA,33.937520,-117.230590
Morgan Hill,CA,37.130500,-121.654390
Morongo Valley,CA,34.046950,-116.580850
Morro Bay,CA,35.365810,-120.849900
Moss Beach,CA,37.527440,-122.513310
Mount Hermon,CA,37.051060,-122.058570
Mount Shasta,CA,41.310240,-122.312250
Mountain House,CA,37.783260,-121.542730
Mountain Ranch,CA,38.228250,-120.540760
Mountain View,CA,37.386050,-122.083850
Mountain View Acres,CA,34.496660,-117.348940
Murphys,CA,38.137620,-120.461050
Murrieta,CA,33.553910,-117.213920
Murrieta Hot Springs,CA,33.560580,-117.158090
Muscoy,CA,34.154180,-117.344210
Myrtletown,CA,40.788740,-124.130340
Napa,CA,38.297140,-122.285530
National City,CA,32.678110,-117.099200
Needles,CA,34.848060,-114.614130
Nevada City,CA,39.261730,-121.017790
Newark,CA,37.529660,-122.040240
Newcastle,CA,38.874070,-121.133280
Newman,CA,37.313830,-121.020760
Newport Beach,CA,33.618910,-117.928950
Nice,CA,39.123230,-122.848330
Niland,CA,33.240040,-115.518880
Nipomo,CA,35.042750,-120.476000
Noe Valley,CA,37.750180,-122.433690
Norco,CA,33.931130,-117.548660
North Auburn,CA,38.931290,-121.081890
North Edwards,CA,35.016640,-117.832840
North El Monte,CA,34.102790,-118.024230
North Fair Oaks,CA,37.474380,-122.196630
North Highlands,CA,38.685740,-121.372170
North Hills,CA,34.236390,-118.484720
North Hollywood,CA,34.172230,-118.378970
North Lakeport,CA,39.088310,-122.905380
North Richmond,CA,37.958810,-122.367470
North Tustin,CA,33.764460,-117.793940
Northridge,CA,34.228340,-118.536750
Northwood,CA,33.713720,-117.760910
Norwalk,CA,33.902240,-118.081730
Novato,CA,38.107420,-122.569700
Nuevo,CA,33.801410,-117.145870
Oak Creek,CA,33.673980,-117.771230
Oak Hills,CA,34.383130,-117.381350
Oak Park,CA,34.179170,-118.762870
Oak View,CA,34.400000,-119.300110
Oakdale,CA,37.766590,-120.847150
Oakhurst,CA,37.328000,-119.649320
Oakland,CA,37.804370,-122.270800
Oakley,CA,37.997420,-121.712450
Oasis,CA,33.465860,-116.098890
Occidental,CA,38.407410,-122.948330
Oceano,CA,35.098860,-120.612390
Oceanside,CA,33.195870,-117.379480
Oildale,CA,35.419680,-119.019550
Ojai,CA,34.448050,-119.242890
Old Fig Garden,CA,36.798850,-119.805150
Olivehurst,CA,39.095450,-121.552190
Ontario,CA,34.063340,-117.650890
Orange,CA,33.787790,-117.853110
Orange Cove,CA,36.624390,-119.313730
Orangevale,CA,38.678510,-121.225780
Orcutt,CA,34.865260,-120.436000
Orinda,CA,37.877150,-122.179690
Orland,CA,39.747380,-122.196370
Orosi,CA,36.544950,-119.287340
Oroville,CA,39.513940,-121.557760
Oroville East,CA,39.511260,-121.475190
Oxnard,CA,34.197500,-119.177050
Pacheco,CA,37.983530,-122.075240
Pacific Grove,CA,36.617740,-121.916620
Pacific Palisades,CA,34.048060,-118.526470
Pacifica,CA,37.613830,-122.486920
Pajaro,CA,36.904120,-121.748560
Palermo,CA,39.435440,-121.538020
Palm Desert,CA,33.722550,-116.376970
Palm Springs,CA,33.830300,-116.545290
Palmdale,CA,34.579430,-118.116460
Palo Alto,CA,37.441880,-122.143020
Palo Cedro,CA,40.563760,-122.238890
Palos Verdes Estates,CA,33.801050,-118.392450
Paradise,CA,39.759610,-121.621920
Paramount,CA,33.889460,-118.159790
Parksdale,CA,36.947170,-120.022940
Parkside,CA,37.741970,-122.486300
Parkway,CA,38.496020,-121.458840
Parkwood,CA,36.926890,-120.044610
Parlier,CA,36.611620,-119.527070
Pasadena,CA,34.147780,-118.144520
Pasatiempo,CA,37.004390,-122.025800
Paso Robles,CA,35.626640,-120.691000
Patterson,CA,37.471600,-121.129660
Patterson Tract,CA,36.379520,-119.295600
Pedley,CA,33.975290,-117.475880
Penn Valley,CA,39.196000,-121.191070
Penngrove,CA,38.299640,-122.666650
Perris,CA,33.782520,-117.228650
Petaluma,CA,38.232420,-122.636650
Phelan,CA,34.426110,-117.572280
Phoenix Lake,CA,38.005940,-120.307020
Pico Rivera,CA,33.983070,-118.096730
Piedmont,CA,37.824370,-122.231630
Pine Grove,CA,38.412970,-120.658820
Pine Hills,CA,40.733180,-124.152280
Pine Mountain Club,CA,34.846370,-119.149550
Pine Valley,CA,32.821440,-116.529180
Pinole,CA,38.004370,-122.298860
Pioneer,CA,38.431860,-120.571870
Piru,CA,34.415270,-118.793980
Pismo Beach,CA,35.142750,-120.641280
Pittsburg,CA,38.027980,-121.884680
Pixley,CA,35.968560,-119.291780
Piñon Hills,CA,34.433330,-117.646720
Placentia,CA,33.872240,-117.870340
Placerville,CA,38.729630,-120.798550
Planada,CA,37.290770,-120.318520
Pleasant Hill,CA,37.947980,-122.060800
Pleasanton,CA,37.662430,-121.874680
Plumas Lake,CA,39.020730,-121.558020
Pollock Pines,CA,38.761580,-120.586110
Pomona,CA,34.055290,-117.752280
Poplar-Cotton Center,CA,36.056350,-119.149190
Port Hueneme,CA,34.147780,-119.195110
Porterville,CA,36.065230,-119.016770
Portola,CA,39.810460,-120.469100
Portola Hills,CA,33.679190,-117.631160
Portola Valley,CA,37.384110,-122.235240
Poway,CA,32.962820,-117.035860
Prunedale,CA,36.775790,-121.669670
Quail Hill,CA,33.651140,-117.775510
Quail Valley,CA,33.706970,-117.245040
Quartz Hill,CA,34.645260,-118.218130
Quincy,CA,39.936820,-120.946470
Rainbow,CA,33.410310,-117.147810
Ramona,CA,33.041710,-116.868080
Rancho Calaveras,CA,38.127420,-120.858270
Rancho Cordova,CA,38.589070,-121.302730
Rancho Cucamonga,CA,34.106400,-117.593110
Rancho Mirage,CA,33.739740,-116.412790
Rancho Murieta,CA,38.501850,-121.094670
Rancho Palos Verdes,CA,33.744460,-118.387020
Rancho Penasquitos,CA,32.959490,-117.115310
Rancho San Diego,CA,32.747270,-116.935300
Rancho Santa Fe,CA,33.020320,-117.202810
Rancho Santa Margarita,CA,33.640860,-117.603100
Rancho Tehama Reserve,CA,40.015690,-122.400720
Red Bluff,CA,40.178490,-122.235830
Red Corral,CA,38.411650,-120.605520
Redding,CA,40.586540,-122.391680
Redlands,CA,34.055570,-117.182540
Redondo Beach,CA,33.849180,-118.388410
Redway,CA,40.120140,-123.823360
Redwood City,CA,37.485220,-122.236350
Redwood Shores,CA,37.531880,-122.248020
Redwood Valley,CA,39.265440,-123.204450
Reedley,CA,36.596340,-119.450400
Reseda,CA,34.201120,-118.536470
Rialto,CA,34.106400,-117.370320
Richgrove,CA,35.796620,-119.107880
Richmond,CA,37.935760,-122.347750
Ridgecrest,CA,35.622460,-117.670900
Ridgemark,CA,36.812460,-121.365770
Rio Del Mar,CA,36.968280,-121.900230
Rio Dell,CA,40.499300,-124.106440
Rio Linda,CA,38.691010,-121.448570
Rio Vista,CA,38.163890,-121.695830
Ripon,CA,37.741590,-121.124380
Riverbank,CA,37.736040,-120.935490
Riverdale,CA,36.431060,-119.859580
Riverdale Park,CA,37.609380,-121.051880
Riverside,CA,33.953350,-117.396160
Rocklin,CA,38.790730,-121.235780
Rodeo,CA,38.032980,-122.266910
Rohnert Park,CA,38.339640,-122.701100
Rolling Hills,CA,33.757390,-118.357520
Rolling Hills Estates,CA,33.787790,-118.358130
Rollingwood,CA,37.965200,-122.329970
Romoland,CA,33.745850,-117.175030
Rosamond,CA,34.864140,-118.163410
Rosedale,CA,35.383570,-119.145380
Roseland,CA,38.422130,-122.728040
Rosemead,CA,34.080570,-118.072850
Rosemont,CA,38.551850,-121.364670
Roseville,CA,38.752120,-121.288010
Ross,CA,37.962420,-122.554980
Rossmoor,CA,33.785570,-118.085060
Rowland Heights,CA,33.976120,-117.905340
Rubidoux,CA,33.996130,-117.405600
Running Springs,CA,34.207790,-117.109200
Sacramento,CA,38.581570,-121.494400
Saint Helena,CA,38.505190,-122.470260
Salida,CA,37.705760,-121.084940
Salinas,CA,36.677740,-121.655500
Salton City,CA,33.298650,-115.956110
San Andreas,CA,38.196030,-120.680490
San Anselmo,CA,37.974650,-122.561640
San Antonio Heights,CA,34.155560,-117.656440
San Bernardino,CA,34.108340,-117.289770
San Bruno,CA,37.630490,-122.411080
San Carlos,CA,37.507160,-122.260520
San Clemente,CA,33.426970,-117.611990
San Diego,CA,32.715710,-117.164720
San Diego Country Estates,CA,33.006710,-116.783640
San Dimas,CA,34.106680,-117.806730
San Fernando,CA,34.281950,-118.438970
San Francisco,CA,37.774930,-122.419420
San Gabriel,CA,34.096110,-118.105830
San Jacinto,CA,33.783910,-116.958640
San Joaquin,CA,36.606620,-120.189040
San Joaquin Hills,CA,33.611690,-117.836720
San Jose,CA,37.339390,-121.894960
San Juan Bautista,CA,36.845510,-121.538000
San Juan Capistrano,CA,33.501690,-117.662550
San Leandro,CA,37.724930,-122.156080
San Lorenzo,CA,37.674120,-122.133210
San Luis Obispo,CA,35.282750,-120.659620
San Marcos,CA,33.143370,-117.166140
San Marino,CA,34.121400,-118.106460
San Martin,CA,37.084950,-121.610220
San Mateo,CA,37.562990,-122.325530
San Miguel,CA,35.752470,-120.696280
San Pablo,CA,37.962150,-122.345530
San Pasqual,CA,33.091710,-116.953920
San Pedro,CA,33.735850,-118.292290
San Rafael,CA,37.973530,-122.531090
San Ramon,CA,37.779930,-121.978020
Sanger,CA,36.708010,-119.555970
Santa Ana,CA,33.745570,-117.867830
Santa Barbara,CA,34.420830,-119.698190
Santa Clara,CA,37.354110,-121.955240
Santa Clarita,CA,34.391660,-118.542590
Santa Cruz,CA,36.974120,-122.030800
Santa Fe Springs,CA,33.947240,-118.085350
Santa Margarita,CA,35.389970,-120.609060
Santa Maria,CA,34.953030,-120.435720
Santa Monica,CA,34.019490,-118.491380
Santa Paula,CA,34.354170,-119.059270
Santa Rosa,CA,38.440470,-122.714430
Santa Susana,CA,34.257000,-118.669000
Santa Venetia,CA,37.998530,-122.525250
Santa Ynez,CA,34.614430,-120.079870
Santee,CA,32.838380,-116.973920
Saranap,CA,37.884920,-122.076070
Saratoga,CA,37.263830,-122.023010
Saticoy,CA,34.283060,-119.149830
Sausalito,CA,37.859090,-122.485250
Sawtelle,CA,34.036300,-118.449490
Scotts Valley,CA,37.051060,-122.014680
Sea Ranch,CA,38.715190,-123.454450
Seacliff,CA,36.974120,-121.915790
Seal Beach,CA,33.741410,-118.104790
Searles Valley,CA,35.767450,-117.403950
Seaside,CA,36.611070,-121.851620
Sebastopol,CA,38.402140,-122.823880
Sedco Hills,CA,33.641690,-117.290870
Seeley,CA,32.793110,-115.691110
Selma,CA,36.570780,-119.612080
Seven Trees,CA,37.286050,-121.838560
Shackelford,CA,37.613820,-120.992710
Shadow Hills,CA,34.261950,-118.351750
Shafter,CA,35.500510,-119.271780
Shandon,CA,35.655250,-120.375430
Shasta,CA,40.599320,-122.491960
Shasta Lake,CA,40.680430,-122.370840
Sheridan,CA,38.979620,-121.375510
Sherman Oaks,CA,34.151120,-118.449250
Shingle Springs,CA,38.665740,-120.926050
Shingletown,CA,40.492380,-121.889160
Sierra Madre,CA,34.161670,-118.052850
Signal Hill,CA,33.804460,-118.167850
Silver Lake,CA,34.086680,-118.270230
Silver Lakes,CA,34.745580,-117.340980
Simi Valley,CA,34.269450,-118.781480
Sky Valley,CA,33.890010,-116.352510
Sleepy Hollow,CA,38.010480,-122.584420
Soda Bay,CA,39.001010,-122.789160
Solana Beach,CA,32.991150,-117.271150
Soledad,CA,36.424690,-121.326320
Solvang,CA,34.595820,-120.137650
Somerset,CA,38.647680,-120.685760
Sonoma,CA,38.291860,-122.458040
Sonora,CA,37.984090,-120.382140
Soquel,CA,36.988010,-121.956630
Sorrento Valley,CA,32.899910,-117.194510
Soulsbyville,CA,37.984650,-120.263800
South Dos Palos,CA,36.964390,-120.653240
South El Monte,CA,34.051950,-118.046730
South Gate,CA,33.954740,-118.212020
South Lake Tahoe,CA,38.933240,-119.984350
South Oroville,CA,39.481000,-121.536000
South Pasadena,CA,34.116120,-118.150350
South San Francisco,CA,37.654660,-122.407750
South San Gabriel,CA,34.049150,-118.094620
South San Jose Hills,CA,34.012790,-117.904780
South Taft,CA,35.134690,-119.456230
South Whittier,CA,33.950150,-118.039170
South Yuba City,CA,39.116560,-121.639130
Spring Valley,CA,32.744770,-116.998920
Spring Valley Lake,CA,34.493640,-117.268320
Stallion Springs,CA,35.088860,-118.642590
Stanford,CA,37.424110,-122.166080
Stanton,CA,33.802520,-117.993120
Stevenson Ranch,CA,34.390480,-118.573720
Stockton,CA,37.957700,-121.290780
Stonegate,CA,33.705340,-117.740090
Stratford,CA,36.189400,-119.823190
Strathmore,CA,36.145510,-119.060660
Strawberry,CA,37.896870,-122.508860
Studio City,CA,34.148620,-118.396470
Suisun,CA,38.238250,-122.040240
Summerland,CA,34.421380,-119.596520
Sun City,CA,33.709190,-117.197260
Sun Village,CA,34.559520,-117.956760
Sunland,CA,34.266950,-118.302300
Sunnyside,CA,36.731000,-119.695000
Sunnyside-Tahoe City,CA,39.150230,-120.161200
Sunnyslope,CA,34.011960,-117.433380
Sunnyvale,CA,37.368830,-122.036350
Susanville,CA,40.416280,-120.653010
Sutter,CA,39.159890,-121.752750
Sutter Creek,CA,38.392970,-120.802440
Sylmar,CA,34.307780,-118.449250
Taft,CA,35.142470,-119.456510
Taft Heights,CA,35.134690,-119.472620
Taft Mosswood,CA,37.913850,-121.283160
Tahoe Vista,CA,39.239910,-120.051020
Tahoma,CA,39.067410,-120.128240
Talmage,CA,39.133230,-123.167780
Tamalpais Valley,CA,37.879650,-122.545810
Tamalpais-Homestead Valley,CA,37.878340,-122.536250
Tara Hills,CA,37.993530,-122.316360
Tarpey Village,CA,36.793010,-119.700970
Tehachapi,CA,35.132190,-118.448970
Temecula,CA,33.493640,-117.148360
Temelec,CA,38.266580,-122.492760
Temple City,CA,34.107230,-118.057850
Templeton,CA,35.549690,-120.706000
Terra Bella,CA,35.962450,-119.044270
Teviston,CA,35.928940,-119.278310
Thermal,CA,33.640300,-116.139450
Thermalito,CA,39.511280,-121.586920
Thornton,CA,38.226030,-121.424670
Thousand Oaks,CA,34.170560,-118.837590
Thousand Palms,CA,33.820020,-116.390290
Three Rivers,CA,36.438840,-118.904540
Tiburon,CA,37.873540,-122.456640
Tierra Buena,CA,39.148780,-121.666910
Tipton,CA,36.059400,-119.312060
Topanga,CA,34.093620,-118.601470
Toro Canyon,CA,34.420000,-119.567070
Torrance,CA,33.835850,-118.340630
Trabuco Canyon,CA,33.662520,-117.590330
Tracy,CA,37.739870,-121.426180
Truckee,CA,39.327960,-120.183250
Tujunga,CA,34.252230,-118.288410
Tulare,CA,36.207730,-119.347340
Tuolumne City,CA,37.962700,-120.241300
Turlock,CA,37.494660,-120.846590
Turtle Rock,CA,33.643350,-117.810150
Tustin,CA,33.745850,-117.826170
Tustin Legacy,CA,33.700060,-117.825880
Twain Harte,CA,38.039650,-120.232690
Twentynine Palms,CA,34.135560,-116.054170
Twin Lakes,CA,36.967450,-121.998020
UC Irvine,CA,33.639670,-117.841640
Ukiah,CA,39.150170,-123.207780
Union City,CA,37.595770,-122.019130
Universal City,CA,34.138900,-118.353410
University Park,CA,33.662460,-117.809530
University Town Center,CA,33.651570,-117.834270
Upland,CA,34.097510,-117.648390
Upper Lake,CA,39.164610,-122.910550
Vacaville,CA,38.356580,-121.987740
Val Verde,CA,34.445000,-118.657590
Valencia,CA,34.443610,-118.609530
Valinda,CA,34.045290,-117.943670
Valle Vista,CA,33.747800,-116.893360
Vallejo,CA,38.104090,-122.256640
Valley Center,CA,33.218370,-117.034200
Valley Glen,CA,34.185680,-118.420320
Valley Springs,CA,38.191590,-120.829100
Van Nuys,CA,34.186670,-118.448970
Vandenberg Space Force Base,CA,34.748300,-120.518170
Vandenberg Village,CA,34.708320,-120.467660
Venice,CA,33.990840,-118.460080
Ventura,CA,34.278340,-119.293170
Vermont Square,CA,34.002040,-118.298960
Victorville,CA,34.536110,-117.291160
View Park-Windsor Hills,CA,33.995510,-118.348350
Villa Park,CA,33.814460,-117.813110
Vincent,CA,34.500550,-118.116460
Vine Hill,CA,38.008530,-122.096080
Vineyard,CA,38.464490,-121.346920
Visalia,CA,36.330230,-119.292060
Visitacion Valley,CA,37.717150,-122.404330
Vista,CA,33.200040,-117.242540
Vista Santa Rosa,CA,33.627800,-116.218060
Waldon,CA,37.926310,-122.055520
Walnut,CA,34.020290,-117.865340
Walnut Creek,CA,37.906310,-122.064960
Walnut Grove,CA,38.242140,-121.511620
Walnut Park,CA,33.968070,-118.225070
Walnut Village,CA,33.709720,-117.796550
Wasco,CA,35.594120,-119.340950
Waterford,CA,37.641320,-120.760480
Watsonville,CA,36.910230,-121.756890
Weaverville,CA,40.730980,-122.941970
Weed,CA,41.422650,-122.386130
Weedpatch,CA,35.238020,-118.915100
Weldon,CA,35.665790,-118.290360
West Athens,CA,33.923350,-118.303410
West Bishop,CA,37.361040,-118.455110
West Carson,CA,33.821680,-118.292570
West Covina,CA,34.068620,-117.938950
West Hills,CA,34.197310,-118.643980
West Hollywood,CA,34.090010,-118.361740
West Menlo Park,CA,37.433550,-122.203020
West Modesto,CA,37.617540,-121.039140
West Park,CA,36.710230,-119.851260
West Puente Valley,CA,34.051680,-117.968400
West Rancho Dominguez,CA,33.893900,-118.270630
West Sacramento,CA,38.580460,-121.530230
West Whittier-Los Nietos,CA,33.976000,-118.069090
Westhaven-Moonstone,CA,41.044890,-124.102390
Westlake Village,CA,34.145840,-118.805650
Westminster,CA,33.759180,-118.006730
Westmont,CA,33.941400,-118.302300
Westmorland,CA,33.037270,-115.621380
Westpark,CA,33.685270,-117.813710
Westwood,CA,34.056120,-118.430630
Wheatland,CA,39.009890,-121.423010
Whittier,CA,33.979180,-118.032840
Wildomar,CA,33.598910,-117.280040
Williams,CA,39.154610,-122.149420
Willits,CA,39.409610,-123.355570
Willow Creek,CA,40.939580,-123.631440
Willowbrook,CA,33.916960,-118.255070
Willows,CA,39.524330,-122.193590
Wilmington,CA,33.780020,-118.262570
Wilton,CA,38.411860,-121.272170
Winchester,CA,33.706970,-117.084470
Windsor,CA,38.547130,-122.816380
Winnetka,CA,34.213340,-118.572030
Winter Gardens,CA,32.831160,-116.933360
Winters,CA,38.524910,-121.970800
Winton,CA,37.389380,-120.613250
Wofford Heights,CA,35.706900,-118.456200
Woodacre,CA,38.012700,-122.645260
Woodbridge,CA,33.677240,-117.794420
Woodcrest,CA,33.882240,-117.357270
Woodlake,CA,36.413560,-119.098720
Woodland,CA,38.678520,-121.773300
Woodland Hills,CA,34.168340,-118.605920
Woodside,CA,37.429940,-122.253860
Woodville,CA,36.093560,-119.199000
Wrightwood,CA,34.360830,-117.633390
Yokuts Valley,CA,36.740230,-119.246790
Yorba Linda,CA,33.888630,-117.813110
Yosemite Lakes,CA,37.191060,-119.772650
Yosemite Valley,CA,37.740750,-119.577880
Yountville,CA,38.401580,-122.360810
Yreka,CA,41.735420,-122.634470
Yuba City,CA,39.140450,-121.616910
Yucaipa,CA,34.033630,-117.043090
Yucca Valley,CA,34.114170,-116.432240
Acres Green,CO,39.556660,-104.896090
Air Force Academy,CO,38.994250,-104.863750
Akron,CO,40.160540,-103.214380
Alamosa,CO,37.469450,-105.870020
Alamosa East,CO,37.477350,-105.842170
Applewood,CO,39.757780,-105.162500
Aristocrat Ranchettes,CO,40.109150,-104.762470
Arvada,CO,39.802760,-105.087480
Aspen,CO,39.191100,-106.817540
Ault,CO,40.582480,-104.731910
Aurora,CO,39.729430,-104.831920
Avon,CO,39.631370,-106.522250
Bailey,CO,39.405540,-105.473330
Basalt,CO,39.368870,-107.032820
Battlement Mesa,CO,39.441370,-108.025070
Bayfield,CO,37.225560,-107.598110
Bennett,CO,39.758870,-104.427460
Berkley,CO,39.804430,-105.026090
Berthoud,CO,40.308320,-105.081090
Black Forest,CO,39.013050,-104.700810
Boulder,CO,40.014990,-105.270550
Breckenridge,CO,39.481650,-106.038350
Brighton,CO,39.985260,-104.820530
Broomfield,CO,39.920540,-105.086650
Brush,CO,40.258870,-103.623840
Buena Vista,CO,38.842220,-106.131130
Burlington,CO,39.306110,-102.269360
Byers,CO,39.711370,-104.227740
Campion,CO,40.349430,-105.077760
Carbondale,CO,39.402210,-107.211160
Carriage Club,CO,39.532490,-104.901090
Cascade-Chipita Park,CO,38.943540,-105.002370
Castle Pines,CO,39.458040,-104.896090
Castle Pines North,CO,39.471740,-104.894820
Castle Rock,CO,39.372210,-104.856090
Castlewood,CO,39.584710,-104.901090
Cañon City,CO,38.440980,-105.242450
Cedaredge,CO,38.901650,-107.926450
Centennial,CO,39.579160,-104.876920
Center,CO,37.753060,-106.108640
Central City,CO,39.801930,-105.514160
Cherry Creek,CO,39.611000,-104.861000
Cherry Hills Village,CO,39.641650,-104.959430
Cheyenne Wells,CO,38.821400,-102.353240
Cimarron Hills,CO,38.858610,-104.698860
Clifton,CO,39.091930,-108.448980
Coal Creek,CO,39.906380,-105.377490
Colorado City,CO,37.945290,-104.835260
Colorado Springs,CO,38.833880,-104.821360
Columbine,CO,39.587770,-105.069430
Columbine Valley,CO,39.601100,-105.032210
Commerce City,CO,39.808320,-104.933870
Conejos,CO,37.088350,-106.019740
Cortez,CO,37.348880,-108.585930
Craig,CO,40.515250,-107.546450
Creede,CO,37.849170,-106.926430
Crested Butte,CO,38.869710,-106.987820
Cripple Creek,CO,38.746660,-105.178310
Dacono,CO,40.084710,-104.939420
Dakota Ridge,CO,39.616380,-105.139340
Del Norte,CO,37.678890,-106.353370
Delta,CO,38.742210,-108.068960
Denver,CO,39.739150,-104.984700
Derby,CO,39.839430,-104.918590
Dove Creek,CO,37.766100,-108.905940
Dove Valley,CO,39.577710,-104.829400
Durango,CO,37.275280,-107.880070
Eads,CO,38.480560,-102.781860
Eagle,CO,39.655260,-106.828650
Eaton,CO,40.530260,-104.711350
Edgewater,CO,39.753040,-105.064150
Edwards,CO,39.644990,-106.594200
El Jebel,CO,39.394980,-107.090330
Elizabeth,CO,39.360270,-104.596910
Ellicott,CO,38.838330,-104.386910
Englewood,CO,39.647770,-104.987760
Erie,CO,40.050260,-105.049980
Estes Park,CO,40.377210,-105.521670
Evans,CO,40.376370,-104.692190
Evergreen,CO,39.633320,-105.317210
Fairplay,CO,39.224710,-106.001960
Federal Heights,CO,39.851370,-104.998590
Firestone,CO,40.112480,-104.936640
Florence,CO,38.390280,-105.118600
Fort Carson,CO,38.737490,-104.788860
Fort Collins,CO,40.585260,-105.084420
Fort Lupton,CO,40.084710,-104.813030
Fort Morgan,CO,40.250260,-103.799950
Fountain,CO,38.682220,-104.700810
Fowler,CO,38.129170,-104.023290
Fraser,CO,39.944990,-105.817230
Frederick,CO,40.099150,-104.937200
Frisco,CO,39.574430,-106.097520
Fruita,CO,39.158870,-108.728990
Fruitvale,CO,39.081650,-108.496760
Genesee,CO,39.685820,-105.272770
Georgetown,CO,39.706100,-105.697500
Gilcrest,CO,40.281930,-104.777750
Glendale,CO,39.704990,-104.933590
Gleneagle,CO,39.045270,-104.824420
Glenwood Springs,CO,39.550540,-107.324780
Golden,CO,39.755540,-105.221100
Granby,CO,40.086100,-105.939460
Grand Junction,CO,39.063870,-108.550650
Greeley,CO,40.423310,-104.709130
Greenwood Village,CO,39.617210,-104.950810
Gunbarrel,CO,40.063350,-105.171070
Gunnison,CO,38.545820,-106.925320
Gypsum,CO,39.646930,-106.951710
Hayden,CO,40.495290,-107.257290
Highlands Ranch,CO,39.553880,-104.969430
Holly Hills,CO,39.667570,-104.917970
Holyoke,CO,40.584440,-102.302410
Hot Sulphur Springs,CO,40.073040,-106.102800
Hudson,CO,40.073590,-104.643020
Hugo,CO,39.136100,-103.469940
Idaho Springs,CO,39.742490,-105.513610
Indian Hills,CO,39.616650,-105.237210
Inverness,CO,39.577380,-104.861350
Johnstown,CO,40.336930,-104.912200
Julesburg,CO,40.988330,-102.264350
Keenesburg,CO,40.108320,-104.519960
Ken Caryl,CO,39.575820,-105.112210
Kersey,CO,40.387480,-104.561630
Keystone,CO,39.599430,-105.987240
Kiowa,CO,39.347210,-104.464410
Kittredge,CO,39.654710,-105.299710
Kremmling,CO,40.058870,-106.388920
La Junta,CO,37.985010,-103.543830
La Salle,CO,40.348870,-104.701910
Lafayette,CO,39.993600,-105.089710
Lake City,CO,38.030000,-107.315330
Lakewood,CO,39.704710,-105.081370
Lamar,CO,38.087230,-102.620750
Laporte,CO,40.626330,-105.139160
Las Animas,CO,38.066670,-103.222710
Leadville,CO,39.250820,-106.292520
Leadville North,CO,39.257600,-106.301380
Limon,CO,39.263880,-103.692170
Lincoln Park,CO,38.429160,-105.219990
Littleton,CO,39.613320,-105.016650
Lochbuie,CO,40.007210,-104.716080
Loma,CO,39.195810,-108.813160
Lone Tree,CO,39.551710,-104.886300
Longmont,CO,40.167210,-105.101930
Louisville,CO,39.977760,-105.131930
Loveland,CO,40.397760,-105.074980
Lyons,CO,40.224710,-105.271380
Mancos,CO,37.345000,-108.289250
Manitou Springs,CO,38.859710,-104.917200
Mead,CO,40.233320,-104.998590
Meeker,CO,40.037470,-107.913130
Meridian,CO,39.539570,-104.845280
Milliken,CO,40.329430,-104.855250
Minturn,CO,39.586370,-106.430860
Monte Vista,CO,37.579170,-106.148080
Montrose,CO,38.478320,-107.876170
Monument,CO,39.091660,-104.872760
Mountain Village,CO,37.931380,-107.856450
Nederland,CO,39.961380,-105.510830
New Castle,CO,39.572760,-107.536440
Niwot,CO,40.103870,-105.170820
Northglenn,CO,39.885540,-104.987200
Olathe,CO,38.604990,-107.982290
Orchard City,CO,38.828320,-107.970900
Orchard Mesa,CO,39.048000,-108.529000
Ordway,CO,38.218060,-103.756060
Ouray,CO,38.022770,-107.671450
Pagosa Springs,CO,37.269450,-107.009760
Palisade,CO,39.110260,-108.350920
Palmer Lake,CO,39.122210,-104.917200
Paonia,CO,38.868320,-107.592000
Parachute,CO,39.451920,-108.052850
Parker,CO,39.518600,-104.761360
Penrose,CO,38.425000,-105.022760
Perry Park,CO,39.256660,-104.992480
Platteville,CO,40.214980,-104.822750
Ponderosa Park,CO,39.408320,-104.651080
Pueblo,CO,38.254450,-104.609140
Pueblo West,CO,38.350000,-104.722750
Rangely,CO,40.087480,-108.804830
Redlands,CO,39.078870,-108.635650
Rifle,CO,39.534700,-107.783120
Rocky Ford,CO,38.052510,-103.720230
Roxborough Park,CO,39.473880,-105.085260
Saguache,CO,38.087500,-106.141970
Salida,CO,38.534720,-105.998900
San Luis,CO,37.200850,-105.423900
Security-Widefield,CO,38.747280,-104.714390
Severance,CO,40.524150,-104.851080
Shaw Heights,CO,39.852500,-105.043060
Sheridan,CO,39.646930,-105.025260
Sherrelwood,CO,39.837760,-105.001370
Silt,CO,39.548590,-107.656170
Silverthorne,CO,39.632140,-106.074280
Silverton,CO,37.811940,-107.664510
Snowmass Village,CO,39.213040,-106.937820
Southglenn,CO,39.587210,-104.952760
Springfield,CO,37.408350,-102.614360
Steamboat Springs,CO,40.484980,-106.831720
Sterling,CO,40.625540,-103.207710
Stonegate,CO,39.530820,-104.803860
Strasburg,CO,39.738320,-104.323290
Stratmoor,CO,38.773880,-104.779700
Superior,CO,39.952760,-105.168600
Telluride,CO,37.937490,-107.812290
The Pinery,CO,39.455270,-104.734420
Thornton,CO,39.868040,-104.971920
Todd Creek,CO,39.978040,-104.873310
Towaoc,CO,37.204440,-108.729540
Trinidad,CO,37.169460,-104.500540
Twin Lakes,CO,39.824990,-105.004700
Upper Bear Creek,CO,39.623850,-105.417800
Vail,CO,39.640260,-106.374200
Walden,CO,40.731640,-106.283640
Walsenburg,CO,37.624180,-104.780260
Welby,CO,39.836650,-104.959150
Wellington,CO,40.703870,-105.008590
West Pleasant View,CO,39.732560,-105.178520
Westcliffe,CO,38.134720,-105.465840
Westminster,CO,39.836650,-105.037200
Wheat Ridge,CO,39.766100,-105.077210
Windsor,CO,40.477480,-104.901360
Woodland Park,CO,38.993880,-105.056930
Woodmoor,CO,39.101380,-104.847480
Wray,CO,40.075820,-102.223250
Yuma,CO,40.122210,-102.725210
Ansonia,CT,41.346210,-73.079000
Avon,CT,41.809820,-72.830650
Baltic,CT,41.617040,-72.084520
Barkhamsted,CT,41.929260,-72.913990
Bethel,CT,41.371210,-73.414010
Bethlehem Village,CT,41.640100,-73.203080
Bloomfield,CT,41.826490,-72.730090
Blue Hills,CT,41.812880,-72.697590
Branford,CT,41.279540,-72.815100
Branford Center,CT,41.277380,-72.815110
Bridgeport,CT,41.179230,-73.189450
Bristol,CT,41.671760,-72.949270
Byram,CT,41.004260,-73.653740
Canaan,CT,42.027310,-73.329280
Canton Valley,CT,41.834260,-72.891770
Central Waterford,CT,41.345040,-72.129480
Cheshire,CT,41.498990,-72.900660
Cheshire Village,CT,41.502600,-72.899520
Chester Center,CT,41.401320,-72.452700
City of Milford (balance),CT,41.223740,-73.061640
Clinton,CT,41.278710,-72.527590
Colchester,CT,41.575650,-72.332030
Collinsville,CT,41.812880,-72.920100
Conning Towers-Nautilus Park,CT,41.385480,-72.068770
Cos Cob,CT,41.033430,-73.599570
Coventry Lake,CT,41.772320,-72.332580
Cromwell,CT,41.595100,-72.645370
Crystal Lake,CT,41.931760,-72.378420
Danbury,CT,41.394820,-73.454010
Danielson,CT,41.802600,-71.885910
Darien,CT,41.078710,-73.469290
Deep River Center,CT,41.382210,-72.438620
Derby,CT,41.320650,-73.089000
Durham,CT,41.481760,-72.681210
East Brooklyn,CT,41.796770,-71.897290
East Haddam,CT,41.453150,-72.461200
East Hampton,CT,41.575930,-72.502590
East Hartford,CT,41.782320,-72.612030
East Haven,CT,41.276210,-72.868430
East Norwalk,CT,41.105650,-73.398450
East Windsor,CT,41.912320,-72.545090
Easton,CT,41.252870,-73.297340
Ellington,CT,41.903990,-72.469810
Enfield,CT,41.976210,-72.591760
Essex Village,CT,41.355440,-72.391010
Fairfield,CT,41.141210,-73.263730
Farmington,CT,41.719820,-72.832040
Gales Ferry,CT,41.429820,-72.082020
Georgetown,CT,41.255650,-73.434840
Glastonbury,CT,41.712320,-72.608150
Glastonbury Center,CT,41.700930,-72.599530
Glenville,CT,41.035380,-73.659850
Greenwich,CT,41.026490,-73.628460
Groton,CT,41.350100,-72.078410
Guilford,CT,41.288990,-72.681760
Guilford Center,CT,41.281560,-72.676190
Hamden,CT,41.395930,-72.896770
Hartford,CT,41.763710,-72.685090
Hazardville,CT,41.987320,-72.544810
Hebron,CT,41.657880,-72.365920
Heritage Village,CT,41.485650,-73.237890
Higganum,CT,41.497040,-72.557030
Jewett City,CT,41.606770,-71.980910
Kensington,CT,41.635380,-72.768710
Kent,CT,41.724820,-73.477070
Killingly Center,CT,41.838710,-71.869240
Killingworth,CT,41.358150,-72.563700
Lake Pocotopaug,CT,41.598430,-72.510370
Ledyard,CT,41.439820,-72.014240
Lisbon,CT,41.603990,-72.011740
Litchfield,CT,41.747320,-73.188720
Long Hill,CT,41.353990,-72.052300
Madison,CT,41.279540,-72.598430
Madison Center,CT,41.279250,-72.600480
Manchester,CT,41.775930,-72.521480
Mansfield City,CT,41.765930,-72.233690
Meriden,CT,41.538150,-72.807040
Middlebury,CT,41.527870,-73.127610
Middletown,CT,41.562320,-72.650650
Milford,CT,41.222320,-73.056500
Montville Center,CT,41.478990,-72.151190
Moodus,CT,41.502880,-72.450090
Moosup,CT,41.712880,-71.880910
Mystic,CT,41.354270,-71.966460
Naugatuck,CT,41.485930,-73.050660
New Britain,CT,41.661210,-72.779540
New Canaan,CT,41.146760,-73.494840
New Fairfield,CT,41.466480,-73.485680
New Hartford Center,CT,41.879960,-72.975300
New Haven,CT,41.308150,-72.928160
New London,CT,41.355650,-72.099520
New Milford,CT,41.577040,-73.408450
New Preston,CT,41.675100,-73.351790
Newington,CT,41.697880,-72.723710
Newtown,CT,41.413980,-73.303450
Niantic,CT,41.325380,-72.193130
Noank,CT,41.327880,-71.990630
North Branford,CT,41.327600,-72.767320
North Granby,CT,41.995930,-72.829540
North Grosvenor Dale,CT,41.985650,-71.898680
North Haven,CT,41.390930,-72.859540
North Stamford,CT,41.138150,-73.543460
Northwest Harwinton,CT,41.776850,-73.079220
Norwalk,CT,41.117600,-73.407900
Norwich,CT,41.524260,-72.075910
Oakville,CT,41.593430,-73.085390
Old Greenwich,CT,41.022870,-73.564850
Old Mystic,CT,41.391490,-71.961740
Old Saybrook,CT,41.291770,-72.376200
Old Saybrook Center,CT,41.291230,-72.371760
Orange,CT,41.278430,-73.025660
Oxford,CT,41.433990,-73.116780
Oxoboxo River,CT,41.443910,-72.125020
Pawcatuck,CT,41.377320,-71.833680
Pemberwick,CT,41.025650,-73.660680
Plainfield,CT,41.676490,-71.915070
Plainfield Village,CT,41.676860,-71.924890
Plainville,CT,41.674540,-72.858160
Plymouth,CT,41.672040,-73.052890
Poquonock Bridge,CT,41.345100,-72.024800
Portland,CT,41.572880,-72.640650
Preston City,CT,41.528990,-71.973960
Prospect,CT,41.502320,-72.978720
Putnam,CT,41.915100,-71.908960
Quinebaug,CT,42.023710,-71.949800
Ridgefield,CT,41.281480,-73.498180
Riverside,CT,41.033710,-73.578180
Rockville,CT,41.866760,-72.449530
Salem,CT,41.490380,-72.275360
Salmon Brook,CT,41.956490,-72.795370
Saybrook Manor,CT,41.285380,-72.398970
Seymour,CT,41.396760,-73.075940
Shelton,CT,41.316490,-73.093160
Sherman,CT,41.579260,-73.495680
Sherwood Manor,CT,42.013430,-72.564250
Simsbury Center,CT,41.880880,-72.811160
Somers,CT,41.985370,-72.446200
South Coventry,CT,41.770100,-72.305080
South Windham,CT,41.679540,-72.170360
South Windsor,CT,41.823710,-72.621200
South Woodstock,CT,41.938990,-71.959520
Southbury,CT,41.481480,-73.213170
Southington,CT,41.596490,-72.877600
Southport,CT,41.136490,-73.283450
Southwood Acres,CT,41.962600,-72.571480
Stafford,CT,41.984820,-72.288970
Stafford Springs,CT,41.954260,-72.302300
Stamford,CT,41.053430,-73.538730
Storrs,CT,41.808430,-72.249520
Stratford,CT,41.184540,-73.133170
Suffield Depot,CT,41.981210,-72.649810
Tariffville,CT,41.908710,-72.760100
Terramuggus,CT,41.635100,-72.470360
Terryville,CT,41.678150,-73.010940
Thomaston,CT,41.673990,-73.073160
Thompson,CT,41.958710,-71.862570
Thompsonville,CT,41.997040,-72.598980
Tolland,CT,41.871490,-72.368690
Torrington,CT,41.800650,-73.121220
Trumbull,CT,41.242870,-73.200670
Uncasville,CT,41.434540,-72.109800
Wallingford,CT,41.457040,-72.823160
Wallingford Center,CT,41.449870,-72.818920
Washington,CT,41.631480,-73.310670
Waterbury,CT,41.558150,-73.051500
Waterford,CT,41.341700,-72.135970
Watertown,CT,41.606210,-73.118170
Wauregan,CT,41.744270,-71.909240
Weatogue,CT,41.843710,-72.828430
West Hartford,CT,41.762040,-72.742040
West Haven,CT,41.270650,-72.947050
West Simsbury,CT,41.873150,-72.858150
West Torrington,CT,41.818430,-73.143720
Westbrook Center,CT,41.279970,-72.442540
Westport,CT,41.141490,-73.357900
Wethersfield,CT,41.714270,-72.652590
Willimantic,CT,41.710650,-72.208130
Wilton,CT,41.195370,-73.437900
Winchester Center,CT,41.900100,-73.134830
Windham,CT,41.699820,-72.157020
Windsor,CT,41.852600,-72.643700
Windsor Locks,CT,41.929260,-72.627310
Winsted,CT,41.921210,-73.060110
Wolcott,CT,41.602320,-72.986770
Woodbridge,CT,41.352600,-73.008440
Woodbury,CT,41.544540,-73.209000
Woodbury Center,CT,41.544530,-73.204760
Woodmont,CT,41.228150,-72.991490
Adams Morgan,DC,38.921500,-77.042200
Anacostia,DC,38.866500,-76.983860
Barracks Row,DC,38.881280,-76.995000
Barry Farms,DC,38.860000,-76.999000
Bellevue,DC,38.826000,-77.010000
Benning,DC,38.895110,-76.948860
Benning Road,DC,38.889840,-76.937580
Bloomingdale,DC,38.916780,-77.011370
Brentwood Village,DC,38.920940,-76.984420
Brightwood,DC,38.961220,-77.027480
Brookland,DC,38.932890,-76.984140
Capitol Gateway,DC,38.891130,-76.918510
Capitol Hill,DC,38.889000,-77.000250
Capitol Riverfront,DC,38.877960,-77.003140
Central 14th Street / Spring Road,DC,38.937070,-77.032650
Central 14th Street / WMATA Northern Bus Barn,DC,38.944670,-77.032620
Chevy Chase,DC,38.981000,-77.083000
Cleveland Park,DC,38.936220,-77.065530
Colorado Triangle,DC,38.956140,-77.033310
Columbia Heights,DC,38.925670,-77.029420
Congress Heights,DC,38.842890,-77.000250
Deanwood,DC,38.898450,-76.929420
Downtown DC,DC,38.893500,-77.019910
Dupont Circle,DC,38.908440,-77.044140
Foggy Bottom,DC,38.901500,-77.062200
Fort Lincoln,DC,38.922330,-76.956360
Georgetown,DC,38.904830,-77.062480
Georgia Avenue / Walter Reed,DC,38.982560,-77.026300
Glover Park,DC,38.920940,-77.077200
Golden Triangle,DC,38.905240,-77.043620
H Street NE,DC,38.900150,-76.995870
Hillcrest,DC,38.862060,-76.958030
Ivy City,DC,38.911220,-76.984700
Kenilworth,DC,38.905950,-76.940250
Kennedy Street,DC,38.956300,-77.017990
Lincoln Heights,DC,38.894560,-76.928860
Mount Pleasant,DC,38.930670,-77.040810
Mount Vernon Triangle,DC,38.902320,-77.016850
NoMa,DC,38.903720,-77.005980
Northwest One,DC,38.904280,-77.011960
Park View,DC,38.932060,-77.023590
Pennsylvania Avenue SE,DC,38.868170,-76.958030
Petworth,DC,38.945940,-77.024980
Pleasant Plains,DC,38.927000,-77.023000
Riggs Park,DC,38.954280,-76.994140
Shaw,DC,38.912060,-77.021370
Southwest Waterfront,DC,38.879340,-77.017580
Tenleytown,DC,38.949560,-77.085810
The Parks At Walter Reed,DC,38.973990,-77.029560
The Wharf,DC,38.879130,-77.024910
Union Market,DC,38.908570,-76.998190
Van Ness,DC,38.943160,-77.062990
Washington,DC,38.895110,-77.036370
Woodley Park,DC,38.928720,-77.055810
Woodridge,DC,38.931220,-76.971090
Bear,DE,39.629280,-75.658260
Bellefonte,DE,39.766000,-75.502000
Bethany Beach,DE,38.539560,-75.055180
Blades,DE,38.635670,-75.609930
Bridgeville,DE,38.742610,-75.604370
Brookside,DE,39.667060,-75.726880
Camden,DE,39.113450,-75.541870
Cheswold,DE,39.219280,-75.585760
Claymont,DE,39.800670,-75.459640
Clayton,DE,39.290670,-75.634370
Delaware City,DE,39.577750,-75.589450
Delmar,DE,38.456510,-75.577150
Dover,DE,39.158170,-75.524370
Dover Base Housing,DE,39.117630,-75.483930
Edgemoor,DE,39.750110,-75.499640
Elsmere,DE,39.739280,-75.597980
Felton,DE,39.008450,-75.577980
Georgetown,DE,38.690110,-75.385470
Glasgow,DE,39.604830,-75.745210
Greenville,DE,39.779000,-75.598260
Greenwood,DE,38.807060,-75.591320
Harrington,DE,38.923720,-75.577700
Highland Acres,DE,39.120950,-75.521870
Hockessin,DE,39.787610,-75.696600
Kent Acres,DE,39.131780,-75.524920
Laurel,DE,38.556500,-75.571310
Lewes,DE,38.774560,-75.139350
Long Neck,DE,38.620110,-75.150740
Middletown,DE,39.449560,-75.716320
Milford,DE,38.912610,-75.427970
Millsboro,DE,38.591500,-75.291300
Milton,DE,38.777610,-75.309910
Nassau,DE,38.752060,-75.187690
New Castle,DE,39.659480,-75.563590
Newark,DE,39.683720,-75.749660
Newport,DE,39.713720,-75.609370
North Star,DE,39.761220,-75.719100
Ocean View,DE,38.545110,-75.089070
Pike Creek,DE,39.730950,-75.704100
Pike Creek Valley,DE,39.736220,-75.698270
Rehoboth Beach,DE,38.720950,-75.076010
Rising Sun-Lebanon,DE,39.099770,-75.504880
Riverview,DE,39.026500,-75.510760
Rodney Village,DE,39.132060,-75.532420
Seaford,DE,38.641230,-75.611040
Selbyville,DE,38.460390,-75.220740
Smyrna,DE,39.299830,-75.604650
Townsend,DE,39.395110,-75.691600
Wilmington,DE,39.745950,-75.546590
Wilmington Manor,DE,39.686780,-75.584370
Woodside East,DE,39.067560,-75.537480
Wyoming,DE,39.118170,-75.558810
Aberdeen,FL,26.550630,-80.148660
Alachua,FL,29.751630,-82.424830
Alafaya,FL,28.564100,-81.211400
Allapattah,FL,25.814540,-80.223940
Altamonte Springs,FL,28.661110,-81.365620
Alturas,FL,27.871690,-81.715080
Alva,FL,26.715620,-81.610080
Andover,FL,25.968430,-80.212830
Anna Maria,FL,27.531150,-82.733430
Apalachicola,FL,29.726000,-84.985600
Apollo Beach,FL,27.773080,-82.407590
Apopka,FL,28.676170,-81.511860
Arcadia,FL,27.215880,-81.858420
Archer,FL,29.529970,-82.519000
Asbury Lake,FL,30.049130,-81.821490
Astatula,FL,28.709720,-81.732850
Astor,FL,29.162480,-81.525350
Atlantic Beach,FL,30.334410,-81.398700
Atlantis,FL,26.590900,-80.100880
Auburndale,FL,28.065300,-81.788690
Ave Maria,FL,26.336670,-81.438060
Aventura,FL,25.956480,-80.139210
Avon Park,FL,27.595870,-81.506190
Azalea Park,FL,28.541110,-81.300620
Babson Park,FL,27.831970,-81.522300
Bagdad,FL,30.598800,-87.032230
Bal Harbour,FL,25.891760,-80.126990
Baldwin,FL,30.302740,-81.975390
Balm,FL,27.759470,-82.261200
Bartow,FL,27.896410,-81.843140
Bay Harbor Islands,FL,25.887590,-80.131160
Bay Hill,FL,28.468060,-81.516180
Bay Pines,FL,27.814190,-82.778160
Bayonet Point,FL,28.326670,-82.683430
Bayshore Gardens,FL,27.425320,-82.590380
Beacon Square,FL,28.208620,-82.755380
Bee Ridge,FL,27.283940,-82.480650
Bellair-Meadowbrook Terrace,FL,30.178810,-81.743410
Belle Glade,FL,26.684510,-80.667560
Belle Glade Camp,FL,26.657570,-80.682840
Belle Isle,FL,28.458340,-81.359240
Belleair,FL,27.935850,-82.806210
Belleair Beach,FL,27.923080,-82.843160
Belleair Bluffs,FL,27.921410,-82.817050
Belleview,FL,29.055260,-82.062310
Bellview,FL,30.461590,-87.314970
Beverly Hills,FL,28.916920,-82.458150
Big Coppitt Key,FL,24.596530,-81.660090
Big Pine Key,FL,24.669870,-81.353970
Biscayne Park,FL,25.882600,-80.180600
Bithlo,FL,28.554720,-81.106450
Black Diamond,FL,28.912480,-82.485930
Bloomingdale,FL,27.893640,-82.240370
Blountstown,FL,30.443790,-85.047440
Boca Del Mar,FL,26.345080,-80.146710
Boca Pointe,FL,26.333130,-80.159490
Boca Raton,FL,26.358690,-80.083100
Bokeelia,FL,26.705630,-82.158980
Bonifay,FL,30.791860,-85.679650
Bonita Springs,FL,26.339810,-81.778700
Boulevard Gardens,FL,26.123260,-80.179970
Bowling Green,FL,27.638370,-81.823970
Boyette,FL,27.817530,-82.222590
Boynton Beach,FL,26.525350,-80.066430
Bradenton,FL,27.498930,-82.574820
Bradenton Beach,FL,27.467610,-82.698300
Brandon,FL,27.937800,-82.285920
Brent,FL,30.468810,-87.236080
Bristol,FL,30.432470,-84.977020
Broadview Park,FL,26.099530,-80.208660
Bronson,FL,29.447740,-82.642330
Brookridge,FL,28.551100,-82.492040
Brooksville,FL,28.555540,-82.389910
Broward Estates,FL,26.125640,-80.193380
Brownsville,FL,25.821760,-80.241160
Buckhead Ridge,FL,27.130330,-80.893670
Buckingham,FL,26.675070,-81.732030
Buenaventura Lakes,FL,28.335840,-81.353130
Bunche Park,FL,25.920650,-80.236990
Bunnell,FL,29.466090,-81.257840
Burnt Store Marina,FL,26.765070,-82.050920
Bushnell,FL,28.664990,-82.112860
Butler Beach,FL,29.798300,-81.267010
Callahan,FL,30.562180,-81.830660
Callaway,FL,30.152980,-85.569930
Campbell,FL,28.258900,-81.456460
Cantonment,FL,30.608530,-87.339980
Cape Canaveral,FL,28.405840,-80.604770
Cape Coral,FL,26.562850,-81.949530
Carol City,FL,25.940650,-80.245600
Carrabelle,FL,29.853260,-84.664350
Carrollwood,FL,28.050020,-82.492870
Carrollwood Village,FL,28.067520,-82.520930
Carver Ranches,FL,25.988420,-80.192270
Casselberry,FL,28.677780,-81.327850
Cedar Grove,FL,30.171030,-85.625200
Celebration,FL,28.325290,-81.533130
Center Hill,FL,28.649990,-81.992580
Century,FL,30.973240,-87.263860
Charlotte Harbor,FL,26.958390,-82.067030
Charlotte Park,FL,26.910060,-82.053980
Chattahoochee,FL,30.705460,-84.845740
Cheval,FL,28.148620,-82.514540
Chiefland,FL,29.474960,-82.859840
Chipley,FL,30.781860,-85.538540
Christmas,FL,28.536390,-81.017560
Chuluota,FL,28.641940,-81.123400
Citra,FL,29.411920,-82.109820
Citrus Hills,FL,28.888310,-82.432600
Citrus Park,FL,28.078350,-82.569820
Citrus Ridge,FL,28.333850,-81.642320
Citrus Springs,FL,28.997480,-82.470650
Clarcona,FL,28.612780,-81.498680
Clearwater,FL,27.965850,-82.800100
Clermont,FL,28.549440,-81.772850
Cleveland,FL,26.961730,-81.983980
Clewiston,FL,26.754230,-80.933680
Cocoa,FL,28.386120,-80.742000
Cocoa Beach,FL,28.320550,-80.609220
Cocoa West,FL,28.359420,-80.771090
Coconut Creek,FL,26.251750,-80.178940
Coconut Grove,FL,25.712600,-80.256990
Combee Settlement,FL,28.058350,-81.905360
Connerton,FL,28.314410,-82.475390
Conway,FL,28.502780,-81.330620
Cooper City,FL,26.057310,-80.271720
Coral Gables,FL,25.721490,-80.268380
Coral Springs,FL,26.271190,-80.270600
Coral Terrace,FL,25.745930,-80.304500
Cortez,FL,27.469210,-82.686210
Country Club,FL,25.948150,-80.317000
Country Walk,FL,25.633990,-80.432280
Crawfordville,FL,30.176040,-84.375180
Crescent City,FL,29.430250,-81.510630
Crestview,FL,30.762130,-86.570510
Crooked Lake Park,FL,27.829190,-81.583970
Cross City,FL,29.634650,-83.126940
Crystal Lake,FL,28.035580,-81.908410
Crystal River,FL,28.902480,-82.592600
Crystal Springs,FL,28.181400,-82.157580
Cudjoe Key,FL,24.671530,-81.498420
Cutler,FL,25.615100,-80.310610
Cutler Bay,FL,25.578300,-80.337700
Cutler Ridge,FL,25.580660,-80.346720
Cypress Gardens,FL,27.993910,-81.690080
Cypress Lake,FL,26.538130,-81.899250
Cypress Quarters,FL,27.251990,-80.813950
Dade City,FL,28.364720,-82.195920
Dade City North,FL,28.383340,-82.193890
Dania Beach,FL,26.052310,-80.143930
Davenport,FL,28.161400,-81.601740
Davie,FL,26.062870,-80.233100
Daytona Beach,FL,29.210810,-81.022830
Daytona Beach Shores,FL,29.176090,-80.982830
De Land Southwest,FL,29.007700,-81.311290
De Leon Springs,FL,29.119890,-81.352860
DeBary,FL,28.883050,-81.308680
Deerfield Beach,FL,26.318410,-80.099770
DeFuniak Springs,FL,30.721020,-86.115220
DeLand,FL,29.028320,-81.303120
Delray Beach,FL,26.461460,-80.072820
Deltona,FL,28.900540,-81.263670
Desoto Lakes,FL,27.371430,-82.489820
Destin,FL,30.393530,-86.495780
Doctor Phillips,FL,28.449450,-81.492290
Doral,FL,25.819540,-80.355330
Dover,FL,27.994190,-82.219530
Dundee,FL,28.022520,-81.619240
Dunedin,FL,28.019900,-82.773230
Dunnellon,FL,29.049140,-82.460930
Eagle Lake,FL,27.978360,-81.756470
East Bronson,FL,29.459280,-82.590400
East Lake,FL,28.110850,-82.694820
East Lake-Orient Park,FL,27.982690,-82.378780
East Milton,FL,30.615190,-87.021630
East Naples,FL,26.138420,-81.766480
East Palatka,FL,29.658300,-81.598410
East Pensacola Heights,FL,30.428810,-87.179970
East Perrine,FL,25.608720,-80.338940
Eastpoint,FL,29.736600,-84.878520
Eatonville,FL,28.614720,-81.380620
Edgewater,FL,28.988880,-80.902280
Edgewood,FL,28.486120,-81.372290
Eglin Air Force Base,FL,30.459070,-86.550260
Eglin Village,FL,30.462980,-86.539400
Egypt Lake-Leto,FL,28.017690,-82.506190
El Portal,FL,25.855370,-80.193100
Elfers,FL,28.216680,-82.722320
Ellenton,FL,27.521710,-82.527600
Eloise,FL,27.994740,-81.738130
Englewood,FL,26.962010,-82.352600
Ensley,FL,30.518810,-87.272750
Estates of Fort Lauderdale (historical),FL,26.052200,-80.179390
Estero,FL,26.438140,-81.806750
Eustis,FL,28.852770,-81.685350
Fairview Shores,FL,28.591110,-81.394240
Feather Sound,FL,27.900790,-82.673490
Fellsmere,FL,27.767810,-80.601440
Fern Park,FL,28.649160,-81.351180
Fernandina Beach,FL,30.669680,-81.462590
Ferry Pass,FL,30.510200,-87.212470
Fish Hawk,FL,27.850580,-82.210920
Five Points,FL,30.209120,-82.637350
Flagami,FL,25.762320,-80.316160
Flagler Beach,FL,29.474980,-81.127000
Flagler Estates,FL,29.645530,-81.457000
Fleming Island,FL,30.093300,-81.718980
Floral City,FL,28.749990,-82.296760
Florida City,FL,25.447890,-80.479220
Florida Ridge,FL,27.580310,-80.386720
Forest City,FL,28.666780,-81.443340
Fort Lauderdale,FL,26.122310,-80.143380
Fort Meade,FL,27.752250,-81.801750
Fort Myers,FL,26.621680,-81.840590
Fort Myers Beach,FL,26.452710,-81.950110
Fort Myers Shores,FL,26.709240,-81.745920
Fort Pierce,FL,27.446710,-80.325610
Fort Pierce North,FL,27.473640,-80.359300
Fort Pierce South,FL,27.409620,-80.354830
Fort Walton Beach,FL,30.420590,-86.617070
Fountainebleau,FL,25.772880,-80.347830
Four Corners,FL,28.332870,-81.647380
Freeport,FL,30.498250,-86.136050
Frostproof,FL,27.745860,-81.530630
Fruit Cove,FL,30.111070,-81.641760
Fruitland Park,FL,28.861380,-81.906470
Fruitville,FL,27.329770,-82.457600
Fuller Heights,FL,27.909190,-81.998140
Fussels Corner,FL,28.054190,-81.860640
Gainesville,FL,29.651630,-82.324830
Gandy,FL,27.868500,-82.616120
Gateway,FL,26.577570,-81.750360
Geneva,FL,28.739720,-81.115060
Gibsonia,FL,28.114740,-81.973690
Gibsonton,FL,27.853640,-82.382590
Gifford,FL,27.675310,-80.409220
Gladeview,FL,25.839260,-80.235600
Glencoe,FL,29.025820,-80.972000
Glenvar Heights,FL,25.707600,-80.325610
Golden Gate,FL,26.187870,-81.695090
Golden Glades,FL,25.911760,-80.200330
Goldenrod,FL,28.610280,-81.288680
Gonzalez,FL,30.581580,-87.291360
Gotha,FL,28.527780,-81.523130
Goulding,FL,30.442980,-87.222470
Goulds,FL,25.562610,-80.382280
Graceville,FL,30.956850,-85.516600
Grant-Valkaria,FL,27.939800,-80.571040
Greater Northdale,FL,28.105450,-82.525940
Green Cove Springs,FL,29.991910,-81.678150
Greenacres City,FL,26.623680,-80.125320
Greenbriar,FL,28.011280,-82.752720
Gretna,FL,30.617140,-84.659910
Grove City,FL,26.914230,-82.327040
Groveland,FL,28.558050,-81.851190
Gulf Breeze,FL,30.357140,-87.163860
Gulf Gate Estates,FL,27.251730,-82.514710
Gulfport,FL,27.748360,-82.703430
Haines City,FL,28.114500,-81.620090
Hallandale Beach,FL,25.981200,-80.148380
Harbor Bluffs,FL,27.909470,-82.827600
Harbour Heights,FL,26.990890,-82.002310
Harlem,FL,26.737570,-80.950900
Harlem Heights,FL,26.516190,-81.927870
Havana,FL,30.623810,-84.414630
Haverhill,FL,26.691180,-80.120040
Hawthorne,FL,29.591910,-82.087320
Heathrow,FL,28.763330,-81.372250
Heritage Pines,FL,28.425220,-82.621110
Hernando,FL,28.899980,-82.374540
Hernando Beach,FL,28.469440,-82.659270
Hialeah,FL,25.857600,-80.278110
Hialeah Gardens,FL,25.865100,-80.324500
High Point,FL,28.546870,-82.524680
High Springs,FL,29.826910,-82.596780
Highland Beach,FL,26.399520,-80.065600
Highland City,FL,27.965300,-81.877860
Hiland Park,FL,30.201030,-85.626870
Hill 'n Dale,FL,28.519720,-82.299260
Hilliard,FL,30.691070,-81.917330
Hillsboro Beach,FL,26.293970,-80.078930
Hobe Sound,FL,27.059500,-80.136430
Holden Heights,FL,28.496670,-81.387850
Holiday,FL,28.187790,-82.739550
Holley,FL,30.446860,-86.906910
Holly Hill,FL,29.243590,-81.037560
Hollywood,FL,26.011200,-80.149490
Holmes Beach,FL,27.495320,-82.710930
Homestead,FL,25.468720,-80.477560
Homosassa,FL,28.781370,-82.615100
Homosassa Springs,FL,28.803590,-82.575930
Horizon West,FL,28.433830,-81.622700
Howey-in-the-Hills,FL,28.716940,-81.773410
Hudson,FL,28.364450,-82.693430
Hunters Creek,FL,28.360560,-81.422290
Hutchinson Island South,FL,27.299490,-80.220450
Hypoluxo,FL,26.566460,-80.053370
Immokalee,FL,26.418690,-81.417300
Indialantic,FL,28.089460,-80.565610
Indian Harbour Beach,FL,28.148900,-80.588390
Indian River Estates,FL,27.364490,-80.309770
Indian River Shores,FL,27.716700,-80.384220
Indian Rocks Beach,FL,27.875300,-82.851220
Indian Shores,FL,27.862800,-82.848440
Indiantown,FL,27.027280,-80.485610
Inglis,FL,29.030250,-82.668720
Interlachen,FL,29.624210,-81.892560
Inverness,FL,28.835820,-82.330370
Inverness Highlands North,FL,28.864200,-82.376880
Inverness Highlands South,FL,28.800550,-82.337100
Inwood,FL,28.036970,-81.765080
Iona,FL,26.520360,-81.963980
Islamorada,FL,24.924300,-80.627840
Island Walk,FL,26.250990,-81.711010
Isle of Normandy,FL,25.852870,-80.135050
Ives Estates,FL,25.962310,-80.176710
Jacksonville,FL,30.332180,-81.655650
Jacksonville Beach,FL,30.294690,-81.393140
Jan-Phyl Village,FL,28.014740,-81.771750
Jasmine Estates,FL,28.293060,-82.690100
Jasper,FL,30.518270,-82.948190
Jensen Beach,FL,27.254490,-80.229770
June Park,FL,28.072240,-80.680060
Juno Beach,FL,26.879780,-80.053370
Jupiter,FL,26.934220,-80.094210
Kathleen,FL,28.120850,-82.023140
Kendale Lakes,FL,25.708160,-80.407000
Kendall,FL,25.679270,-80.317270
Kendall Green,FL,26.253970,-80.123930
Kendall West,FL,25.706500,-80.438800
Kenneth City,FL,27.815580,-82.720100
Kensington Park,FL,27.359490,-82.496490
Key Biscayne,FL,25.693710,-80.162820
Key Largo,FL,25.086520,-80.447280
Key Vista,FL,28.194700,-82.770380
Key West,FL,24.555240,-81.781630
Keystone,FL,28.155850,-82.621210
Keystone Heights,FL,29.786080,-82.031490
Kings Point,FL,26.445350,-80.139770
Kissimmee,FL,28.304680,-81.416670
LaBelle,FL,26.761730,-81.438410
Lacoochee,FL,28.465830,-82.172030
Lady Lake,FL,28.917490,-81.922860
Laguna Beach,FL,30.239650,-85.924100
Lake Alfred,FL,28.091960,-81.723410
Lake Belvedere Estates,FL,26.689230,-80.133380
Lake Butler,FL,28.501670,-81.540910
Lake City,FL,30.189680,-82.639290
Lake Clarke Shores,FL,26.645340,-80.075880
Lake Forest,FL,25.977590,-80.183100
Lake Hamilton,FL,28.044460,-81.627850
Lake Helen,FL,28.980820,-81.233390
Lake Lorraine,FL,30.441590,-86.565230
Lake Lucerne,FL,25.965090,-80.241440
Lake Mack-Forest Hills,FL,29.000740,-81.423970
Lake Magdalene,FL,28.074180,-82.471760
Lake Mary,FL,28.758880,-81.317840
Lake Panasoffkee,FL,28.777000,-82.120000
Lake Park,FL,26.800340,-80.066430
Lake Placid,FL,27.298340,-81.371240
Lake Sarasota,FL,27.292550,-82.437600
Lake Wales,FL,27.901410,-81.585910
Lake Worth Beach,FL,26.617080,-80.072310
Lake Worth Corridor,FL,26.616490,-80.101020
Lakeland,FL,28.039470,-81.949800
Lakeland Highlands,FL,27.959750,-81.950080
Lakes by the Bay,FL,25.572330,-80.325330
Lakeside,FL,30.129960,-81.768150
Lakewood Park,FL,27.543090,-80.402270
Land O' Lakes,FL,28.218900,-82.457590
Lantana,FL,26.586740,-80.051990
Largo,FL,27.909790,-82.788420
Lauderdale Lakes,FL,26.166470,-80.208380
Lauderdale-by-the-Sea,FL,26.192030,-80.096430
Lauderhill,FL,26.140360,-80.213380
Laurel,FL,27.143780,-82.461580
Lealman,FL,27.821140,-82.679270
Lecanto,FL,28.851650,-82.487600
Leesburg,FL,28.810820,-81.877860
Lehigh Acres,FL,26.625350,-81.624800
Leisure City,FL,25.495390,-80.429220
Lely,FL,26.100650,-81.728420
Lely Resort,FL,26.080930,-81.697860
Lighthouse Point,FL,26.275640,-80.087270
Limestone Creek,FL,26.942840,-80.141150
Little Havana,FL,25.768060,-80.233060
Live Oak,FL,30.294950,-82.984020
Lochmoor Waterway Estates,FL,26.644240,-81.909810
Lockhart,FL,28.619440,-81.442570
Longboat Key,FL,27.412540,-82.658990
Longwood,FL,28.703050,-81.338400
Loughman,FL,28.241960,-81.566740
Lower Grand Lagoon,FL,30.144090,-85.750760
Loxahatchee Groves,FL,26.683680,-80.279770
Lutz,FL,28.151120,-82.461480
Lynn Haven,FL,30.245480,-85.648260
Macclenny,FL,30.282180,-82.122060
Madeira Beach,FL,27.798080,-82.797320
Madison,FL,30.469380,-83.412930
Maitland,FL,28.627780,-81.363120
Malabar,FL,28.003630,-80.565610
Malone,FL,30.957690,-85.162150
Manasota Key,FL,26.925340,-82.352040
Manatee Road,FL,29.513020,-82.914290
Mango,FL,27.979740,-82.306480
Mangonia Park,FL,26.760340,-80.073650
Marathon,FL,24.713750,-81.090350
Marco,FL,25.972600,-81.728980
Marco Island,FL,25.941210,-81.718420
Margate,FL,26.244530,-80.206440
Marianna,FL,30.774360,-85.226870
Marion Oaks,FL,29.008590,-82.183150
Mary Esther,FL,30.410150,-86.665090
Masaryktown,FL,28.441670,-82.457040
Mascotte,FL,28.578330,-81.886750
Mayo,FL,30.053000,-83.174860
McGregor,FL,26.560910,-81.914530
Meadow Oaks,FL,28.346190,-82.602840
Meadow Woods,FL,28.385560,-81.366460
Medulla,FL,27.967800,-81.973420
Melbourne,FL,28.083630,-80.608110
Melbourne Beach,FL,28.068350,-80.560330
Melrose Park,FL,26.113420,-80.193380
Memphis,FL,27.535870,-82.561210
Merritt Island,FL,28.359000,-80.690000
Mexico Beach,FL,29.948090,-85.419950
Miami,FL,25.774270,-80.193660
Miami Beach,FL,25.790650,-80.130050
Miami Gardens,FL,25.942040,-80.245600
Miami Lakes,FL,25.908710,-80.308660
Miami Shores,FL,25.863150,-80.192830
Miami Springs,FL,25.822320,-80.289500
Micco,FL,27.880580,-80.500330
Middleburg,FL,30.068850,-81.860380
Midway,FL,30.406480,-87.005530
Milton,FL,30.632410,-87.039690
Mims,FL,28.665270,-80.844780
Minneola,FL,28.574440,-81.746190
Miramar,FL,25.987310,-80.232270
Miramar Beach,FL,30.374370,-86.358560
Molino,FL,30.724080,-87.314140
Monticello,FL,30.545150,-83.871300
Montura,FL,26.636450,-81.100450
Montverde,FL,28.600280,-81.673960
Moore Haven,FL,26.833120,-81.093120
Mount Dora,FL,28.802490,-81.644520
Mount Plymouth,FL,28.808050,-81.533130
Mulberry,FL,27.895300,-81.973420
Myrtle Grove,FL,30.421030,-87.307470
Naples,FL,26.142340,-81.795960
Naples Manor,FL,26.088700,-81.726200
Naples Park,FL,26.261750,-81.809250
Naranja,FL,25.518160,-80.422830
Nassau Village-Ratliff,FL,30.511110,-81.809250
Navarre,FL,30.401590,-86.863570
Neptune Beach,FL,30.311910,-81.396470
New Port Richey,FL,28.244180,-82.719270
New Port Richey East,FL,28.260270,-82.692610
New Smyrna Beach,FL,29.025820,-80.927000
Newberry,FL,29.646350,-82.606500
Niceville,FL,30.516860,-86.482170
Nocatee,FL,27.160330,-81.882310
Nokomis,FL,27.119220,-82.444260
Norland,FL,25.948980,-80.212270
North Andrews Gardens,FL,26.191470,-80.144210
North Bay Village,FL,25.846210,-80.153940
North Brooksville,FL,28.573050,-82.408150
North DeLand,FL,29.049430,-81.298120
North Fort Myers,FL,26.667290,-81.880090
North Key Largo,FL,25.267340,-80.323390
North Lauderdale,FL,26.217300,-80.225880
North Miami,FL,25.890090,-80.186710
North Miami Beach,FL,25.933150,-80.162550
North Palm Beach,FL,26.817560,-80.081990
North Port,FL,27.044220,-82.235930
North Redington Beach,FL,27.816140,-82.820660
North River Shores,FL,27.217550,-80.269770
North Sarasota,FL,27.373930,-82.518430
North Weeki Wachee,FL,28.550140,-82.558880
Northdale,FL,28.093900,-82.505610
Oak Hill,FL,28.864430,-80.854500
Oak Ridge,FL,28.471120,-81.424520
Oakland,FL,28.555000,-81.633130
Oakland Park,FL,26.172310,-80.131990
Oakleaf Plantation,FL,30.170830,-81.835490
Ocala,FL,29.187200,-82.140090
Ocean City,FL,30.441030,-86.613560
Ocean Ridge,FL,26.527020,-80.048370
Ocoee,FL,28.569170,-81.543960
Odessa,FL,28.193900,-82.591760
Ojus,FL,25.948430,-80.150600
Okeechobee,FL,27.243930,-80.829780
Oldsmar,FL,28.034180,-82.665100
Olga,FL,26.718960,-81.712300
Olympia Heights,FL,25.726770,-80.355330
On Top of the World,FL,29.115160,-82.291290
Opa-locka,FL,25.902320,-80.250330
Orange City,FL,28.948880,-81.298670
Orange Park,FL,30.166070,-81.706480
Orangetree,FL,26.292860,-81.588420
Oriole Beach,FL,30.373810,-87.091360
Orlando,FL,28.538340,-81.379240
Orlovista,FL,28.538340,-81.460350
Ormond Beach,FL,29.285810,-81.055890
Ormond-by-the-Sea,FL,29.349140,-81.066450
Osprey,FL,27.196160,-82.490370
Oviedo,FL,28.670000,-81.208120
Pace,FL,30.599360,-87.161080
Pahokee,FL,26.820060,-80.665340
Palatka,FL,29.648580,-81.637580
Palm Aire,FL,26.206190,-80.191710
Palm Bay,FL,28.034460,-80.588660
Palm Beach,FL,26.705620,-80.036430
Palm Beach Gardens,FL,26.823390,-80.138650
Palm Beach Shores,FL,26.778120,-80.035600
Palm City,FL,27.167830,-80.266160
Palm Coast,FL,29.584970,-81.207840
Palm Harbor,FL,28.078070,-82.763710
Palm River-Clair Mel,FL,27.923860,-82.379390
Palm Springs,FL,26.635900,-80.096150
Palm Springs North,FL,25.935100,-80.333830
Palm Valley,FL,30.177460,-81.387580
Palmetto,FL,27.521430,-82.572320
Palmetto Bay,FL,25.621770,-80.324770
Palmetto Estates,FL,25.621490,-80.362000
Palmona Park,FL,26.686460,-81.896480
Panama City,FL,30.159460,-85.659830
Panama City Beach,FL,30.176590,-85.805490
Paradise Heights,FL,28.623610,-81.543960
Parker,FL,30.131040,-85.603260
Parkland,FL,26.310080,-80.237270
Pasadena Hills,FL,28.280010,-82.224380
Pebble Creek,FL,28.148350,-82.345650
Pelican Bay,FL,26.231200,-81.805640
Pembroke Park,FL,25.987870,-80.174770
Pembroke Pines,FL,26.003150,-80.223940
Pensacola,FL,30.421310,-87.216910
Perry,FL,30.117660,-83.582740
Pierson,FL,29.239420,-81.465630
Pine Castle,FL,28.471950,-81.367850
Pine Hills,FL,28.557780,-81.453400
Pine Island Center,FL,26.613690,-82.118150
Pine Island Ridge,FL,26.094810,-80.273940
Pine Manor,FL,26.572850,-81.878140
Pine Ridge,FL,28.938310,-82.473430
Pinecrest,FL,25.667050,-80.308110
Pinellas Park,FL,27.842800,-82.699540
Pinewood,FL,25.868980,-80.216990
Placid Lakes,FL,27.241440,-81.407020
Plant City,FL,28.018880,-82.114690
Plantation,FL,26.134210,-80.231840
Plantation Mobile Home Park,FL,26.703120,-80.132270
Poinciana,FL,28.140290,-81.458410
Point Baker,FL,30.690190,-87.053580
Polk City,FL,28.182510,-81.823970
Pompano Beach,FL,26.237860,-80.124770
Pompano Beach Highlands,FL,26.282860,-80.106990
Ponce Inlet,FL,29.096370,-80.937000
Ponte Vedra Beach,FL,30.239690,-81.385640
Port Charlotte,FL,26.976170,-82.090640
Port LaBelle,FL,26.756450,-81.405080
Port Orange,FL,29.138320,-80.995610
Port Richey,FL,28.271680,-82.719550
Port Saint Joe,FL,29.811880,-85.302970
Port Saint John,FL,28.476950,-80.788670
Port Saint Lucie,FL,27.293930,-80.350330
Port Salerno,FL,27.144220,-80.200600
Pretty Bayou,FL,30.196590,-85.696600
Princeton,FL,25.538440,-80.408940
Progress Village,FL,27.900300,-82.364540
Punta Gorda,FL,26.929780,-82.045370
Punta Gorda Isles,FL,26.917560,-82.078420
Punta Rassa,FL,26.487860,-82.012310
Quail Ridge,FL,28.349050,-82.555320
Quincy,FL,30.587140,-84.583250
Redington Beach,FL,27.808640,-82.811210
Redington Shores,FL,27.826140,-82.828990
Richmond Heights,FL,25.631490,-80.368940
Richmond West,FL,25.610500,-80.429710
Ridge Manor,FL,28.507500,-82.170360
Ridge Wood Heights,FL,27.287270,-82.513150
Ridgecrest,FL,27.897500,-82.805290
River Park,FL,27.314210,-80.347270
Riverview,FL,27.866140,-82.326480
Riviera Beach,FL,26.775340,-80.058100
Rock Island,FL,26.155090,-80.176990
Rockledge,FL,28.350840,-80.725330
Roosevelt Gardens,FL,26.140870,-80.180270
Roseland,FL,27.835860,-80.493110
Rotonda West,FL,26.883680,-82.290090
Royal Palm Beach,FL,26.708400,-80.230600
Royal Palm Estates,FL,26.681000,-80.133000
Ruskin,FL,27.720860,-82.433150
Safety Harbor,FL,27.990850,-82.693160
Saint Augustine,FL,29.894690,-81.314520
Saint Augustine Beach,FL,29.850530,-81.265350
Saint Augustine Shores,FL,29.810800,-81.310350
Saint Augustine South,FL,29.842490,-81.314480
Saint Cloud,FL,28.248900,-81.281180
Saint George,FL,28.056410,-82.727880
Saint James City,FL,26.497580,-82.078430
Saint Leo,FL,28.337230,-82.258420
Saint Pete Beach,FL,27.725310,-82.741210
Samoset,FL,27.469480,-82.541490
Samsula-Spruce Creek,FL,29.049320,-81.061920
San Antonio,FL,28.336110,-82.274530
San Carlos Park,FL,26.467300,-81.801470
Sandalfoot Cove,FL,26.338630,-80.186900
Sanford,FL,28.800550,-81.273120
Sanibel,FL,26.448970,-82.022310
Santa Rosa Beach,FL,30.396030,-86.228830
Sarasota,FL,27.336430,-82.530650
Sarasota Springs,FL,27.308940,-82.479540
Satellite Beach,FL,28.176120,-80.590050
Sawgrass,FL,30.192740,-81.370640
Schall Circle,FL,26.715620,-80.115040
Scott Lake,FL,25.941480,-80.231990
Seaside,FL,30.321030,-86.141610
Sebastian,FL,27.816410,-80.470610
Sebring,FL,27.495590,-81.440910
Seffner,FL,27.983630,-82.275650
Seminole,FL,27.839750,-82.791210
Seminole Manor,FL,26.583680,-80.100320
Sewall's Point,FL,27.199490,-80.202270
Shady Hills,FL,28.410000,-82.542880
Sharpes,FL,28.432230,-80.760050
Siesta Key,FL,27.267850,-82.545260
Silver Lake,FL,28.841930,-81.798410
Silver Springs,FL,29.216640,-82.057590
Silver Springs Shores,FL,29.104420,-82.020640
Sky Lake,FL,28.457230,-81.391460
Sneads,FL,30.708010,-84.925520
South Apopka,FL,28.661940,-81.509520
South Bay,FL,26.663960,-80.716170
South Beach,FL,27.591150,-80.344220
South Bradenton,FL,27.463100,-82.581760
South Brooksville,FL,28.535820,-82.384030
South Daytona,FL,29.165820,-81.004500
South Gate Ridge,FL,27.286440,-82.496760
South Highpoint,FL,27.916970,-82.712880
South Miami,FL,25.707600,-80.293380
South Miami Heights,FL,25.597610,-80.380610
South Palm Beach,FL,26.588960,-80.038650
South Pasadena,FL,27.755030,-82.737600
South Patrick Shores,FL,28.202230,-80.609500
South Sarasota,FL,27.286160,-82.532880
South Venice,FL,27.053110,-82.424260
Southchase,FL,28.393060,-81.383400
Southeast Arcadia,FL,27.186290,-81.852100
Southgate,FL,27.308100,-82.509820
Southwest Ranches,FL,26.058700,-80.337270
Spring Hill,FL,28.476880,-82.525460
Springfield,FL,30.153260,-85.611320
St. Johns,FL,30.081500,-81.547740
St. Petersburg,FL,27.770860,-82.679270
Starke,FL,29.944130,-82.109830
Steinhatchee,FL,29.671060,-83.387640
Stock Island,FL,24.567090,-81.738420
Stuart,FL,27.197550,-80.252830
Sugarmill Woods,FL,28.732210,-82.506210
Sun City Center,FL,27.718090,-82.351760
Suncoast Estates,FL,26.711740,-81.868970
Sunny Isles Beach,FL,25.950650,-80.122820
Sunrise,FL,26.133970,-80.113100
Sunset,FL,25.705940,-80.352280
Sunshine Ranches,FL,26.045920,-80.328940
Surfside,FL,25.878430,-80.125600
Sweetwater,FL,25.763430,-80.373110
Taft,FL,28.429730,-81.365070
Tallahassee,FL,30.438260,-84.280730
Tamarac,FL,26.212860,-80.249770
Tamiami,FL,25.758710,-80.398390
Tampa,FL,27.947520,-82.458430
Tangelo Park,FL,28.455840,-81.445900
Tangerine,FL,28.764990,-81.630630
Tarpon Springs,FL,28.146120,-82.756770
Tavares,FL,28.804160,-81.725630
Tavernier,FL,25.011520,-80.515060
Taylor Creek,FL,27.216710,-80.789500
Tedder,FL,26.284250,-80.122270
Temple Terrace,FL,28.035300,-82.389260
Tequesta,FL,26.959000,-80.088000
Terra Mar,FL,26.216190,-80.095320
The Acreage,FL,26.794040,-80.267490
The Crossings,FL,25.670660,-80.401170
The Hammocks,FL,25.671490,-80.444500
The Meadows,FL,27.361710,-82.468980
The Villages,FL,28.934080,-81.959940
Thonotosassa,FL,28.061410,-82.302310
Three Lakes,FL,25.642050,-80.398390
Three Oaks,FL,26.470080,-81.793970
Tice,FL,26.674790,-81.815080
Tierra Verde,FL,27.691970,-82.723430
Tiger Point,FL,30.378530,-87.055520
Timber Pines,FL,28.470280,-82.603160
Titusville,FL,28.612220,-80.807550
Town 'n' Country,FL,28.010570,-82.577320
Treasure Island,FL,27.769190,-82.768990
Trenton,FL,29.613290,-82.817620
Trinity,FL,28.180850,-82.681770
Twin Lakes,FL,26.180920,-80.160050
Tyndall Air Force Base,FL,30.085350,-85.607310
Umatilla,FL,28.929430,-81.665630
Union Park,FL,28.568060,-81.286180
University,FL,28.073890,-82.439020
University Park,FL,25.746490,-80.367550
Upper Grand Lagoon,FL,30.163260,-85.740760
Valparaiso,FL,30.508530,-86.502730
Valrico,FL,27.937890,-82.236440
Vamo,FL,27.222000,-82.497870
Venice,FL,27.099780,-82.454260
Venice Gardens,FL,27.073110,-82.407600
Vero Beach,FL,27.638640,-80.397270
Vero Beach South,FL,27.616380,-80.413080
Verona Walk,FL,26.084120,-81.679850
Viera East,FL,28.262340,-80.714490
Viera West,FL,28.245040,-80.733800
Villages of Oriole,FL,26.462300,-80.152820
Villano Beach,FL,29.938580,-81.302020
Villas,FL,26.550350,-81.868700
Vineyards,FL,26.223730,-81.727980
Virginia Gardens,FL,25.810380,-80.302270
Wabasso Beach,FL,27.764750,-80.398940
Wahneta,FL,27.952800,-81.727020
Waldo,FL,29.789690,-82.167320
Wallace,FL,30.677410,-87.179970
Warm Mineral Springs,FL,27.059780,-82.260090
Warrington,FL,30.384090,-87.274970
Washington Park,FL,26.132590,-80.181160
Watertown,FL,30.192450,-82.614570
Wauchula,FL,27.547260,-81.811470
Wedgefield,FL,28.487780,-81.077290
Weeki Wachee Gardens,FL,28.533610,-82.629540
Wekiwa Springs,FL,28.698610,-81.425630
Wellborn,FL,30.231060,-82.819570
Wellington,FL,26.658680,-80.241440
Wesley Chapel,FL,28.239730,-82.327870
West and East Lealman,FL,27.819930,-82.689440
West Bradenton,FL,27.502540,-82.613990
West DeLand,FL,29.015820,-81.333120
West Gate,FL,26.702570,-80.098100
West Hollywood,FL,26.020650,-80.183940
West Little River,FL,25.857040,-80.236990
West Melbourne,FL,28.071680,-80.653390
West Miami,FL,25.763430,-80.296160
West Palm Beach,FL,26.715340,-80.053370
West Park,FL,25.984540,-80.198940
West Pensacola,FL,30.426590,-87.279690
West Perrine,FL,25.605940,-80.362830
West Samoset,FL,27.469480,-82.556760
West Vero Corridor,FL,27.637750,-80.485760
Westchase,FL,28.055020,-82.609820
Westchester,FL,25.754820,-80.327270
Weston,FL,26.100370,-80.399770
Westview,FL,25.882040,-80.241990
Westwood Lake,FL,25.729270,-80.372830
Wewahitchka,FL,30.112700,-85.200470
Whiskey Creek,FL,26.572580,-81.890090
White City,FL,27.373930,-80.333940
Whitfield,FL,27.411710,-82.565930
Wildwood,FL,28.865420,-82.040580
Williamsburg,FL,28.414450,-81.442850
Williston,FL,29.387470,-82.446770
Williston Highlands,FL,29.340520,-82.541500
Willow Oak,FL,27.916140,-82.017860
Wilton Manors,FL,26.160360,-80.138930
Wimauma,FL,27.712530,-82.298980
Windermere,FL,28.495560,-81.534800
Winston,FL,28.031690,-82.014810
Winter Beach,FL,27.719200,-80.420610
Winter Garden,FL,28.565280,-81.586180
Winter Haven,FL,28.022240,-81.732860
Winter Park,FL,28.600000,-81.339240
Winter Springs,FL,28.698890,-81.308120
Woodlawn Beach,FL,30.388250,-86.990800
Woodville,FL,30.314090,-84.247400
Wright,FL,30.455750,-86.638290
Yalaha,FL,28.738600,-81.808690
Youngstown,FL,30.364360,-85.438260
Yulee,FL,30.631900,-81.606490
Zellwood,FL,28.731110,-81.601180
Zephyrhills,FL,28.233620,-82.181190
Zephyrhills North,FL,28.251720,-82.165570
Zephyrhills South,FL,28.214920,-82.188730
Zephyrhills West,FL,28.230810,-82.205560
Zolfo Springs,FL,27.493370,-81.795920
Abbeville,GA,31.992120,-83.306820
Acworth,GA,34.066350,-84.678370
Adairsville,GA,34.368700,-84.934110
Adel,GA,31.137270,-83.424080
Alamo,GA,32.147120,-82.777920
Albany,GA,31.578510,-84.155740
Alma,GA,31.539370,-82.462360
Alpharetta,GA,34.075380,-84.294090
Alto,GA,34.467320,-83.573780
Americus,GA,32.072390,-84.232690
Appling,GA,33.546080,-82.317300
Aragon,GA,34.045650,-85.056060
Arcade,GA,34.077890,-83.561550
Arlington,GA,31.439900,-84.724920
Ashburn,GA,31.706010,-83.653220
Athens,GA,33.960950,-83.377940
Atlanta,GA,33.749000,-84.387980
Auburn,GA,34.013720,-83.827680
Augusta,GA,33.470970,-81.974840
Austell,GA,33.812610,-84.634380
Avondale Estates,GA,33.771490,-84.267140
Bainbridge,GA,30.903800,-84.575470
Baldwin,GA,34.491770,-83.537390
Ball Ground,GA,34.338150,-84.376590
Barnesville,GA,33.054570,-84.155750
Baxley,GA,31.778250,-82.348460
Belvedere Park,GA,33.754830,-84.267420
Berkeley Lake,GA,33.983710,-84.186580
Blackshear,GA,31.306050,-82.242070
Blairsville,GA,34.876200,-83.958240
Blakely,GA,31.377680,-84.934090
Bloomingdale,GA,32.132420,-81.299000
Blue Ridge,GA,34.863970,-84.324090
Blue Ridge Manor,GA,33.860100,-84.600210
Bogart,GA,33.949280,-83.534610
Bonanza,GA,33.465670,-84.336590
Boston,GA,30.791860,-83.789890
Bowdon,GA,33.537890,-85.253280
Braselton,GA,34.109270,-83.762670
Bremen,GA,33.721220,-85.145500
Brookhaven,GA,33.858440,-84.340200
Brooklet,GA,32.379630,-81.663170
Broxton,GA,31.625190,-82.886810
Brunswick,GA,31.150130,-81.491470
Buchanan,GA,33.802600,-85.188560
Buena Vista,GA,32.319040,-84.517140
Buford,GA,34.120660,-84.004350
Butler,GA,32.557090,-84.238250
Byron,GA,32.653760,-83.759630
Cairo,GA,30.877510,-84.202140
Calhoun,GA,34.502590,-84.951050
Camilla,GA,31.231290,-84.210460
Candler-McAfee,GA,33.726720,-84.272460
Canton,GA,34.236760,-84.490760
Carnesville,GA,34.369830,-83.235160
Carrollton,GA,33.580110,-85.076610
Cartersville,GA,34.165330,-84.802310
Cave Spring,GA,34.107600,-85.336340
Cedartown,GA,34.011230,-85.255930
Centerville,GA,32.630140,-83.689630
Chamblee,GA,33.892050,-84.298810
Chatsworth,GA,34.765910,-84.769940
Chattahoochee Hills,GA,33.550630,-84.760490
Chattanooga Valley,GA,34.932850,-85.355510
Chester,GA,32.393780,-83.152930
Chickamauga,GA,34.871190,-85.290790
Clarkesville,GA,34.612600,-83.524890
Clarkston,GA,33.809550,-84.239640
Claxton,GA,32.161580,-81.904000
Clayton,GA,34.878150,-83.400990
Cleveland,GA,34.597040,-83.763240
Cochran,GA,32.386830,-83.354610
College Park,GA,33.653440,-84.449370
Colquitt,GA,31.171290,-84.733250
Columbus,GA,32.460980,-84.987710
Comer,GA,34.063720,-83.125430
Commerce,GA,34.204000,-83.457110
Conley,GA,33.644830,-84.325760
Conyers,GA,33.667610,-84.017690
Cordele,GA,31.963510,-83.782390
Cornelia,GA,34.511490,-83.527120
Country Club Estates,GA,31.212730,-81.464270
Covington,GA,33.596780,-83.860180
Crawfordville,GA,33.554020,-82.895980
Cumming,GA,34.207320,-84.140190
Cusseta,GA,32.305430,-84.772700
Cuthbert,GA,31.771270,-84.789370
Dacula,GA,33.988720,-83.897960
Dahlonega,GA,34.532590,-83.984910
Dallas,GA,33.923710,-84.840770
Dalton,GA,34.769800,-84.970220
Danielsville,GA,34.124280,-83.221260
Darien,GA,31.370230,-81.433990
Davisboro,GA,32.979040,-82.607910
Dawson,GA,31.773820,-84.448000
Dawsonville,GA,34.421210,-84.119080
Decatur,GA,33.774830,-84.296310
Deenwood,GA,31.235000,-82.375000
Demorest,GA,34.565100,-83.545170
Dock Junction,GA,31.202450,-81.516770
Donalsonville,GA,31.040460,-84.879090
Doraville,GA,33.898160,-84.283260
Douglas,GA,31.508810,-82.849870
Douglasville,GA,33.751500,-84.747710
Druid Hills,GA,33.780380,-84.336040
Dublin,GA,32.540440,-82.903750
Duluth,GA,34.002880,-84.144640
Dunwoody,GA,33.946210,-84.334650
East Dublin,GA,32.548220,-82.871810
East Griffin,GA,33.243730,-84.228810
East Newnan,GA,33.350670,-84.776600
East Point,GA,33.679550,-84.439370
Eastman,GA,32.197670,-83.177650
Eatonton,GA,33.326800,-83.388500
Edison,GA,31.558230,-84.738250
Elberton,GA,34.111590,-82.868630
Ellaville,GA,32.238210,-84.309080
Ellijay,GA,34.694810,-84.482150
Emerson,GA,34.127040,-84.755490
Enigma,GA,31.412970,-83.329050
Euharlee,GA,34.144820,-84.933000
Evans,GA,33.533750,-82.130670
Experiment,GA,33.265390,-84.281590
Fair Oaks,GA,33.916490,-84.544650
Fairburn,GA,33.567060,-84.581040
Fairview,GA,34.945630,-85.284400
Fayetteville,GA,33.448730,-84.454930
Firing Range,GA,33.437520,-82.690680
Fitzgerald,GA,31.714910,-83.252650
Flowery Branch,GA,34.185100,-83.925180
Folkston,GA,30.830950,-82.011310
Forest Park,GA,33.622050,-84.369090
Forsyth,GA,33.034300,-83.938240
Fort Gaines,GA,31.609240,-85.049330
Fort Oglethorpe,GA,34.948960,-85.256900
Fort Stewart,GA,31.872170,-81.610010
Fort Valley,GA,32.553760,-83.887410
Franklin,GA,33.277620,-85.098000
Franklin Springs,GA,34.284830,-83.144320
Gainesville,GA,34.297880,-83.824070
Garden City,GA,32.114370,-81.154000
Georgetown,GA,31.983260,-81.227330
Gibson,GA,33.233480,-82.595410
Glennville,GA,31.936590,-81.928450
Gordon,GA,32.882090,-83.332380
Grantville,GA,33.234840,-84.835770
Gray,GA,33.009580,-83.533780
Grayson,GA,33.894270,-83.955740
Greensboro,GA,33.575680,-83.182380
Greenville,GA,33.028740,-84.712980
Gresham Park,GA,33.703440,-84.314370
Griffin,GA,33.246780,-84.264090
Grovetown,GA,33.450420,-82.198180
Gumlog,GA,34.491770,-83.096540
Guyton,GA,32.336300,-81.391500
Hahira,GA,30.991310,-83.372660
Hamilton,GA,32.757910,-84.874930
Hampton,GA,33.387060,-84.282980
Hannahs Mill,GA,32.932910,-84.349360
Hapeville,GA,33.660110,-84.410200
Hardwick,GA,33.068200,-83.223490
Harlem,GA,33.414580,-82.312620
Hartwell,GA,34.352880,-82.932090
Hawkinsville,GA,32.283770,-83.472120
Hazlehurst,GA,31.869630,-82.594300
Helena,GA,32.073790,-82.914590
Henderson,GA,32.008130,-81.258870
Hephzibah,GA,33.314030,-82.096790
Hiawassee,GA,34.949260,-83.757390
Hinesville,GA,31.846880,-81.595950
Hiram,GA,33.875660,-84.762160
Hogansville,GA,33.173180,-84.914940
Holly Springs,GA,34.173990,-84.501320
Homer,GA,34.333720,-83.499050
Homerville,GA,31.036600,-82.747080
Hoschton,GA,34.096500,-83.761280
Indian Springs,GA,33.242620,-83.920740
Irondale,GA,33.480670,-84.358810
Irwinton,GA,32.811260,-83.172650
Isle of Hope,GA,31.981880,-81.060940
Jackson,GA,33.294570,-83.966020
Jasper,GA,34.467870,-84.429090
Jefferson,GA,34.117050,-83.572390
Jeffersonville,GA,32.687650,-83.346560
Jesup,GA,31.607850,-81.886340
Johns Creek,GA,34.028930,-84.198580
Jonesboro,GA,33.521500,-84.353810
Kennesaw,GA,34.023430,-84.615490
Kings Bay Base,GA,30.798360,-81.565890
Kingsland,GA,30.799960,-81.689830
Knoxville,GA,32.724310,-83.997690
LaFayette,GA,34.704800,-85.281900
LaGrange,GA,33.039290,-85.031330
Lake City,GA,33.606500,-84.335200
Lakeland,GA,31.041040,-83.075150
Lakeview,GA,34.979240,-85.258840
Lakeview Estates,GA,33.706780,-84.031580
Lavonia,GA,34.435940,-83.106820
Lawrenceville,GA,33.956210,-83.987960
Leesburg,GA,31.732120,-84.170740
Lexington,GA,33.869840,-83.111820
Lilburn,GA,33.890100,-84.142970
Lincolnton,GA,33.792350,-82.479020
Lindale,GA,34.186760,-85.174670
Lithia Springs,GA,33.794000,-84.660490
Lithonia,GA,33.712330,-84.105190
Locust Grove,GA,33.345950,-84.109080
Loganville,GA,33.839000,-83.900740
Lookout Mountain,GA,34.977580,-85.357740
Louisville,GA,33.001540,-82.411240
Lovejoy,GA,33.436220,-84.314370
Ludowici,GA,31.707990,-81.742340
Lula,GA,34.387600,-83.666290
Lumber City,GA,31.929350,-82.679580
Lumpkin,GA,32.050990,-84.799090
Lyons,GA,32.204350,-82.321790
Mableton,GA,33.818720,-84.582430
Macon,GA,32.840690,-83.632400
Madison,GA,33.595680,-83.467940
Manchester,GA,32.859850,-84.619930
Marietta,GA,33.952600,-84.549930
Marshallville,GA,32.456260,-83.940190
Martinez,GA,33.517360,-82.075670
Maysville,GA,34.252880,-83.561550
McCaysville,GA,34.986190,-84.371310
McDonough,GA,33.447340,-84.146860
McRae,GA,32.067950,-82.900700
Meigs,GA,31.072410,-84.089070
Metter,GA,32.397120,-82.060120
Midway,GA,31.805770,-81.430660
Milledgeville,GA,33.080140,-83.232100
Millen,GA,32.804050,-81.949280
Milton,GA,34.132160,-84.300670
Monroe,GA,33.794840,-83.713230
Montezuma,GA,32.305160,-84.027410
Montgomery,GA,31.940490,-81.122050
Monticello,GA,33.304850,-83.683230
Morgan,GA,31.537670,-84.599360
Morrow,GA,33.583170,-84.339370
Moultrie,GA,31.179910,-83.789060
Mount Airy,GA,34.518710,-83.500730
Mount Vernon,GA,32.178510,-82.594580
Mount Zion,GA,33.634280,-85.187170
Mountain City,GA,34.918150,-83.385440
Mountain Park,GA,33.844270,-84.129360
Nahunta,GA,31.204390,-81.981230
Nashville,GA,31.207420,-83.250150
Nelson,GA,34.382040,-84.371030
Newnan,GA,33.380670,-84.799660
Newton,GA,31.312960,-84.335740
Nicholls,GA,31.517420,-82.634860
Nicholson,GA,34.114000,-83.431550
Norcross,GA,33.941210,-84.213530
North Decatur,GA,33.790380,-84.306030
North Druid Hills,GA,33.816770,-84.313260
Oakwood,GA,34.227600,-83.884350
Ocilla,GA,31.594470,-83.251300
Oglethorpe,GA,32.293770,-84.061020
Omega,GA,31.341020,-83.593500
Oxford,GA,33.619000,-83.867410
Palmetto,GA,33.517890,-84.669650
Panthersville,GA,33.707330,-84.271870
Peachtree City,GA,33.396780,-84.595760
Peachtree Corners,GA,33.970100,-84.221590
Pearson,GA,31.297700,-82.852370
Pelham,GA,31.128020,-84.153040
Pembroke,GA,32.136340,-81.623480
Perry,GA,32.458210,-83.731570
Pine Mountain,GA,32.864850,-84.854100
Pooler,GA,32.115480,-81.247060
Port Wentworth,GA,32.149090,-81.163170
Porterdale,GA,33.575110,-83.893800
Powder Springs,GA,33.859550,-84.683820
Preston,GA,32.065990,-84.537420
Putney,GA,31.470180,-84.117680
Quitman,GA,30.784920,-83.559880
Raoul,GA,34.449540,-83.594340
Ray City,GA,31.074640,-83.199320
Redan,GA,33.745380,-84.131580
Reed Creek,GA,34.445940,-82.924870
Reidsville,GA,32.086860,-82.117900
Remerton,GA,30.844090,-83.310430
Reynolds,GA,32.559870,-84.096300
Reynoldstown,GA,33.751940,-84.354440
Richland,GA,32.087930,-84.667420
Richmond Hill,GA,31.938270,-81.303440
Rincon,GA,32.296030,-81.235390
Ringgold,GA,34.915910,-85.109120
Riverdale,GA,33.572610,-84.413260
Robins Air Force Base,GA,32.609110,-83.584440
Rochelle,GA,31.951010,-83.456270
Rockmart,GA,34.002600,-85.041610
Rome,GA,34.257040,-85.164670
Rossville,GA,34.983130,-85.286070
Roswell,GA,34.023160,-84.361590
Royston,GA,34.287050,-83.110150
Russell,GA,33.978720,-83.700170
Rydal,GA,34.335370,-84.715490
Saint Simon Mills,GA,31.170790,-81.407320
Saint Simons Island,GA,31.150510,-81.369540
Sandersville,GA,32.981540,-82.810140
Sandy Springs,GA,33.924270,-84.378540
Sardis,GA,32.796520,-84.638810
Savannah,GA,32.083540,-81.099830
Scottdale,GA,33.789830,-84.264090
Senoia,GA,33.302340,-84.553820
Shannon,GA,34.336760,-85.071340
Skidaway Island,GA,31.934940,-81.047050
Smyrna,GA,33.883990,-84.514380
Snellville,GA,33.857330,-84.019910
Social Circle,GA,33.656230,-83.718230
Soperton,GA,32.377120,-82.592360
South Fulton,GA,33.592590,-84.672940
Sparks,GA,31.166860,-83.437380
Sparta,GA,33.275700,-82.976260
Springfield,GA,32.372410,-81.311500
St Marys,GA,30.756770,-81.571730
St. Marys,GA,30.730510,-81.546490
Statenville,GA,30.703270,-83.027640
Statesboro,GA,32.448790,-81.783170
Statham,GA,33.965110,-83.596550
Sterling,GA,31.272450,-81.561490
Stockbridge,GA,33.544280,-84.233810
Stone Mountain,GA,33.808160,-84.170200
Stonecrest,GA,33.708490,-84.134850
Sugar Hill,GA,34.106490,-84.033520
Summerville,GA,34.480640,-85.347730
Sunnyside,GA,31.239380,-82.342070
Suwanee,GA,34.051490,-84.071300
Swainsboro,GA,32.597390,-82.333740
Sylvania,GA,32.750440,-81.636780
Sylvester,GA,31.530920,-83.836930
Talbotton,GA,32.677640,-84.539370
Tallapoosa,GA,33.744550,-85.288010
Temple,GA,33.737050,-85.032440
Tennille,GA,32.935990,-82.811530
Thomaston,GA,32.888190,-84.326590
Thomasville,GA,30.836580,-83.978780
Thomson,GA,33.470690,-82.504570
Thunderbolt,GA,32.033540,-81.049830
Tifton,GA,31.450460,-83.508500
Toccoa,GA,34.577320,-83.332390
Trenton,GA,34.872020,-85.509130
Trion,GA,34.543970,-85.310510
Tucker,GA,33.854550,-84.217140
Twin City,GA,32.582940,-82.155120
Tybee Island,GA,32.000220,-80.845670
Tyrone,GA,33.471230,-84.597150
Unadilla,GA,32.261550,-83.736570
Union City,GA,33.587060,-84.542430
Union Point,GA,33.615680,-83.074600
Unionville,GA,31.434910,-83.509610
Valdosta,GA,30.833340,-83.280320
Varnell,GA,34.901190,-84.973830
Vidalia,GA,32.217690,-82.413460
Vienna,GA,32.091560,-83.795450
Villa Rica,GA,33.732050,-84.919110
Vinings,GA,33.864830,-84.464370
Wadley,GA,32.866820,-82.404020
Walnut Grove,GA,33.742610,-83.852400
Walthourville,GA,31.774100,-81.632610
Warner Robins,GA,32.615740,-83.626640
Warrenton,GA,33.407080,-82.662080
Washington,GA,33.736790,-82.739310
Watkinsville,GA,33.862900,-83.408770
Waycross,GA,31.213680,-82.355700
Waynesboro,GA,33.089870,-82.015670
West Point,GA,32.877910,-85.183270
West Warrenton,GA,33.412170,-82.675170
Whitemarsh Island,GA,32.028820,-81.016780
Willacoochee,GA,31.340760,-83.045980
Wilmington Island,GA,32.003550,-80.973720
Winder,GA,33.992610,-83.720170
Winterville,GA,33.967060,-83.278210
Woodbine,GA,30.963960,-81.724160
Woodstock,GA,34.101490,-84.519380
Wrens,GA,33.207650,-82.391790
Wrightsville,GA,32.729330,-82.719860
Young Harris,GA,34.933150,-83.847120
Zebulon,GA,33.102350,-84.342700
'A'ala,HI,21.315440,-157.862830
Aina Haina,HI,21.281940,-157.752500
Aina Haina-Hawaii Loa Ridge,HI,21.291390,-157.755780
Ainaloa,HI,19.526940,-154.993060
Airport,HI,21.339900,-157.928450
Ala Moana,HI,21.292010,-157.842760
Ala Moana - Kakaʻako,HI,21.296490,-157.856710
Aliamanu / Salt Lakes / Foster Village,HI,21.360220,-157.918380
Aliamanu Makai,HI,21.358670,-157.919170
Aliamanu Mauka,HI,21.359930,-157.906660
Anahola,HI,22.142260,-159.313880
Barbers Point Housing,HI,21.321320,-158.080910
Camp H.M. Smith,HI,21.384710,-157.909620
Captain Cook,HI,19.496940,-155.921670
Chinatown,HI,21.311730,-157.861830
Diamond Head,HI,21.262720,-157.796010
Diamond Head / Kapahulu / Saint Louis Heights,HI,21.276970,-157.811270
Discovery Harbor,HI,19.044110,-155.631900
Downtown,HI,21.302490,-157.858370
Dowsett Highlands,HI,21.337350,-157.833820
East Honolulu,HI,21.289060,-157.717340
East Kapolei,HI,21.358600,-158.051260
East Manoa,HI,21.305440,-157.811450
Eden Roc,HI,19.490280,-155.102780
Enchanted Lake,HI,21.380700,-157.736450
Farrington,HI,21.332210,-157.870570
Fern Acres,HI,19.512220,-155.080280
Fern Forest,HI,19.465560,-155.135560
Financial District,HI,21.309240,-157.861340
Ford Island,HI,21.349810,-157.959240
Fort Shafter,HI,21.344110,-157.886280
Haiku-Pauwela,HI,20.921870,-156.305080
Hale‘iwa,HI,21.592840,-158.103390
Haliimaile,HI,20.871400,-156.345710
Hana,HI,20.758060,-155.990280
Hanamā‘ulu,HI,21.994000,-159.355000
Hanapēpē,HI,21.907330,-159.594400
Hanapēpē Heights,HI,21.916330,-159.589950
Hauʻula-Punaluʻu,HI,21.598000,-157.897090
Hau‘ula,HI,21.607600,-157.908680
Hawaiian Acres,HI,19.538060,-155.052220
Hawaiian Beaches,HI,19.543060,-154.915830
Hawaiian Ocean View,HI,19.068610,-155.765000
Hawaiian Paradise Park,HI,19.593330,-154.973060
Hawai‘i Kai,HI,21.296370,-157.701750
Haʻikū,HI,20.915470,-156.321850
Helemano,HI,21.536020,-158.018940
He‘eia,HI,21.430540,-157.816110
Hickam Field,HI,21.339670,-157.960180
Hilo,HI,19.729910,-155.090730
Honalo,HI,19.546390,-155.931940
Honaunau-Napoopoo,HI,19.456270,-155.864660
Honoka‘a,HI,20.079310,-155.466910
Honolulu,HI,21.306940,-157.858330
Ho‘olehua,HI,21.167760,-157.070420
Huelo,HI,20.904840,-156.225160
Hālawa,HI,21.379440,-157.921670
Hālawa Heights,HI,21.378480,-157.913880
Hāwī,HI,20.241220,-155.833510
Hōlualoa,HI,19.619790,-155.948310
Iroquois Point,HI,21.327760,-157.983010
Iwilei-Anuenue,HI,21.315230,-157.873160
Joint Base Pearl Harbor Hickam,HI,21.349060,-157.947130
Kaanapali Landing,HI,20.930900,-156.687780
Kahaluu-Keauhou,HI,19.571810,-155.961720
Kahalu‘u,HI,21.457590,-157.844310
Kahuku,HI,21.680480,-157.952370
Kahuku-Kawela,HI,21.693800,-157.974670
Kahului,HI,20.889330,-156.472930
Kailua,HI,21.402410,-157.740540
Kailua Town,HI,21.392660,-157.735360
Kailua-Kona,HI,19.640160,-155.999120
Kaimukī,HI,21.279140,-157.801350
Kakaʻako,HI,21.302050,-157.857340
Kalaeloa-Campbell Industrial Park,HI,21.313760,-158.087680
Kalaheo Hillside,HI,21.416200,-157.752550
Kalama Valley,HI,21.296840,-157.671700
Kalanipuu,HI,21.292950,-157.690710
Kalaoa,HI,19.728610,-155.981670
Kalihi Valley,HI,21.363730,-157.842940
Kalihi-Palama,HI,21.326080,-157.875940
Kalāheo,HI,21.924160,-159.526860
Kamehameha Heights,HI,21.333930,-157.862820
Kaneohe,HI,21.399940,-157.798950
Kapaau,HI,20.233890,-155.801940
Kapa‘a,HI,22.075210,-159.318950
Kapolei,HI,21.335550,-158.058200
Kapolei Villages,HI,21.335960,-158.067000
Kaumakani-Hanapepe,HI,21.923580,-159.542830
Kaunakakai,HI,21.089390,-157.022550
Kawailoa,HI,21.623150,-158.080410
Ka‘a‘awa,HI,21.554450,-157.851030
Kealakekua,HI,19.520830,-155.922500
Kea‘au,HI,19.622650,-155.037440
Kekaha,HI,21.966860,-159.711860
Kekaha-Waimea,HI,21.971840,-159.692660
Keolu Hills,HI,21.376400,-157.725010
Kihei Mauka,HI,20.743050,-156.439950
Ko Olina,HI,21.339930,-158.125620
Ko ʻOlina-Honokai Hale,HI,21.337310,-158.117290
Koloa,HI,21.903650,-159.466630
Koloa-Poipu,HI,21.894490,-159.464670
Koolauloa,HI,21.605790,-157.926500
Kuakini,HI,21.321290,-157.855670
Kualapu‘u,HI,21.153060,-157.036770
Kula,HI,20.790940,-156.326950
Kuliouou - Kalani Iki,HI,21.297130,-157.745000
Kuli‘ou‘ou,HI,21.287610,-157.738960
Kurtistown,HI,19.603610,-155.057220
Kā‘anapali,HI,20.928810,-156.694220
Kēōkea,HI,20.707110,-156.354460
Kīhei,HI,20.764620,-156.445780
Kīlauea,HI,22.212080,-159.413420
Lahaina,HI,20.875260,-156.679820
Lanai City,HI,20.827570,-156.923990
Lanikai,HI,21.388800,-157.714900
Laupāhoehoe,HI,19.986660,-155.236530
Lawai,HI,21.921590,-159.503760
Leilani Estates,HI,19.469720,-154.917780
Lihue,HI,21.981210,-159.372100
Liliha - Kapalama,HI,21.337350,-157.854180
Lower Aiea,HI,21.378520,-157.932240
Lower McCully,HI,21.290050,-157.828590
Lower Palolo,HI,21.292790,-157.801750
Lower Pawaa,HI,21.298490,-157.840400
Lower Pearl City,HI,21.402930,-157.957580
Lower Waiau,HI,21.395940,-157.965070
Lower Wilhelmina,HI,21.281550,-157.794370
Lā‘ie,HI,21.645470,-157.922500
Makakilo,HI,21.352370,-158.086550
Makakilo / Kapolei / Honokai Hale,HI,21.337400,-158.096760
Makakilo City,HI,21.346940,-158.085830
Makakilo-Makaīwa Hills-Kunia,HI,21.366760,-158.073260
Makawao,HI,20.856940,-156.313060
Makiki / Lower Punchbowl / Tantalus,HI,21.317560,-157.831220
Makua Valley,HI,21.520210,-158.221420
Manana Housing,HI,21.401620,-157.981080
Manoa,HI,21.316080,-157.804230
Marine Corps Base Hawaii - MCBH,HI,21.443360,-157.749810
Mariner's Ridge,HI,21.288120,-157.703700
Maunawili,HI,21.372780,-157.770560
Mayor Wright Housing,HI,21.320250,-157.864120
McCully - Moiliili,HI,21.294610,-157.831180
Mililani Mauka,HI,21.477930,-157.994520
Mililani Mauka / Launani Valley,HI,21.478850,-157.987990
Mililani Town,HI,21.450400,-158.015030
Moanalua,HI,21.367770,-157.891130
Moanalua Valley,HI,21.353090,-157.887140
Mokulēia,HI,21.579670,-158.153130
Mountain View,HI,19.555830,-155.108060
Mākaha,HI,21.466270,-158.210370
Mākaha Valley,HI,21.475830,-158.199180
Mākaha-Kaʻena,HI,21.483560,-158.230300
Mā‘ili,HI,21.416290,-158.175310
Mō‘ili‘ili,HI,21.294670,-157.830020
Nanawale Estates,HI,19.506110,-154.911940
Napili-Honokowai,HI,20.975330,-156.678260
Newtown,HI,21.399720,-157.937890
Niu Valley,HI,21.284300,-157.737060
Nuuanu - Punchbowl,HI,21.342150,-157.828520
Nānākuli,HI,21.393620,-158.154290
Ocean Pointe,HI,21.310660,-158.036380
"Olinda, CDP",HI,20.823680,-156.292360
Olomana,HI,21.377250,-157.756020
Omao-Kukuiula,HI,21.900970,-159.485940
Orchidlands Estates,HI,19.560840,-155.015270
Pacific Palisades,HI,21.425620,-157.953490
Paia,HI,20.903330,-156.369440
Palama,HI,21.322980,-157.864480
Palolo,HI,21.312800,-157.780410
Pauoa,HI,21.320760,-157.838390
Pearl City,HI,21.397340,-157.975160
Pepeekeo,HI,19.833610,-155.107220
Portlock,HI,21.271180,-157.706550
Po‘ipū,HI,21.873500,-159.448570
Princeville,HI,22.217580,-159.478880
Puhi,HI,21.968880,-159.400120
Pukalani,HI,20.836670,-156.336670
Punahou,HI,21.300230,-157.827000
Punalu‘u,HI,21.570450,-157.875570
Pupukea,HI,21.654560,-158.060650
Pāhala,HI,19.202970,-155.478600
Pāpa‘ikou,HI,19.787180,-155.093260
Pū‘ōhala Village,HI,21.408490,-157.795560
Robinson Heights,HI,21.382830,-158.028560
Royal Kunia,HI,21.393920,-158.026700
Schofield Barracks,HI,21.498370,-158.065150
Schofield-Wheeler,HI,21.483940,-158.046810
Spreckelsville,HI,20.896940,-156.415000
St. Louis Heights,HI,21.298370,-157.803930
Sunset Beach-Pūpūkea,HI,21.662230,-158.054060
Tantalus,HI,21.308560,-157.828370
Upper Kalihi Valley,HI,21.354610,-157.856050
Upper Manoa,HI,21.323100,-157.806260
Upper Palolo,HI,21.312420,-157.786770
Upper Pauoa,HI,21.317380,-157.838970
Village Park,HI,21.398060,-158.030280
Volcano,HI,19.442760,-155.233980
Wahiawā,HI,21.502790,-158.024640
Wahiawā-Whitmore,HI,21.505650,-158.033530
Waialae - Kahala,HI,21.270070,-157.784280
Waialae Iki,HI,21.284400,-157.766060
Waialae Nui Ridge-Ainakoa,HI,21.281430,-157.780360
Waialua,HI,21.576880,-158.131540
Waianae,HI,21.437850,-158.185550
Waiau-Pacific Palisades,HI,21.400220,-157.954450
Waihee-Waiehu,HI,20.930220,-156.504580
Waikapū,HI,20.858060,-156.506940
Waikoloa,HI,19.939420,-155.789310
Waikīkī,HI,21.285500,-157.835940
Wailea,HI,20.689730,-156.441900
Wailea-Makena,HI,20.662560,-156.427360
Wailua,HI,22.052710,-159.337810
Wailua Homesteads,HI,22.072440,-159.376770
Wailuku,HI,20.891330,-156.506040
Wailupe,HI,21.275500,-157.757040
Waimalu,HI,21.389550,-157.938820
Waimanalo,HI,21.346140,-157.723800
Waimea,HI,20.023230,-155.672880
Waimānalo Beach,HI,21.334070,-157.700030
Wainaku,HI,19.744720,-155.095000
Waipahu,HI,21.386670,-158.009170
Waipio,HI,21.418230,-157.999060
Waipi‘o Acres,HI,21.464850,-158.013310
Waiʻalae Nui-Country Club,HI,21.273290,-157.780100
Ward Village,HI,21.293250,-157.852080
West Loch Estates,HI,21.372440,-158.024180
Wheeler Army Airfield,HI,21.475150,-158.033950
Whitmore Village,HI,21.514290,-158.024640
ʻEwa Beach-Iroquois Point,HI,21.315320,-157.991330
ʻEwa Gentry-West Loch,HI,21.353350,-158.028360
ʻEwa Villages-Honouliuli,HI,21.345300,-158.051210
‘Aiea,HI,21.382220,-157.933610
‘Aiea Heights,HI,21.390830,-157.920530
‘Ele‘ele,HI,21.907380,-159.583220
‘Ewa Beach,HI,21.315560,-158.007220
‘Ewa Gentry,HI,21.339990,-158.030390
‘Ewa Villages,HI,21.341270,-158.039700
‘Āhuimanu,HI,21.444720,-157.837780
‘Ālewa Heights,HI,21.340510,-157.848170
‘Ōma‘o,HI,21.925810,-159.488180
Ackley,IA,42.554150,-93.053260
Adel,IA,41.614430,-94.017450
Akron,IA,42.828880,-96.559480
Albia,IA,41.026670,-92.805750
Algona,IA,43.069970,-94.233020
Allison,IA,42.752750,-92.795190
Alta,IA,42.673590,-95.290550
Alton,IA,42.987490,-96.010570
Altoona,IA,41.644160,-93.464660
Ames,IA,42.034710,-93.619940
Anamosa,IA,42.108340,-91.285160
Ankeny,IA,41.729710,-93.605770
Aplington,IA,42.584150,-92.884360
Arnolds Park,IA,43.372740,-95.123880
Asbury,IA,42.514450,-90.751520
Atkins,IA,41.996940,-91.862130
Atlantic,IA,41.403600,-95.013880
Audubon,IA,41.718040,-94.932490
Avoca,IA,41.476660,-95.338050
Baxter,IA,41.826100,-93.151590
Bedford,IA,40.666930,-94.721360
Belle Plaine,IA,41.896940,-92.278240
Bellevue,IA,42.258630,-90.422910
Belmond,IA,42.846080,-93.614100
Bettendorf,IA,41.524480,-90.515690
Bloomfield,IA,40.751690,-92.414910
Blue Grass,IA,41.508920,-90.765980
Bondurant,IA,41.700540,-93.462160
Boone,IA,42.059700,-93.880230
Britt,IA,43.097740,-93.801890
Brooklyn,IA,41.733610,-92.445460
Buffalo,IA,41.456420,-90.723470
Buffalo (historical),IA,41.311100,-94.003560
Burlington,IA,40.807540,-91.112920
Camanche,IA,41.788090,-90.256240
Carlisle,IA,41.500820,-93.491050
Carroll,IA,42.065820,-94.866930
Carter Lake,IA,41.290550,-95.918070
Cascade,IA,42.298620,-91.014860
Cedar Falls,IA,42.527760,-92.445470
Cedar Rapids,IA,42.008330,-91.644070
Center Point,IA,42.190830,-91.785180
Centerville,IA,42.092760,-93.935510
Central City,IA,42.203880,-91.524060
Chariton,IA,41.013890,-93.306600
Charles City,IA,43.066360,-92.672410
Cherokee,IA,42.749430,-95.551670
Clarinda,IA,40.739810,-95.038000
Clarion,IA,42.731640,-93.732990
Clarksville,IA,42.784700,-92.667690
Clear Lake,IA,43.138020,-93.379370
Clinton,IA,41.844470,-90.188740
Clive,IA,41.603040,-93.724110
Colfax,IA,41.677770,-93.245200
Columbus Junction,IA,41.280030,-91.360710
Conrad,IA,42.224710,-92.874650
Coon Rapids,IA,41.870820,-94.677480
Coralville,IA,41.676400,-91.580450
Corning,IA,40.989990,-94.740810
Corydon,IA,40.756950,-93.318820
Council Bluffs,IA,41.261940,-95.860830
Cresco,IA,43.381360,-92.114050
Creston,IA,41.058600,-94.361350
Dakota City,IA,42.722190,-94.197180
Dallas Center,IA,41.684430,-93.961060
Davenport,IA,41.523640,-90.577640
De Soto,IA,41.531660,-94.009670
De Witt,IA,41.823360,-90.538190
Decorah,IA,43.303310,-91.785710
Denison,IA,42.017770,-95.355280
Denver,IA,42.671370,-92.337400
Des Moines,IA,41.600540,-93.609110
Dike,IA,42.464150,-92.628250
Dubuque,IA,42.500560,-90.664570
Durant,IA,41.599750,-90.910700
Dyersville,IA,42.484440,-91.122910
Dysart,IA,42.171660,-92.306300
Eagle Grove,IA,42.664140,-93.904390
Earlham,IA,41.491930,-94.124120
Eddyville,IA,41.156500,-92.637390
Eldora,IA,42.360820,-93.099650
Eldridge,IA,41.658090,-90.584580
Elk Run Heights,IA,42.466930,-92.256570
Elkader,IA,42.853870,-91.405420
Ely,IA,41.873620,-91.585180
Emmetsburg,IA,43.112740,-94.683040
Epworth,IA,42.445000,-90.932080
Estherville,IA,43.401630,-94.832760
Evansdale,IA,42.469150,-92.281020
Fairbank,IA,42.639150,-92.047120
Fairfax,IA,41.919450,-91.781010
Fairfield,IA,41.008630,-91.962670
Farley,IA,42.442780,-91.006250
Fayette,IA,42.841930,-91.802110
Forest City,IA,43.262460,-93.637160
Fort Dodge,IA,42.497470,-94.168020
Fort Madison,IA,40.629760,-91.315150
Garner,IA,43.102460,-93.601880
George,IA,43.343860,-96.002240
Gilbert,IA,42.106930,-93.649660
Glenwood,IA,41.046940,-95.742510
Glidden,IA,42.056930,-94.728870
Granger,IA,41.761100,-93.824390
Greene,IA,42.895810,-92.802420
Greenfield,IA,41.305270,-94.461350
Grimes,IA,41.688320,-93.791060
Grinnell,IA,41.743050,-92.722410
Grundy Center,IA,42.361650,-92.768530
Guthrie Center,IA,41.677210,-94.503300
Guttenberg,IA,42.785820,-91.099570
Hamburg,IA,40.604450,-95.657770
Hampton,IA,42.741920,-93.202420
Harlan,IA,41.653040,-95.325550
Hartley,IA,43.179970,-95.476950
Hawarden,IA,42.995820,-96.485310
Hiawatha,IA,42.035830,-91.682120
Holstein,IA,42.489150,-95.545000
Hudson,IA,42.406650,-92.455470
Hull,IA,43.188590,-96.133630
Humboldt,IA,42.720800,-94.215240
Huxley,IA,41.895270,-93.600770
Ida Grove,IA,42.344990,-95.471670
Independence,IA,42.468600,-91.889340
Indianola,IA,41.358050,-93.557440
Iowa City,IA,41.661130,-91.530170
Iowa Falls,IA,42.522480,-93.251310
Jefferson,IA,42.015260,-94.377470
Jesup,IA,42.475540,-92.063790
Jewell,IA,42.306930,-93.640220
Johnston,IA,41.673040,-93.697720
Kalona,IA,41.483070,-91.706000
Keokuk,IA,40.397270,-91.384870
Keosauqua,IA,40.730310,-91.962390
Kingsley,IA,42.588320,-95.967520
Knoxville,IA,41.320830,-93.109370
La Porte City,IA,42.314990,-92.192130
Lake City,IA,42.267480,-94.733870
Lake Mills,IA,43.419400,-93.533270
Lake Panorama,IA,41.711050,-94.390590
Lake Park,IA,43.455520,-95.320830
Lake View,IA,42.311650,-95.053320
Lamoni,IA,40.622780,-93.934120
Laurens,IA,42.846640,-94.851930
Le Claire,IA,41.598640,-90.343460
Le Mars,IA,42.794160,-96.165580
Lenox,IA,40.881650,-94.561910
Leon,IA,40.739720,-93.747720
Lisbon,IA,41.921120,-91.385450
Logan,IA,41.643050,-95.788900
Lone Tree,IA,41.488080,-91.425990
Madrid,IA,41.876650,-93.823280
Maharishi Vedic City,IA,41.052520,-91.994900
Malvern,IA,41.002780,-95.585280
Manchester,IA,42.484150,-91.455430
Manly,IA,43.287180,-93.202150
Manning,IA,41.909150,-95.064990
Manson,IA,42.529140,-94.534140
Mapleton,IA,42.165820,-95.793060
Maquoketa,IA,42.068910,-90.665690
Marcus,IA,42.825820,-95.807510
Marengo,IA,41.798060,-92.070740
Marion,IA,42.034170,-91.597680
Marshalltown,IA,42.049430,-92.907980
Mason City,IA,43.153570,-93.201040
Mechanicsville,IA,41.904460,-91.254610
Mediapolis,IA,41.008090,-91.164040
Melcher-Dallas,IA,41.225000,-93.241320
Milford,IA,43.324690,-95.150000
Missouri Valley,IA,41.556380,-95.887790
Mitchellville,IA,41.668600,-93.357710
Monona,IA,43.051650,-91.389300
Monroe,IA,41.522210,-93.101870
Montezuma,IA,41.585830,-92.527410
Monticello,IA,42.238340,-91.187090
Mount Ayr,IA,40.714710,-94.235230
Mount Pleasant,IA,40.963640,-91.557940
Mount Vernon,IA,41.921950,-91.416840
Moville,IA,42.488880,-96.072520
Muscatine,IA,41.424470,-91.043210
Nashua,IA,42.952750,-92.536300
Nevada,IA,42.022770,-93.452430
New Hampton,IA,43.059140,-92.317680
New London,IA,40.926980,-91.399600
New Sharon,IA,41.470000,-92.651300
Newton,IA,41.699710,-93.047980
Nora Springs,IA,43.142750,-93.004370
North English,IA,41.513900,-92.076290
North Liberty,IA,41.749180,-91.597950
Northwood,IA,43.444120,-93.221040
Norwalk,IA,41.475550,-93.678830
Oakland,IA,41.309160,-95.396670
Oelwein,IA,42.673320,-91.913500
Ogden,IA,42.039150,-94.027730
Onawa,IA,42.026650,-96.097240
Orange City,IA,43.007210,-96.058350
Osage,IA,43.284140,-92.811030
Osceola,IA,41.033890,-93.765500
Oskaloosa,IA,41.296390,-92.644360
Ottumwa,IA,41.020010,-92.411300
Palo,IA,42.066110,-91.795460
Panora,IA,41.691650,-94.363020
Park View,IA,41.694200,-90.545690
Parkersburg,IA,42.577480,-92.786860
Paullina,IA,42.979150,-95.688070
Pella,IA,41.408050,-92.916310
Peosta,IA,42.450560,-90.850410
Perry,IA,41.838600,-94.107180
Pleasant Hill,IA,41.583880,-93.519940
Pleasantville,IA,41.385830,-93.269370
Pocahontas,IA,42.735530,-94.669150
Polk City,IA,41.771380,-93.713000
Postville,IA,43.084700,-91.568200
Prairie City,IA,41.599430,-93.235210
Preston,IA,42.050300,-90.414020
Primghar,IA,43.086920,-95.627230
Red Oak,IA,41.009720,-95.225550
Reinbeck,IA,42.323600,-92.599360
Remsen,IA,42.814710,-95.973350
Riverside,IA,41.479740,-91.581280
Robins,IA,42.071110,-91.666840
Rock Rapids,IA,43.427190,-96.175860
Rock Valley,IA,43.205260,-96.295030
Rockwell,IA,42.985240,-93.191870
Rockwell City,IA,42.395260,-94.633870
Roland,IA,42.166370,-93.501880
Sac City,IA,42.422200,-94.989710
Saint Ansgar,IA,43.378300,-92.918810
Sanborn,IA,43.181640,-95.655570
Saylorville,IA,41.678600,-93.629660
Sergeant Bluff,IA,42.403880,-96.358640
Sheffield,IA,42.893300,-93.215200
Sheldon,IA,43.181090,-95.856130
Shell Rock,IA,42.710260,-92.582970
Shenandoah,IA,40.765550,-95.372210
Sibley,IA,43.399140,-95.751960
Sidney,IA,40.748330,-95.647500
Sigourney,IA,41.333340,-92.204630
Sioux Center,IA,43.079710,-96.175580
Sioux City,IA,42.499990,-96.400310
Slater,IA,41.877760,-93.678550
Solon,IA,41.807230,-91.494060
Spencer,IA,43.141360,-95.144440
Spirit Lake,IA,43.422180,-95.102220
Springville,IA,42.059450,-91.442670
State Center,IA,42.016650,-93.163540
Storm Lake,IA,42.641090,-95.209720
Story City,IA,42.187210,-93.595770
Strawberry Point,IA,42.683600,-91.534030
Stuart,IA,41.503320,-94.318570
Sumner,IA,42.847480,-92.091560
Tama,IA,41.966660,-92.576860
Tiffin,IA,41.705850,-91.662950
Tipton,IA,41.769740,-91.127930
Toledo,IA,41.995550,-92.576860
Traer,IA,42.193600,-92.465470
Tripoli,IA,42.808040,-92.258230
University Heights,IA,41.655020,-91.556840
Urbana,IA,42.224160,-91.874340
Urbandale,IA,41.626660,-93.712170
Van Meter,IA,41.531930,-93.954120
Villisca,IA,40.929710,-94.976090
Vinton,IA,42.168610,-92.023510
Walcott,IA,41.584750,-90.772090
Walford,IA,41.878340,-91.834620
Wapello,IA,41.181420,-91.185430
Washington,IA,41.299180,-91.692940
Waterloo,IA,42.492760,-92.342960
Waukee,IA,41.611660,-93.885230
Waukon,IA,43.269420,-91.475700
Waverly,IA,42.725810,-92.475460
Webster City,IA,42.469420,-93.816050
Wellman,IA,41.464180,-91.838230
West Branch,IA,41.671410,-91.346550
West Burlington,IA,40.825040,-91.156540
West Des Moines,IA,41.577210,-93.711330
West Liberty,IA,41.570020,-91.263770
West Union,IA,42.962760,-91.808220
Williamsburg,IA,41.661120,-92.009070
Wilton,IA,41.588920,-91.016820
Windsor Heights,IA,41.597770,-93.708280
Winfield,IA,41.123080,-91.441270
Winterset,IA,41.330820,-94.013840
Woodbine,IA,41.738320,-95.702780
Woodward,IA,41.856930,-93.921900
Aberdeen,ID,42.944080,-112.838330
American Falls,ID,42.786020,-112.854440
Ammon,ID,43.469640,-111.966640
Arco,ID,43.636570,-113.300280
Ashton,ID,44.071580,-111.448290
Bellevue,ID,43.463520,-114.260600
Blackfoot,ID,43.190470,-112.344980
Boise,ID,43.613500,-116.203450
Bonners Ferry,ID,48.691330,-116.316310
Buhl,ID,42.599070,-114.759490
Burley,ID,42.535740,-113.792790
Caldwell,ID,43.662940,-116.687360
Cascade,ID,44.516280,-116.041800
Challis,ID,44.504640,-114.231730
Chubbuck,ID,42.920750,-112.466090
Coeur d'Alene,ID,47.677680,-116.780470
Conda,ID,42.728250,-111.532450
Council,ID,44.729890,-116.438200
Dalton Gardens,ID,47.729630,-116.770190
Driggs,ID,43.723250,-111.111330
Dubois,ID,44.176300,-112.230820
Eagle,ID,43.695440,-116.354010
Eagle Foothills,ID,43.740060,-116.387910
Emmett,ID,43.873500,-116.499300
Fairfield,ID,43.346570,-114.791730
Filer,ID,42.570190,-114.607820
Fort Hall,ID,43.033250,-112.438310
Fruitland,ID,44.007660,-116.916550
Garden City,ID,43.622110,-116.238170
Glenns Ferry,ID,42.954900,-115.300900
Gooding,ID,42.938790,-114.713110
Grangeville,ID,45.926550,-116.122370
Hailey,ID,43.519630,-114.315320
Hansen,ID,42.530680,-114.301010
Hayden,ID,47.766020,-116.786580
Heyburn,ID,42.558520,-113.763900
Hidden Spring,ID,43.722160,-116.250930
Homedale,ID,43.617660,-116.933760
Idaho City,ID,43.828500,-115.834550
Idaho Falls,ID,43.466580,-112.034140
Iona,ID,43.526300,-111.933020
Jerome,ID,42.724070,-114.518650
Kamiah,ID,46.227120,-116.029310
Kellogg,ID,47.538260,-116.119330
Ketchum,ID,43.680740,-114.363660
Kimberly,ID,42.533800,-114.364760
Kuna,ID,43.491830,-116.420120
Lapwai,ID,46.404890,-116.804870
Lewiston,ID,46.416550,-117.017660
Lewiston Orchards,ID,46.380440,-116.975430
Lincoln,ID,43.512970,-111.964410
Malad City,ID,42.191590,-112.250800
Marsing,ID,43.545440,-116.813200
McCall,ID,44.911010,-116.098740
Meridian,ID,43.612110,-116.391510
Middleton,ID,43.706830,-116.620140
Montpelier,ID,42.322150,-111.297700
Moreland,ID,43.222690,-112.442480
Moscow,ID,46.732390,-117.000170
Mountain Home,ID,43.132950,-115.691200
Murphy,ID,43.218220,-116.552340
Nampa,ID,43.540720,-116.563460
New Plymouth,ID,43.969890,-116.819040
Nezperce,ID,46.234890,-116.240700
Orofino,ID,46.479350,-116.255140
Osburn,ID,47.506040,-115.999330
Paris,ID,42.227150,-111.401040
Parma,ID,43.785160,-116.943210
Paul,ID,42.607960,-113.783350
Payette,ID,44.078220,-116.933770
Pinehurst,ID,47.538810,-116.237390
Plummer,ID,47.335180,-116.888510
Pocatello,ID,42.871300,-112.445530
Ponderay,ID,48.305480,-116.533800
Post Falls,ID,47.717960,-116.951590
Preston,ID,42.096310,-111.876620
Priest River,ID,48.180970,-116.911570
Rathdrum,ID,47.812400,-116.896590
Rexburg,ID,43.826020,-111.789690
Rigby,ID,43.672410,-111.914970
Rupert,ID,42.619080,-113.677230
Saint Anthony,ID,43.966300,-111.682180
Saint Maries,ID,47.314350,-116.562670
Salmon,ID,45.175750,-113.895900
Sandpoint,ID,48.276590,-116.553250
Shelley,ID,43.381300,-112.123310
Shoshone,ID,42.936020,-114.405880
Soda Springs,ID,42.654370,-111.604670
Spirit Lake,ID,47.966290,-116.868530
Star,ID,43.692110,-116.493460
Sugar City,ID,43.872970,-111.748300
Sun Valley,ID,43.697130,-114.351720
Twin Falls,ID,42.562970,-114.460870
Tyhee,ID,42.951580,-112.466370
Ucon,ID,43.596300,-111.963860
Victor,ID,43.602700,-111.111330
Wallace,ID,47.474090,-115.927940
Weiser,ID,44.251000,-116.969330
Wendell,ID,42.775740,-114.704220
Wilder,ID,43.676550,-116.911820
Abingdon,IL,40.804480,-90.401800
Addison,IL,41.931700,-87.988960
Albany Park,IL,41.968360,-87.723390
Albers,IL,38.543380,-89.612310
Albion,IL,38.377550,-88.056150
Aledo,IL,41.199760,-90.749310
Algonquin,IL,42.165580,-88.294250
Alorton,IL,38.589770,-90.120110
Alsip,IL,41.668920,-87.738660
Altamont,IL,39.061990,-88.748110
Alton,IL,38.890600,-90.184280
Amboy,IL,41.714200,-89.328710
Andalusia,IL,41.439200,-90.717640
Anna,IL,37.460330,-89.247030
Antioch,IL,42.477240,-88.095640
Arcola,IL,39.684760,-88.306440
Arlington Heights,IL,42.088360,-87.980630
Arthur,IL,39.714760,-88.472280
Ashburn,IL,41.747530,-87.711160
Ashland,IL,39.887830,-90.007890
Assumption,IL,39.520320,-89.048970
Astoria,IL,40.227540,-90.359570
Athens,IL,39.960880,-89.723990
Atlanta,IL,40.259480,-89.233420
Atwood,IL,39.799480,-88.462280
Auburn,IL,39.591720,-89.746490
Auburn Gresham,IL,41.741790,-87.653220
Aurora,IL,41.760580,-88.320070
Aviston,IL,38.606720,-89.607590
Avondale,IL,41.938920,-87.711170
Bannockburn,IL,42.193360,-87.866460
Barrington,IL,42.153910,-88.136190
Barrington Hills,IL,42.144750,-88.155630
Barry,IL,39.694210,-91.039020
Bartlett,IL,41.995030,-88.185630
Bartonville,IL,40.650320,-89.652050
Batavia,IL,41.850030,-88.312570
Beach Park,IL,42.422240,-87.857300
Beardstown,IL,40.017550,-90.424290
Beckemeyer,IL,38.605600,-89.435920
Beecher,IL,41.340590,-87.621430
Belleville,IL,38.520050,-89.983990
Bellevue,IL,40.684480,-89.680100
Bellwood,IL,41.881420,-87.883120
Belmont Cragin,IL,41.931700,-87.768670
Belvidere,IL,42.263910,-88.844270
Bement,IL,39.921980,-88.572010
Benld,IL,39.092820,-89.803980
Bensenville,IL,41.955030,-87.940070
Benton,IL,37.996720,-88.920070
Berkeley,IL,41.888920,-87.903400
Berwyn,IL,41.850590,-87.793670
Bethalto,IL,38.909210,-90.040660
Bethany,IL,39.645590,-88.738130
Big Rock,IL,41.763920,-88.547020
Bloomingdale,IL,41.957530,-88.080900
Bloomington,IL,40.484200,-88.993690
Blue Island,IL,41.657260,-87.680050
Blue Mound,IL,39.701150,-89.123140
Bolingbrook,IL,41.698640,-88.068400
Boulder Hill,IL,41.712530,-88.336180
Bourbonnais,IL,41.153760,-87.887540
Bradley,IL,41.141980,-87.861150
Braidwood,IL,41.265030,-88.212280
Breese,IL,38.610600,-89.527030
Bridgeport,IL,41.838090,-87.651160
Bridgeview,IL,41.750030,-87.804220
Brighton,IL,39.039770,-90.140660
Brighton Park,IL,41.818920,-87.698940
Broadview,IL,41.863920,-87.853390
Brookfield,IL,41.823920,-87.851730
Buffalo Grove,IL,42.151410,-87.959790
Bull Valley,IL,42.320580,-88.355090
Bunker Hill,IL,39.042820,-89.951770
Burbank,IL,41.733920,-87.779500
Burnham,IL,41.638920,-87.556710
Burr Ridge,IL,41.748920,-87.918390
Bushnell,IL,40.552820,-90.506240
Byron,IL,42.126970,-89.255660
Cahokia,IL,38.570880,-90.190110
Cairo,IL,37.005330,-89.176460
Calumet City,IL,41.615590,-87.529490
Calumet Park,IL,41.662810,-87.660600
Cambria,IL,37.781440,-89.119250
Cambridge,IL,41.303650,-90.192900
Camp Point,IL,40.039210,-91.069300
Canton,IL,40.558090,-90.035120
Capron,IL,42.399740,-88.740380
Carbon Cliff,IL,41.494760,-90.390680
Carbondale,IL,37.727270,-89.216750
Carlinville,IL,39.279770,-89.881770
Carlyle,IL,38.610330,-89.372580
Carmi,IL,38.090880,-88.158650
Carol Stream,IL,41.912530,-88.134790
Carpentersville,IL,42.121140,-88.257860
Carrier Mills,IL,37.684220,-88.632830
Carrollton,IL,39.302270,-90.407060
Carterville,IL,37.760050,-89.077300
Carthage,IL,40.416430,-91.136250
Cary,IL,42.211970,-88.238140
Casey,IL,39.299200,-87.992530
Caseyville,IL,38.636720,-90.025660
Catlin,IL,40.065040,-87.701970
Central City,IL,41.237810,-88.281730
Centralia,IL,38.525050,-89.133400
Centreville,IL,38.583380,-90.125110
Cerro Gordo,IL,39.890590,-88.728130
Champaign,IL,40.116420,-88.243380
Channahon,IL,41.429480,-88.228670
Channel Lake,IL,42.478630,-88.137590
Charleston,IL,39.496150,-88.176150
Chatham,IL,41.741150,-87.612550
Chatsworth,IL,40.753650,-88.291990
Chebanse,IL,41.003090,-87.908100
Chenoa,IL,40.741700,-88.719790
Cherry Valley,IL,42.234740,-88.948990
Chester,IL,37.913660,-89.822050
Chicago,IL,41.850030,-87.650050
Chicago Heights,IL,41.506150,-87.635600
Chicago Lawn,IL,41.775030,-87.696440
Chicago Loop,IL,41.884070,-87.633300
Chicago Ridge,IL,41.701420,-87.779220
Chillicothe,IL,40.922260,-89.486200
Chrisman,IL,39.803650,-87.673640
Christopher,IL,37.972550,-89.053410
Cicero,IL,41.845590,-87.753940
Clarendon Hills,IL,41.797530,-87.954780
Clifton,IL,40.935310,-87.934490
Clinton,IL,40.153650,-88.964530
Coal City,IL,41.287810,-88.285620
Coal Valley,IL,41.428650,-90.460960
Cobden,IL,37.531440,-89.253420
Colchester,IL,40.426430,-90.792630
Colfax,IL,40.566980,-88.616450
Collinsville,IL,38.670330,-89.984550
Colona,IL,41.483920,-90.353180
Columbia,IL,38.443660,-90.201220
Cortland,IL,41.920030,-88.688700
Country Club Hills,IL,41.568090,-87.720330
Countryside,IL,41.782810,-87.878110
Crainville,IL,37.751990,-89.067850
Crest Hill,IL,41.554750,-88.098670
Crestwood,IL,41.644630,-87.741540
Crete,IL,41.444480,-87.631430
Creve Coeur,IL,40.647260,-89.591210
Crystal Lake,IL,42.241130,-88.316200
Crystal Lawns,IL,41.570310,-88.158120
Cuba,IL,42.183910,-88.190910
Danvers,IL,40.529480,-89.177310
Danville,IL,40.124480,-87.630020
Darien,IL,41.751980,-87.973950
Davis Junction,IL,42.101690,-89.093160
De Soto,IL,37.817550,-89.227860
Decatur,IL,39.840310,-88.954800
Deer Park,IL,42.160860,-88.081470
Deerfield,IL,42.171140,-87.844510
DeKalb,IL,41.929470,-88.750360
Delavan,IL,40.372540,-89.547320
Depue,IL,41.324200,-89.306750
Des Plaines,IL,42.033360,-87.883400
Diamond,IL,41.288640,-88.251730
Divernon,IL,39.565610,-89.657320
Dixmoor,IL,41.631700,-87.660880
Dixon,IL,41.838920,-89.479550
Dolton,IL,41.638920,-87.607270
Douglas,IL,41.834760,-87.618110
Downers Grove,IL,41.808920,-88.011170
Du Quoin,IL,38.011440,-89.236190
Dunlap,IL,40.861700,-89.678710
Dupo,IL,38.516160,-90.210390
Durand,IL,42.436400,-89.332060
Dwight,IL,41.094480,-88.425060
Earlville,IL,41.589480,-88.922030
East Alton,IL,38.880330,-90.111220
East Dubuque,IL,42.492230,-90.642910
East Dundee,IL,42.098910,-88.271470
East Garfield Park,IL,41.880870,-87.702830
East Hazel Crest,IL,41.573650,-87.646430
East Moline,IL,41.500870,-90.444300
East Peoria,IL,40.666150,-89.580100
East Saint Louis,IL,38.624500,-90.150940
Edgewater,IL,41.983370,-87.663950
Edinburg,IL,39.657270,-89.389530
Edwardsville,IL,38.811440,-89.953160
Effingham,IL,39.120040,-88.543380
El Paso,IL,40.739200,-89.016460
Elburn,IL,41.892250,-88.472300
Eldorado,IL,37.813660,-88.438100
Elgin,IL,42.037250,-88.281190
Elizabethtown,IL,37.445880,-88.305040
Elk Grove Village,IL,42.003920,-87.970350
Elmhurst,IL,41.899470,-87.940340
Elmwood,IL,40.777820,-89.966500
Elmwood Park,IL,41.921140,-87.809230
Elwood,IL,41.403920,-88.111720
Energy,IL,37.773940,-89.026460
Englewood,IL,41.779760,-87.645880
Erie,IL,41.656420,-90.079290
Eureka,IL,40.721430,-89.272860
Evanston,IL,42.041140,-87.690060
Evergreen Park,IL,41.720590,-87.701720
Fairbury,IL,40.747260,-88.514780
Fairfield,IL,42.219190,-88.061470
Fairmont,IL,41.556140,-88.059230
Fairmont City,IL,38.649770,-90.093160
Fairview Heights,IL,38.588940,-89.990380
Farmer City,IL,40.243370,-88.642570
Farmington,IL,41.944750,-88.315910
Fisher,IL,40.314760,-88.350050
Flanagan,IL,40.878090,-88.861180
Flora,IL,38.668940,-88.485600
Flossmoor,IL,41.542810,-87.684770
Ford Heights,IL,41.506420,-87.591710
Forest Lake,IL,42.207520,-88.055630
Forest Park,IL,41.879480,-87.813670
Forrest,IL,40.751980,-88.411160
Forreston,IL,42.126140,-89.579280
Forsyth,IL,39.932540,-88.951190
Fox Lake,IL,42.396690,-88.183700
Fox Lake Hills,IL,42.408080,-88.131750
Fox River Grove,IL,42.200860,-88.214530
Frankfort,IL,41.495870,-87.848660
Frankfort Square,IL,41.518920,-87.803100
Franklin Park,IL,41.935310,-87.865620
Freeburg,IL,38.427550,-89.913710
Freeport,IL,42.296690,-89.621230
Fulton,IL,41.867250,-90.159570
Gage Park,IL,41.795030,-87.696160
Gages Lake,IL,42.351690,-87.982580
Galena,IL,42.416670,-90.429020
Galesburg,IL,40.947820,-90.371240
Galva,IL,41.167540,-90.042610
Gardner,IL,41.185590,-88.309780
Geneseo,IL,41.448090,-90.154280
Geneva,IL,41.887530,-88.305350
Genoa,IL,42.097250,-88.692870
Georgetown,IL,42.139750,-89.828730
Germantown,IL,38.553660,-89.538420
Germantown Hills,IL,40.766430,-89.467870
Gibson City,IL,40.458430,-88.384600
Gifford,IL,40.305870,-88.021150
Gilberts,IL,42.103360,-88.372860
Gillespie,IL,39.129770,-89.819540
Gilman,IL,40.766700,-87.992260
Girard,IL,39.446440,-89.780930
Glasford,IL,40.572540,-89.813440
Glen Carbon,IL,38.748380,-89.983160
Glen Ellyn,IL,41.877530,-88.067010
Glencoe,IL,42.135030,-87.758120
Glendale Heights,IL,41.914600,-88.064860
Glenview,IL,42.069750,-87.787840
Glenwood,IL,41.542530,-87.602270
Godfrey,IL,38.955600,-90.186780
Golconda,IL,37.367270,-88.486430
Goodings Grove,IL,41.629200,-87.930890
Goreville,IL,37.554500,-88.972290
Grand Boulevard,IL,41.813920,-87.617270
Grandview,IL,39.816440,-89.618710
Grandwood Park,IL,42.393080,-87.986740
Granite City,IL,38.701440,-90.148720
Grant Park,IL,41.241140,-87.646150
Granville,IL,41.261150,-89.227590
Grayslake,IL,42.344470,-88.041750
Grayville,IL,38.257550,-87.993640
Greater Grand Crossing,IL,41.761130,-87.614850
Green Oaks,IL,42.290020,-87.903410
Green Rock,IL,41.473090,-90.357630
Greenfield,IL,39.343660,-90.212610
Greenup,IL,39.247820,-88.163370
Greenville,IL,38.892270,-89.413140
Gridley,IL,40.743370,-88.881460
Griggsville,IL,39.708940,-90.724570
Gurnee,IL,42.370300,-87.902020
Hainesville,IL,42.345020,-88.067860
Hamilton,IL,40.396430,-91.339040
Hampshire,IL,42.097800,-88.530360
Hampton,IL,41.555870,-90.409300
Hanna City,IL,40.691700,-89.795110
Hanover Park,IL,41.999470,-88.145070
Hardin,IL,39.156710,-90.617900
Harrisburg,IL,37.738380,-88.540610
Harristown,IL,39.853930,-89.083970
Hartford,IL,38.833380,-90.095940
Harvard,IL,42.422240,-88.613710
Harvey,IL,41.610030,-87.646710
Harwood Heights,IL,41.967250,-87.807560
Havana,IL,40.300040,-90.060950
Hawthorn Woods,IL,42.216970,-88.049520
Hazel Crest,IL,41.571700,-87.694490
Hebron,IL,42.471690,-88.432320
Hennepin,IL,41.254200,-89.342310
Henry,IL,41.111420,-89.356480
Heritage Lake,IL,40.547450,-89.325810
Herrin,IL,37.803110,-89.027570
Herscher,IL,41.049200,-88.097830
Heyworth,IL,40.313370,-88.973690
Hickory Hills,IL,41.725590,-87.825060
Highland,IL,38.739490,-89.671200
Highland Park,IL,42.181690,-87.800340
Highwood,IL,42.199750,-87.809230
Hillcrest,IL,41.951140,-89.064540
Hillsboro,IL,39.161280,-89.495400
Hillside,IL,41.877810,-87.902840
Hinckley,IL,41.768920,-88.640910
Hinsdale,IL,41.800860,-87.937010
Hodgkins,IL,41.768920,-87.857830
Hoffman Estates,IL,42.042810,-88.079800
Holiday Shores,IL,38.921990,-89.940660
Homer,IL,40.034760,-87.958090
Homer Glen,IL,41.600030,-87.938110
Hometown,IL,41.734480,-87.731440
Homewood,IL,41.557260,-87.665600
Hoopeston,IL,40.467260,-87.668360
Hudson,IL,40.605870,-88.987300
Huntley,IL,42.168080,-88.428140
Hyde Park,IL,41.794200,-87.593940
Ina,IL,38.151160,-88.903960
Indian Head Park,IL,41.770310,-87.902280
Ingalls Park,IL,41.522530,-88.042830
Inverness,IL,42.118080,-88.096190
Irving Park,IL,41.953360,-87.736450
Island Lake,IL,42.276130,-88.192030
Itasca,IL,41.975030,-88.007290
Jacksonville,IL,39.733940,-90.229010
Jerome,IL,39.767550,-89.680660
Jerseyville,IL,39.120050,-90.328450
Johnsburg,IL,42.380020,-88.242030
Johnston City,IL,37.820610,-88.927570
Joliet,IL,41.525190,-88.083400
Jonesboro,IL,37.451720,-89.268140
Justice,IL,41.744480,-87.837830
Kankakee,IL,41.120030,-87.861150
Kenilworth,IL,42.085860,-87.717560
Kenwood,IL,41.809200,-87.597550
Kewanee,IL,41.245590,-89.924830
Kildeer,IL,42.170580,-88.047850
Kincaid,IL,39.588660,-89.414540
Kingston,IL,42.099750,-88.758980
Kirkland,IL,42.092530,-88.851210
Knollwood,IL,42.286130,-87.885630
Knoxville,IL,40.908370,-90.284850
La Grange,IL,41.805030,-87.869230
La Grange Park,IL,41.834750,-87.861730
La Harpe,IL,40.583370,-90.969310
La Salle,IL,41.333370,-89.091750
Lacon,IL,41.024760,-89.411200
Ladd,IL,41.382530,-89.218970
Lake Barrington,IL,42.212520,-88.152580
Lake Bluff,IL,42.278910,-87.834240
Lake Camelot,IL,40.630650,-89.742100
Lake Catherine,IL,42.479190,-88.133420
Lake Forest,IL,42.258630,-87.840630
Lake Holiday,IL,41.612920,-88.672090
Lake in the Hills,IL,42.181690,-88.330360
Lake of the Woods,IL,40.206420,-88.368670
Lake Summerset,IL,42.454460,-89.389560
Lake Villa,IL,42.416970,-88.073970
Lake Zurich,IL,42.196970,-88.093410
Lakemoor,IL,42.328630,-88.198970
Lakewood,IL,42.229190,-88.355090
Lakewood Shores,IL,41.281700,-88.144780
Lanark,IL,42.102250,-89.833450
Lansing,IL,41.564760,-87.538930
Lawrenceville,IL,38.729210,-87.681690
Le Roy,IL,40.351980,-88.764240
Lebanon,IL,38.603940,-89.807320
Leland Grove,IL,39.777000,-89.679270
Lemont,IL,41.673640,-88.001730
Lena,IL,42.379460,-89.822340
Lewistown,IL,40.393100,-90.154840
Lexington,IL,40.641420,-88.783400
Libertyville,IL,42.283080,-87.953130
Lily Lake,IL,41.948920,-88.477860
Limestone,IL,41.132370,-87.968400
Lincoln,IL,40.148380,-89.364820
Lincoln Park,IL,41.921700,-87.647830
Lincoln Square,IL,41.975870,-87.689220
Lincolnshire,IL,42.190020,-87.908400
Lincolnwood,IL,42.004480,-87.730060
Lindenhurst,IL,42.410580,-88.026190
Lisle,IL,41.801140,-88.074790
Litchfield,IL,39.175330,-89.654260
Lockport,IL,41.589480,-88.057840
Logan Square,IL,41.923370,-87.699220
Lombard,IL,41.880030,-88.007840
Long Creek,IL,39.811980,-88.847570
Long Grove,IL,42.178360,-87.997850
Long Lake,IL,42.370850,-88.127580
Louisville,IL,38.772270,-88.502550
Loves Park,IL,42.320020,-89.058160
Lovington,IL,39.715590,-88.632560
Lower West Side,IL,41.854200,-87.665610
Lynwood,IL,41.526420,-87.538650
Lyons,IL,41.813370,-87.818110
Machesney Park,IL,42.347240,-89.039000
Mackinaw,IL,40.536980,-89.357590
Macomb,IL,40.459210,-90.671800
Macon,IL,39.712820,-88.997020
Madison,IL,38.682550,-90.157050
Mahomet,IL,40.195310,-88.404220
Malta,IL,41.929750,-88.860920
Manhattan,IL,41.422530,-87.985890
Manito,IL,40.425870,-89.779280
Manteno,IL,41.250590,-87.831430
Maple Park,IL,41.907530,-88.599250
Marengo,IL,42.248630,-88.608430
Marion,IL,37.730610,-88.933130
Marissa,IL,38.250050,-89.750100
Markham,IL,41.593650,-87.694770
Maroa,IL,40.036430,-88.957030
Marquette Heights,IL,40.617540,-89.600380
Marseilles,IL,41.330870,-88.708130
Marshall,IL,39.391430,-87.693640
Martinsville,IL,39.335590,-87.881980
Maryville,IL,38.723660,-89.955930
Mascoutah,IL,38.490330,-89.793150
Mason City,IL,40.202270,-89.698160
Matteson,IL,41.503920,-87.713100
Mattoon,IL,39.483090,-88.372830
Maywood,IL,41.879200,-87.843120
McCullom Lake,IL,42.368350,-88.292590
McHenry,IL,42.333350,-88.266750
McKinley Park,IL,41.831700,-87.673660
McLeansboro,IL,38.093380,-88.535610
Medinah,IL,41.981420,-88.051180
Melrose Park,IL,41.900590,-87.856730
Mendota,IL,41.547250,-89.117590
Meredosia,IL,39.831160,-90.559570
Merrionette Park,IL,41.684200,-87.700330
Metamora,IL,40.790590,-89.360640
Metropolis,IL,37.151170,-88.732000
Midlothian,IL,41.625310,-87.717550
Milan,IL,41.453090,-90.572080
Milford,IL,40.628370,-87.696140
Millstadt,IL,38.461440,-90.091780
Minier,IL,40.433650,-89.313150
Minonk,IL,40.904480,-89.034520
Minooka,IL,41.455310,-88.261730
Mitchell,IL,38.761990,-90.085380
Mokena,IL,41.526140,-87.889220
Moline,IL,41.506700,-90.515130
Momence,IL,41.166700,-87.662810
Monee,IL,41.420030,-87.741710
Monmouth,IL,40.911430,-90.647360
Montgomery,IL,41.730580,-88.345900
Monticello,IL,40.027810,-88.573400
Morgan Park,IL,41.690310,-87.666720
Morris,IL,41.357250,-88.421180
Morrison,IL,41.809750,-89.965120
Morrisonville,IL,39.420050,-89.455650
Morton,IL,40.612820,-89.459260
Morton Grove,IL,42.040590,-87.782560
Mound City,IL,37.085330,-89.162570
Mount Carmel,IL,38.410880,-87.761420
Mount Carroll,IL,42.095020,-89.978180
Mount Greenwood,IL,41.698090,-87.708660
Mount Morris,IL,42.050310,-89.431220
Mount Olive,IL,39.072270,-89.727310
Mount Prospect,IL,42.066420,-87.937290
Mount Pulaski,IL,40.010880,-89.282310
Mount Sterling,IL,39.987270,-90.763460
Mount Vernon,IL,38.317270,-88.903120
Mount Zion,IL,39.771430,-88.874240
Moweaqua,IL,39.624760,-89.018970
Mundelein,IL,42.263080,-88.003970
Murphysboro,IL,37.764500,-89.335090
Naperville,IL,41.785860,-88.147290
Nashville,IL,38.343660,-89.380640
Nauvoo,IL,40.550040,-91.384870
Near North Side,IL,41.900030,-87.634500
Near South Side,IL,41.856700,-87.624770
Neoga,IL,39.319480,-88.452830
New Athens,IL,38.326440,-89.877050
New Baden,IL,38.535050,-89.700650
New Berlin,IL,39.725330,-89.910660
New City,IL,41.807530,-87.656440
New Lenox,IL,41.511980,-87.965610
Newark,IL,41.536970,-88.583410
Newton,IL,38.990880,-88.162540
Niles,IL,42.018920,-87.802840
Nokomis,IL,39.301160,-89.285080
Normal,IL,40.514200,-88.990630
Norridge,IL,41.963360,-87.827280
Norris City,IL,37.981160,-88.329210
North Aurora,IL,41.806140,-88.327300
North Barrington,IL,42.207800,-88.140630
North Center,IL,41.953920,-87.678950
North Chicago,IL,42.325580,-87.841180
North Lawndale,IL,41.860030,-87.718390
North Pekin,IL,40.615040,-89.622320
North Peoria,IL,40.717540,-89.584260
North Riverside,IL,41.842810,-87.823110
Northbrook,IL,42.127530,-87.828950
Northfield,IL,42.099750,-87.780900
Northlake,IL,41.917250,-87.895620
O'Fallon,IL,38.592270,-89.911210
Oak Brook,IL,41.832810,-87.928950
Oak Forest,IL,41.602810,-87.743940
Oak Lawn,IL,41.710870,-87.758110
Oak Park,IL,41.885030,-87.784500
Oakbrook Terrace,IL,41.850030,-87.964510
Oakwood,IL,40.116150,-87.778360
Oakwood Hills,IL,42.246410,-88.242860
Oblong,IL,39.001990,-87.908920
Odin,IL,38.617270,-89.052290
Oglesby,IL,41.295310,-89.059530
Okawville,IL,38.434220,-89.550370
Olney,IL,38.730880,-88.085320
Olympia Fields,IL,41.513370,-87.674210
Onarga,IL,40.715040,-88.006150
Oquawka,IL,40.931980,-90.947090
Oregon,IL,42.014750,-89.332330
Orion,IL,41.354760,-90.381520
Orland Hills,IL,41.585310,-87.843110
Orland Park,IL,41.630310,-87.853940
Oswego,IL,41.682810,-88.351460
Ottawa,IL,41.345590,-88.842580
Palatine,IL,42.110300,-88.034240
Palestine,IL,39.003650,-87.612800
Palos Heights,IL,41.668090,-87.796440
Palos Hills,IL,41.696700,-87.817000
Palos Park,IL,41.667250,-87.830330
Pana,IL,39.388930,-89.080080
Paris,IL,39.611150,-87.696140
Park City,IL,42.348360,-87.884240
Park Forest,IL,41.491420,-87.674490
Park Ridge,IL,42.011140,-87.840620
Parkway Garden Homes,IL,41.777820,-87.617030
Pawnee,IL,39.591720,-89.580370
Paxton,IL,40.460310,-88.095320
Payson,IL,39.816990,-91.242370
Pecatonica,IL,42.313910,-89.359280
Pekin,IL,40.567540,-89.640660
Peoria,IL,40.693650,-89.588990
Peoria Heights,IL,40.747260,-89.573980
Peotone,IL,41.332260,-87.785320
Peru,IL,41.327530,-89.128970
Petersburg,IL,40.011720,-89.848170
Philo,IL,40.006980,-88.158100
Phoenix,IL,41.611150,-87.634770
Pinckneyville,IL,38.080330,-89.382030
Pingree Grove,IL,42.068640,-88.413420
Pistakee Highlands,IL,42.408630,-88.206480
Pittsfield,IL,39.607830,-90.805130
Plainfield,IL,41.626970,-88.203950
Plano,IL,41.662810,-88.537020
Polo,IL,41.986140,-89.579280
Pontiac,IL,40.880870,-88.629780
Pontoon Beach,IL,38.731720,-90.080380
Poplar Grove,IL,42.368350,-88.822050
Port Barrington,IL,42.242520,-88.202030
Port Byron,IL,41.606420,-90.335410
Portage Park,IL,41.957810,-87.765060
Posen,IL,41.631700,-87.681440
Prairie Grove,IL,42.278630,-88.260920
Prestbury,IL,41.783290,-88.417640
Preston Heights,IL,41.491700,-88.081720
Princeton,IL,41.368090,-89.464810
Princeville,IL,40.929760,-89.757600
Prophetstown,IL,41.671420,-89.936220
Prospect Heights,IL,42.095300,-87.937570
Quincy,IL,39.935600,-91.409870
Ramsey,IL,39.144490,-89.108680
Rantoul,IL,40.308370,-88.155880
Red Bud,IL,38.211720,-89.994270
Richmond,IL,42.475850,-88.305930
Richton Park,IL,41.484480,-87.703380
River Forest,IL,41.897810,-87.813950
River Grove,IL,41.925860,-87.835890
Riverdale,IL,41.633370,-87.633100
Riverside,IL,41.835030,-87.822840
Riverton,IL,39.844220,-89.539540
Riverwoods,IL,42.167530,-87.897010
Roanoke,IL,40.796150,-89.197300
Robbins,IL,41.643920,-87.703660
Robinson,IL,39.005320,-87.739190
Rochelle,IL,41.923920,-89.068710
Rochester,IL,39.749490,-89.531760
Rock Falls,IL,41.779750,-89.689000
Rock Island,IL,41.509480,-90.578750
Rockdale,IL,41.506140,-88.114500
Rockford,IL,42.271130,-89.094000
Rockton,IL,42.452520,-89.072330
Rogers Park,IL,42.008640,-87.666720
Rolling Meadows,IL,42.084190,-88.013130
Rome,IL,40.883090,-89.502590
Romeoville,IL,41.647530,-88.089510
Roodhouse,IL,39.483940,-90.371510
Roscoe,IL,42.413350,-89.009270
Roselle,IL,41.984750,-88.079790
Rosemont,IL,41.995310,-87.884510
Rosewood Heights,IL,38.887830,-90.084830
Rosiclare,IL,37.423660,-88.346150
Rossville,IL,40.379200,-87.668630
Round Lake,IL,42.353360,-88.093410
Round Lake Beach,IL,42.371690,-88.090080
Round Lake Heights,IL,42.380020,-88.104250
Round Lake Park,IL,42.356970,-88.076750
Roxana,IL,38.848380,-90.076220
Royalton,IL,37.876990,-89.114520
Rushville,IL,40.121160,-90.563180
Saint Anne,IL,41.025030,-87.713920
Saint Elmo,IL,39.027270,-88.848110
Saint Jacob,IL,38.713940,-89.768150
Saint Joseph,IL,40.111700,-88.041700
Salem,IL,38.626990,-88.945620
Sandoval,IL,38.615600,-89.114230
Sandwich,IL,41.645860,-88.621740
Sauk Village,IL,41.488370,-87.567540
Savanna,IL,42.094470,-90.156790
Savoy,IL,40.054750,-88.251720
Schaumburg,IL,42.033360,-88.083410
Schiller Park,IL,41.955860,-87.870900
Scott Air Force Base,IL,38.542700,-89.850350
Seneca,IL,41.311140,-88.609790
Sesser,IL,38.091720,-89.050350
Shawneetown,IL,37.713100,-88.186700
Shelbyville,IL,39.406430,-88.790070
Sheldon,IL,40.769200,-87.563920
Sheridan,IL,41.530030,-88.679800
Sherman,IL,39.893660,-89.604820
Shiloh,IL,38.561440,-89.897320
Shorewood,IL,41.520030,-88.201730
Sidney,IL,40.025030,-88.073370
Silvis,IL,41.512260,-90.415130
Skokie,IL,42.033360,-87.733390
Sleepy Hollow,IL,42.094190,-88.302580
Smithton,IL,38.408660,-89.992050
Somonauk,IL,41.633640,-88.681190
South Barrington,IL,42.091420,-88.121740
South Beloit,IL,42.493070,-89.036780
South Chicago,IL,41.739770,-87.554250
South Chicago Heights,IL,41.480870,-87.637820
South Elgin,IL,41.994190,-88.292300
South Holland,IL,41.600870,-87.606990
South Jacksonville,IL,39.708660,-90.228180
South Lawndale,IL,41.843640,-87.712550
South Pekin,IL,40.494480,-89.651770
South Roxana,IL,38.829490,-90.062880
South Shore,IL,41.761980,-87.577830
Southern View,IL,39.757270,-89.653710
Sparta,IL,38.123110,-89.701770
Spring Grove,IL,42.443630,-88.236480
Spring Valley,IL,41.327540,-89.199810
Springfield,IL,39.801720,-89.643710
St. Charles,IL,41.914190,-88.308690
Staunton,IL,39.012270,-89.791210
Steeleville,IL,38.007270,-89.658430
Steger,IL,41.470030,-87.636430
Sterling,IL,41.788640,-89.696220
Stickney,IL,41.821420,-87.782830
Stillman Valley,IL,42.107250,-89.179270
Stockton,IL,42.349740,-90.006790
Stone Park,IL,41.905590,-87.883670
Streamwood,IL,42.025580,-88.178410
Streator,IL,41.120870,-88.835350
Sugar Grove,IL,41.761420,-88.443690
Sullivan,IL,39.599480,-88.607840
Summit,IL,41.788090,-87.810330
Sumner,IL,38.716990,-87.861420
Swansea,IL,38.533940,-89.988990
Sycamore,IL,41.988920,-88.686750
Taylorville,IL,39.548940,-89.294530
Teutopolis,IL,39.133100,-88.471990
The Galena Territory,IL,42.393430,-90.325820
Third Lake,IL,42.373910,-88.010910
Thomasboro,IL,40.241700,-88.184210
Thornton,IL,41.568090,-87.608100
Tilton,IL,40.095310,-87.647520
Tinley Park,IL,41.573370,-87.784490
Toledo,IL,39.273650,-88.243650
Tolono,IL,39.986140,-88.258940
Toluca,IL,41.002260,-89.133420
Toulon,IL,41.093650,-89.864830
Tower Lake,IL,42.231970,-88.152020
Tremont,IL,40.527540,-89.492600
Trenton,IL,38.605600,-89.682040
Troy,IL,38.729210,-89.883150
Tuscola,IL,39.799200,-88.283100
Twin Grove,IL,40.493370,-89.079800
Ukrainian Village,IL,41.899430,-87.684510
University Park,IL,41.442980,-87.683600
Upper Alton,IL,38.911440,-90.150660
Uptown,IL,41.965900,-87.652620
Urbana,IL,40.110590,-88.207270
Valmeyer,IL,38.305610,-90.276510
Vandalia,IL,38.960600,-89.093680
Venetian Village,IL,42.398630,-88.052580
Venice,IL,38.672270,-90.169830
Vernon Hills,IL,42.219470,-87.979520
Vienna,IL,37.415330,-88.897840
Villa Grove,IL,39.862810,-88.162270
Villa Park,IL,41.889750,-87.988950
Village of Campton Hills,IL,41.936600,-88.397500
Virden,IL,39.500890,-89.767870
Virginia,IL,39.951160,-90.212340
Volo,IL,42.326130,-88.167860
Wadsworth,IL,42.428630,-87.923970
Walnut,IL,41.556700,-89.593430
Wamac,IL,38.508940,-89.140630
Warren,IL,42.496400,-89.989570
Warrensburg,IL,39.932820,-89.062030
Warrenville,IL,41.817810,-88.173400
Warsaw,IL,40.359210,-91.434600
Wasco,IL,41.938080,-88.404520
Washburn,IL,40.919200,-89.291200
Washington,IL,40.703650,-89.407310
Washington Park,IL,38.635050,-90.092890
Waterloo,IL,38.335890,-90.149830
Waterman,IL,41.771700,-88.773690
Watseka,IL,40.776150,-87.736420
Wauconda,IL,42.258910,-88.139250
Waukegan,IL,42.363630,-87.844790
Waverly,IL,39.591720,-89.952880
Wayne,IL,41.950860,-88.242300
Wayne City,IL,38.345330,-88.587830
West Chicago,IL,41.884750,-88.203960
West Dundee,IL,42.098080,-88.282860
West Elsdon,IL,41.793920,-87.724500
West Englewood,IL,41.778090,-87.666720
West Frankfort,IL,37.897830,-88.931460
West Garfield Park,IL,41.880590,-87.729220
West Lawn,IL,41.772810,-87.722270
West Peoria,IL,40.692540,-89.627880
West Ridge,IL,41.999750,-87.692840
West Town,IL,41.893810,-87.674930
Westchester,IL,41.850590,-87.882000
Western Springs,IL,41.809750,-87.900620
Westmont,IL,41.795860,-87.975620
Westville,IL,40.042260,-87.638630
Wheaton,IL,41.866140,-88.107010
Wheeling,IL,42.139190,-87.928960
White Hall,IL,39.436990,-90.403180
Williamsville,IL,39.954220,-89.548710
Willow Springs,IL,41.740870,-87.860330
Willowbrook,IL,41.769750,-87.935890
Wilmette,IL,42.072250,-87.722840
Wilmington,IL,41.307810,-88.146720
Winchester,IL,39.629770,-90.456240
Windsor,IL,39.440870,-88.594780
Winfield,IL,41.861700,-88.160900
Winnebago,IL,42.266130,-89.241220
Winnetka,IL,42.108080,-87.735900
Winthrop Harbor,IL,42.478910,-87.823680
Wonder Lake,IL,42.385300,-88.347310
Wood Dale,IL,41.963360,-87.978960
Wood River,IL,38.861160,-90.097610
Woodlawn,IL,41.779480,-87.599490
Woodridge,IL,41.746970,-88.050340
Woodstock,IL,42.314740,-88.448700
Worden,IL,38.931440,-89.838990
Worth,IL,41.689750,-87.797280
Wyoming,IL,41.061700,-89.773160
Yorkville,IL,41.641140,-88.447290
Zeigler,IL,37.899490,-89.052020
Zion,IL,42.446130,-87.832850
Aberdeen,IN,41.438930,-87.111420
Akron,IN,41.038380,-86.028050
Albany,IN,40.300880,-85.241910
Albion,IN,41.395600,-85.424420
Alexandria,IN,40.262820,-85.675810
Anderson,IN,40.105320,-85.680250
Andrews,IN,40.862540,-85.601650
Angola,IN,41.634770,-84.999410
Arcadia,IN,40.175870,-86.021650
Argos,IN,41.237800,-86.214650
Attica,IN,40.294200,-87.248900
Auburn,IN,41.366990,-85.058860
Aurora,IN,39.057000,-84.901340
Austin,IN,38.758390,-85.808030
Avilla,IN,41.365880,-85.238860
Avon,IN,39.762820,-86.399720
Bargersville,IN,39.520880,-86.167770
Bass Lake,IN,41.207260,-86.601960
Batesville,IN,39.300050,-85.222180
Battle Ground,IN,40.508370,-86.841680
Bedford,IN,38.861160,-86.487210
Beech Grove,IN,39.721990,-86.089980
Berne,IN,40.657820,-84.951910
Bicknell,IN,38.774210,-87.307790
Bloomfield,IN,39.026990,-86.937510
Bloomington,IN,39.165330,-86.526390
Bluffton,IN,40.738660,-85.171640
Boonville,IN,38.049210,-87.274170
Bourbon,IN,41.295600,-86.116390
Brazil,IN,39.523650,-87.125020
Bremen,IN,41.446440,-86.148060
Bright,IN,39.218390,-84.856060
Bristol,IN,41.721440,-85.817490
Broad Ripple,IN,39.866710,-86.141650
Brooklyn,IN,39.539210,-86.369160
Brookston,IN,40.602810,-86.867230
Brookville,IN,39.423110,-85.012740
Brownsburg,IN,39.843380,-86.397770
Brownstown,IN,38.878940,-86.041920
Burns Harbor,IN,41.625870,-87.133370
Butler,IN,41.429770,-84.871350
Cambridge City,IN,39.812550,-85.171630
Cannelton,IN,37.911440,-86.744430
Carmel,IN,39.978370,-86.118040
Cayuga,IN,39.948650,-87.459740
Cedar Lake,IN,41.364760,-87.441150
Centerville,IN,39.817820,-84.996350
Chandler,IN,38.041710,-87.368060
Charlestown,IN,38.453120,-85.670240
Chesterfield,IN,40.112540,-85.596920
Chesterton,IN,41.610590,-87.064200
Churubusco,IN,41.230600,-85.319420
Cicero,IN,40.123930,-86.013320
Clarksville,IN,38.296740,-85.759960
Clermont,IN,39.809770,-86.322490
Clinton,IN,39.656980,-87.398070
Cloverdale,IN,39.514770,-86.793900
Columbia City,IN,41.157270,-85.488310
Columbus,IN,39.201440,-85.921380
Connersville,IN,39.641160,-85.141070
Converse,IN,40.577540,-85.873320
Cordry Sweetwater Lakes,IN,39.304640,-86.118370
Corydon,IN,38.212010,-86.121920
Country Squire Lakes,IN,39.034780,-85.698580
Covington,IN,40.141700,-87.394740
Crawfordsville,IN,40.041150,-86.874450
Crothersville,IN,38.800610,-85.841640
Crown Point,IN,41.416980,-87.365310
Culver,IN,41.218930,-86.423060
Cumberland,IN,39.776150,-85.957200
Dale,IN,40.016710,-86.400000
Daleville,IN,40.121150,-85.558030
Danville,IN,39.760600,-86.526390
Darmstadt,IN,38.099210,-87.578910
Dayton,IN,40.374200,-86.768900
Decatur,IN,40.830600,-84.929130
Delphi,IN,40.587540,-86.675010
DeMotte,IN,41.195040,-87.198640
Dillsboro,IN,39.017830,-85.058840
Dunkirk,IN,40.756430,-86.393610
Dunlap,IN,41.637830,-85.921660
Dyer,IN,41.494200,-87.521710
East Chicago,IN,41.639200,-87.454760
Eaton,IN,40.340320,-85.350800
Edgewood,IN,40.103370,-85.734140
Edinburgh,IN,39.354220,-85.966660
Elkhart,IN,41.681990,-85.976670
Ellettsville,IN,39.233930,-86.625000
Elwood,IN,40.276980,-85.841920
English,IN,38.334500,-86.464150
Evansville,IN,37.974760,-87.555850
Fairfield Heights,IN,39.828610,-86.382240
Fairmount,IN,40.415320,-85.650530
Fairview Park,IN,39.680310,-87.417520
Farmersburg,IN,39.248650,-87.381960
Farmland,IN,40.187820,-85.127470
Ferdinand,IN,38.223940,-86.862220
Fish Lake,IN,41.566710,-86.551960
Fishers,IN,39.955590,-86.013870
Flora,IN,40.547260,-86.524440
Fort Branch,IN,38.251160,-87.581130
Fort Wayne,IN,41.130600,-85.128860
Fortville,IN,39.932260,-85.848040
Fowler,IN,40.616700,-87.320850
Frankfort,IN,40.279480,-86.510840
Franklin,IN,39.480610,-86.054990
Frankton,IN,40.222820,-85.778870
Fremont,IN,41.730880,-84.932740
French Lick,IN,38.548940,-86.619990
Galena,IN,38.351730,-85.941640
Galveston,IN,40.578930,-86.190270
Garrett,IN,41.349490,-85.135530
Gary,IN,41.593370,-87.346430
Gas City,IN,40.487260,-85.613030
Geneva,IN,40.591990,-84.957190
Georgetown,IN,40.740600,-86.504730
Goodland,IN,40.763370,-87.293630
Goshen,IN,41.582270,-85.834440
Grabill,IN,41.210880,-84.966910
Granger,IN,41.753380,-86.110840
Greencastle,IN,39.644490,-86.864730
Greendale,IN,39.112560,-84.864120
Greenfield,IN,39.785040,-85.769420
Greensburg,IN,39.337270,-85.483580
Greentown,IN,40.478090,-85.966650
Greenwood,IN,39.613660,-86.106650
Griffith,IN,41.528370,-87.423650
Grissom Air Force Base,IN,40.657530,-86.147550
Gulivoire Park,IN,41.613380,-86.245280
Hagerstown,IN,39.911160,-85.161630
Hamilton,IN,41.533660,-84.912740
Hammond,IN,41.583370,-87.500040
Hanover,IN,38.714230,-85.473570
Harlan,IN,41.196160,-84.919690
Hartford City,IN,40.451150,-85.369970
Haubstadt,IN,38.205040,-87.574190
Hebron,IN,41.318650,-87.200310
Henryville,IN,38.541730,-85.767740
Heritage Lake,IN,39.727790,-86.710220
Hidden Valley,IN,39.162280,-84.843010
Highland,IN,41.553650,-87.451980
Hobart,IN,41.532260,-87.255040
Hope,IN,39.303940,-85.771370
Hudson Lake,IN,41.710320,-86.534190
Huntertown,IN,41.228380,-85.172470
Huntingburg,IN,38.298940,-86.955000
Huntington,IN,40.883100,-85.497480
Indian Heights,IN,40.427260,-86.125550
Indianapolis,IN,39.768380,-86.158040
Ingalls,IN,39.956990,-85.805260
Jasonville,IN,39.163100,-87.199180
Jasper,IN,38.391440,-86.931110
Jeffersonville,IN,38.277570,-85.737180
Jonesboro,IN,40.479760,-85.627750
Kendallville,IN,41.441440,-85.264980
Kentland,IN,40.770320,-87.445300
Kingsford Heights,IN,41.480600,-86.691690
Knightstown,IN,39.795600,-85.526360
Knox,IN,41.295880,-86.625010
Kokomo,IN,40.486430,-86.133600
Koontz Lake,IN,41.418100,-86.485850
Kouts,IN,41.316710,-87.025860
La Porte,IN,41.607740,-86.713890
Lafayette,IN,40.416700,-86.875290
Lagrange,IN,41.641720,-85.416650
Lake Dalecarlia,IN,41.330870,-87.394760
Lake Station,IN,41.575040,-87.238920
Lakes of the Four Seasons,IN,41.410320,-87.213090
Lapel,IN,40.068370,-85.848310
Lawrence,IN,39.838650,-86.025260
Lawrenceburg,IN,39.090890,-84.849950
Lebanon,IN,40.048370,-86.469170
Leo-Cedarville,IN,41.212550,-85.016640
Liberty,IN,39.635600,-84.931070
Ligonier,IN,41.465880,-85.587480
Linton,IN,39.034770,-87.165850
Logansport,IN,40.754480,-86.356670
Long Beach,IN,41.738930,-86.856970
Loogootee,IN,38.676990,-86.914170
Lowell,IN,41.291420,-87.420590
Lynn,IN,40.049770,-84.939690
Madison,IN,38.735890,-85.379960
Marion,IN,40.558370,-85.659140
Markle,IN,40.824620,-85.338840
Martinsville,IN,39.427830,-86.428330
McCordsville,IN,39.908100,-85.922760
Melody Hill,IN,38.026150,-87.515850
Meridian Hills,IN,39.890040,-86.157210
Merrillville,IN,41.482810,-87.332810
Michigan City,IN,41.707540,-86.895030
Middlebury,IN,41.675330,-85.706100
Middletown,IN,40.057270,-85.537200
Milan,IN,39.121170,-85.131350
Milford,IN,41.409770,-85.845550
Mishawaka,IN,41.661990,-86.158620
Mitchell,IN,38.732830,-86.473600
Monon,IN,40.867820,-86.878900
Monroeville,IN,40.974770,-84.868300
Monrovia,IN,39.578940,-86.482220
Monticello,IN,40.745320,-86.764730
Montpelier,IN,40.553930,-85.277470
Mooresville,IN,39.612820,-86.374160
Morocco,IN,40.946150,-87.453360
Morristown,IN,39.673380,-85.698590
Mount Vernon,IN,40.669490,-85.824150
Mulberry,IN,40.344480,-86.665280
Muncie,IN,40.193380,-85.386360
Munster,IN,41.564480,-87.512540
Nappanee,IN,41.442830,-86.001390
Nashville,IN,39.207270,-86.251100
New Albany,IN,38.285620,-85.824130
New Carlisle,IN,41.700320,-86.509460
New Castle,IN,39.928940,-85.370250
New Chicago,IN,41.558370,-87.274480
New Haven,IN,41.070600,-85.014410
New Palestine,IN,39.721990,-85.889150
New Paris,IN,41.500330,-85.828050
New Pekin,IN,38.505060,-86.016920
New Whiteland,IN,39.558100,-86.095260
Newburgh,IN,37.944490,-87.405290
Newport,IN,39.884200,-87.408630
Noblesville,IN,40.045590,-86.008600
North Judson,IN,41.215040,-86.775850
North Liberty,IN,41.534210,-86.427230
North Madison,IN,38.767840,-85.396630
North Manchester,IN,41.000600,-85.768600
North Terre Haute,IN,39.527810,-87.360300
North Vernon,IN,39.006170,-85.623580
North Webster,IN,41.325600,-85.697760
Notre Dame,IN,41.700190,-86.237930
Oak Park,IN,38.305620,-85.696350
Oakland City,IN,38.338660,-87.345010
Odon,IN,38.842830,-86.991400
Ogden Dunes,IN,41.622810,-87.191700
Oolitic,IN,38.900880,-86.525270
Orleans,IN,38.661720,-86.451660
Osceola,IN,41.665050,-86.075840
Osgood,IN,39.129220,-85.291630
Ossian,IN,40.880600,-85.166360
Otis,IN,41.599210,-86.905860
Otterbein,IN,40.490590,-87.096400
Owensville,IN,38.271990,-87.687800
Oxford,IN,40.519760,-87.247790
Paoli,IN,38.556170,-86.468320
Parker City,IN,40.188930,-85.204130
Pendleton,IN,39.997540,-85.746640
Peru,IN,40.753650,-86.068880
Petersburg,IN,38.491990,-87.278620
Pierceton,IN,41.200320,-85.705540
Pittsboro,IN,39.863930,-86.466940
Plainfield,IN,39.704210,-86.399440
Plymouth,IN,41.343660,-86.309730
Portage,IN,41.575870,-87.176150
Porter,IN,41.615590,-87.074200
Portland,IN,40.434490,-84.977750
Poseyville,IN,38.170040,-87.783080
Princes Lakes,IN,39.353660,-86.098050
Princeton,IN,38.355320,-87.567520
Redkey,IN,40.348930,-85.149970
Remington,IN,40.760870,-87.150850
Rensselaer,IN,40.936700,-87.150860
Richmond,IN,39.828940,-84.890240
Rising Sun,IN,38.949500,-84.853840
Roanoke,IN,40.962550,-85.373310
Rochester,IN,41.064760,-86.215830
Rockport,IN,37.883110,-87.049440
Rockville,IN,39.762540,-87.229180
Rome City,IN,41.496160,-85.376650
Roselawn,IN,41.141700,-87.314750
Rossville,IN,40.416980,-86.594720
Rushville,IN,39.609210,-85.446360
Russiaville,IN,40.417540,-86.271380
Saint John,IN,41.450040,-87.470040
Saint Paul,IN,39.428100,-85.628310
Salem,IN,38.605610,-86.101090
Santa Claus,IN,38.120050,-86.914160
Schererville,IN,41.478920,-87.454760
Scottsburg,IN,38.685610,-85.770250
Seelyville,IN,39.491980,-87.267240
Sellersburg,IN,38.398120,-85.754960
Seymour,IN,38.959220,-85.890250
Shadeland,IN,40.373650,-86.948900
Shelburn,IN,39.178370,-87.393630
Shelbyville,IN,39.521440,-85.776920
Sheridan,IN,40.135040,-86.220550
Shoals,IN,38.666440,-86.791110
Shorewood Forest,IN,41.463150,-87.144720
Simonton Lake,IN,41.754220,-85.975000
Smithville-Sanders,IN,39.059690,-86.510770
South Bend,IN,41.683380,-86.250010
South Haven,IN,41.541980,-87.137260
South Whitley,IN,41.084770,-85.628040
Southport,IN,39.665050,-86.127760
Speedway,IN,39.802270,-86.267210
Spencer,IN,39.286710,-86.762510
Sullivan,IN,39.095320,-87.405850
Sunman,IN,39.237000,-85.094680
Sweetser,IN,40.571980,-85.769150
Syracuse,IN,41.427830,-85.752490
Tell City,IN,37.951440,-86.767770
Terre Haute,IN,39.466700,-87.413910
Thorntown,IN,40.129480,-86.606670
Tipton,IN,40.282260,-86.041100
Topeka,IN,41.539220,-85.539710
Trafalgar,IN,39.416160,-86.150820
Trail Creek,IN,41.698370,-86.859200
Tri-Lakes,IN,41.245880,-85.441920
Union City,IN,40.201990,-84.809130
Upland,IN,40.475600,-85.494420
Valparaiso,IN,41.473090,-87.061140
Veedersburg,IN,40.113090,-87.262510
Versailles,IN,39.072000,-85.251900
Vevay,IN,38.747840,-85.067170
Vincennes,IN,38.677270,-87.528630
Wabash,IN,40.797820,-85.820540
Wakarusa,IN,41.536160,-86.020830
Walkerton,IN,41.466710,-86.483070
Walton,IN,40.660870,-86.241940
Wanatah,IN,41.430600,-86.898360
Warren,IN,40.682820,-85.427200
Warren Park,IN,39.781990,-86.050260
Warsaw,IN,41.238100,-85.853050
Washington,IN,38.659220,-87.172790
Waterloo,IN,41.431990,-85.019970
West Lafayette,IN,40.425870,-86.908070
West Terre Haute,IN,39.465040,-87.450020
Westfield,IN,40.042820,-86.127490
Westport,IN,39.175890,-85.573030
Westville,IN,41.541430,-86.900580
Whiteland,IN,39.550050,-86.079710
Whitestown,IN,39.997260,-86.345830
Whiting,IN,41.679760,-87.494490
Williamsport,IN,40.288370,-87.293900
Winamac,IN,41.051430,-86.603060
Winchester,IN,40.171990,-84.981350
Winfield,IN,41.405310,-87.275310
Winona Lake,IN,41.227270,-85.821930
Wolcottville,IN,41.525880,-85.366650
Woodburn,IN,41.125330,-84.853300
Worthington,IN,39.125040,-86.979450
Yorktown,IN,40.173650,-85.494140
Zionsville,IN,39.950870,-86.261940
Abilene,KS,38.917220,-97.213910
Alma,KS,39.016670,-96.289160
Altamont,KS,37.190340,-95.297190
Andover,KS,37.713900,-97.136430
Anthony,KS,37.153360,-98.031170
Arkansas City,KS,37.061970,-97.038370
Arma,KS,37.543940,-94.700240
Ashland,KS,37.188640,-99.765680
Atchison,KS,39.563050,-95.121640
Atwood,KS,39.806670,-101.042100
Auburn,KS,38.906110,-95.816100
Augusta,KS,37.686680,-96.976700
Baldwin City,KS,38.775010,-95.186360
Basehor,KS,39.141670,-94.938580
Baxter Springs,KS,37.023680,-94.735500
Bellaire,KS,37.762510,-97.266990
Belle Plaine,KS,37.393910,-97.281150
Belleville,KS,39.824450,-97.632540
Beloit,KS,39.456120,-98.106160
Bonner Springs,KS,39.059730,-94.883580
Buhler,KS,38.134450,-97.770050
Burlington,KS,38.194470,-95.742760
Caldwell,KS,37.032250,-97.606990
Caney,KS,37.011460,-95.935260
Carbondale,KS,38.818620,-95.689150
Chanute,KS,37.679210,-95.457200
Chapman,KS,38.972220,-97.022510
Cheney,KS,37.630010,-97.782550
Cherryvale,KS,37.270340,-95.552480
Chetopa,KS,37.037290,-95.089960
Cimarron,KS,37.806690,-100.348200
Clay Center,KS,37.519460,-96.771140
Clearwater,KS,37.502800,-97.504490
Coffeyville,KS,37.037300,-95.616370
Colby,KS,39.395840,-101.052380
Coldwater,KS,37.268910,-99.326780
Columbus,KS,37.169230,-94.844120
Colwich,KS,37.779180,-97.536440
Concordia,KS,39.570840,-97.662540
Conway Springs,KS,37.390300,-97.642270
Cottonwood Falls,KS,38.372240,-96.542780
Council Grove,KS,38.661120,-96.491950
De Soto,KS,38.979170,-94.968580
Derby,KS,37.545570,-97.268930
Dighton,KS,38.481960,-100.467080
Dodge City,KS,37.752800,-100.017080
Douglass,KS,37.519460,-97.012810
Edgerton,KS,38.764730,-95.008020
Edwardsville,KS,39.061120,-94.819680
El Dorado,KS,37.817240,-96.862250
Elkhart,KS,37.008080,-101.890170
Ellinwood,KS,38.355570,-98.580910
Ellis,KS,38.938070,-99.560670
Ellsworth,KS,38.730560,-98.228110
Elwood,KS,39.755550,-94.872470
Emporia,KS,38.403900,-96.181660
Erie,KS,37.568110,-95.243310
Eudora,KS,38.943340,-95.098580
Eureka,KS,37.823920,-96.289170
Fairway,KS,39.022230,-94.631900
Fort Riley North,KS,39.110810,-96.813920
Fort Scott,KS,37.839760,-94.708300
Fredonia,KS,37.533940,-95.826650
Frontenac,KS,37.455600,-94.689130
Galena,KS,37.075900,-94.639670
Garden City,KS,37.971690,-100.872660
Gardner,KS,38.810840,-94.927190
Garnett,KS,38.280580,-95.241920
Girard,KS,37.511160,-94.838020
Goddard,KS,37.659740,-97.575330
Goodland,KS,39.350830,-101.710170
Gove,KS,38.957790,-100.488750
Grandview Plaza,KS,39.029160,-96.789170
Great Bend,KS,38.364460,-98.764810
Greensburg,KS,37.602800,-99.292610
Halstead,KS,38.001400,-97.508650
Harper,KS,37.286690,-98.025890
Haven,KS,37.898900,-97.782830
Hays,KS,38.879180,-99.326770
Haysville,KS,37.564460,-97.352270
Herington,KS,38.671120,-96.942510
Hesston,KS,38.138340,-97.431430
Hiawatha,KS,39.852500,-95.535820
Highland,KS,39.859720,-95.269700
Hill City,KS,39.364730,-99.842060
Hillsboro,KS,38.351960,-97.204470
Hoisington,KS,38.518070,-98.778140
Holcomb,KS,37.986140,-100.989330
Holton,KS,39.465270,-95.736370
Horton,KS,39.660560,-95.526370
Howard,KS,37.470310,-96.263610
Hoxie,KS,39.357500,-100.441810
Hugoton,KS,37.175300,-101.349600
Humboldt,KS,37.810600,-95.436930
Hutchinson,KS,38.060840,-97.929770
Independence,KS,37.224240,-95.708310
Inman,KS,38.231950,-97.773380
Iola,KS,37.924480,-95.399980
Jetmore,KS,38.084460,-99.893460
Johnson,KS,37.570570,-101.751000
Junction City,KS,39.028610,-96.831400
Kansas City,KS,39.114170,-94.627460
Kechi,KS,37.795850,-97.279490
Kingman,KS,37.645850,-98.113670
Kinsley,KS,37.923070,-99.409840
Kiowa,KS,37.017250,-98.485350
La Crosse,KS,38.531400,-99.308720
La Cygne,KS,38.350020,-94.761350
Lakin,KS,37.940580,-101.254890
Lansing,KS,39.248610,-94.900240
Larned,KS,38.180570,-99.098710
Lawrence,KS,38.971670,-95.235250
Leavenworth,KS,39.311110,-94.922460
Leawood,KS,38.966670,-94.616900
Lenexa,KS,38.953620,-94.733570
Leoti,KS,38.479740,-101.358770
Liberal,KS,37.043080,-100.921000
Lincoln,KS,39.040840,-98.144770
Lindsborg,KS,38.573620,-97.674480
Louisburg,KS,38.619460,-94.680790
Lyndon,KS,38.610010,-95.684430
Lyons,KS,38.345010,-98.201730
Maize,KS,37.779180,-97.467270
Manhattan,KS,39.183610,-96.571670
Mankato,KS,39.787230,-98.210050
Marion,KS,38.348350,-97.017250
Marysville,KS,39.841110,-96.647240
McConnell AFB,KS,37.630070,-97.258690
McPherson,KS,38.370840,-97.664210
Meade,KS,37.285580,-100.340150
Medicine Lodge,KS,37.281130,-98.580360
Merriam,KS,39.023620,-94.693570
Minneapolis,KS,39.121940,-97.706700
Mission,KS,39.027780,-94.655790
Mission Hills,KS,39.017780,-94.616900
Mound City,KS,38.142810,-94.813570
Moundridge,KS,38.203070,-97.519210
Mulvane,KS,37.474460,-97.243930
Neodesha,KS,37.418390,-95.680260
Ness City,KS,38.452790,-99.906510
New Century,KS,38.822530,-94.899710
Newton,KS,38.046680,-97.345040
Nickerson,KS,38.147230,-98.083670
North Newton,KS,38.072230,-97.345590
Norton,KS,39.833890,-99.891510
Oakley,KS,39.133340,-100.863760
Oberlin,KS,39.818340,-100.528200
Ogden,KS,39.111110,-96.706120
Olathe,KS,38.881400,-94.819130
Osage City,KS,38.633900,-95.825820
Osawatomie,KS,38.497240,-94.950520
Osborne,KS,39.439140,-98.696240
Oskaloosa,KS,39.215280,-95.312750
Oswego,KS,37.167570,-95.109960
Ottawa,KS,38.615570,-95.267750
Overbrook,KS,38.780560,-95.557200
Overland Park,KS,38.982230,-94.670790
Oxford,KS,37.274190,-97.168930
Paola,KS,38.572240,-94.879130
Park City,KS,37.800010,-97.318380
Parsons,KS,37.340340,-95.261080
Peabody,KS,38.169460,-97.106700
Phillipsburg,KS,39.756120,-99.323990
Pittsburg,KS,37.410880,-94.704960
Plains,KS,37.260300,-100.592650
Plainville,KS,39.234730,-99.298160
Pleasanton,KS,38.177810,-94.711350
Prairie Village,KS,38.991670,-94.633570
Pratt,KS,37.643910,-98.737590
Roeland Park,KS,39.037510,-94.632180
Rose Hill,KS,37.558350,-97.135040
Rossville,KS,39.136110,-95.951660
Russell,KS,38.895270,-98.861030
Sabetha,KS,39.902220,-95.800820
Saint Francis,KS,39.772220,-101.799900
Saint John,KS,38.002240,-98.760090
Saint Marys,KS,39.194160,-96.071100
Salina,KS,38.840280,-97.611420
Satanta,KS,37.437250,-100.972110
Scott City,KS,38.482520,-100.907090
Sedan,KS,37.126720,-96.186940
Sedgwick,KS,37.916680,-97.422540
Seneca,KS,39.834160,-96.064170
Sharon Springs,KS,38.897790,-101.752120
Shawnee,KS,39.041670,-94.720240
Silver Lake,KS,39.104170,-95.858600
Smith Center,KS,39.779180,-98.785070
Solomon,KS,38.919440,-97.371140
South Hutchinson,KS,38.028070,-97.940330
Spring Hill,KS,38.743060,-94.825520
Sterling,KS,38.210010,-98.207010
Stockton,KS,39.438070,-99.265100
Sublette,KS,37.481690,-100.843770
Syracuse,KS,37.980710,-101.754300
Tonganoxie,KS,39.109720,-95.087750
Topeka,KS,39.048330,-95.678040
Towanda,KS,37.797520,-96.999760
Tribune,KS,38.469740,-101.752670
Troy,KS,39.783050,-95.089970
Ulysses,KS,37.581410,-101.355170
Valley Center,KS,37.834730,-97.373380
Valley Falls,KS,39.343330,-95.460250
Victoria,KS,38.852790,-99.147600
WaKeeney,KS,39.025010,-99.879570
Wamego,KS,39.201940,-96.305000
Washington,KS,39.818060,-97.050860
Wathena,KS,39.759160,-94.949690
Wellington,KS,37.265300,-97.371710
Wellsville,KS,38.718340,-95.081640
Westmoreland,KS,39.393890,-96.413610
Westwood,KS,39.040560,-94.616900
Wichita,KS,37.692240,-97.337540
Winfield,KS,37.239750,-96.995590
Yates Center,KS,37.881150,-95.733320
Albany,KY,36.690900,-85.134680
Alexandria,KY,38.959510,-84.387990
Anchorage,KY,38.266740,-85.533020
Annville,KY,37.319250,-83.970480
Ashland,KY,38.478410,-82.637940
Auburn,KY,36.864210,-86.710270
Audubon Park,KY,38.203960,-85.725240
Augusta,KY,38.771740,-84.005760
Barbourmeade,KY,38.297290,-85.603290
Barbourville,KY,36.866480,-83.888810
Bardstown,KY,37.809230,-85.466900
Bardwell,KY,36.870610,-89.009790
Beattyville,KY,37.571750,-83.706860
Beaver Dam,KY,37.401990,-86.875830
Bedford,KY,38.592560,-85.317730
Beechwood Village,KY,38.254790,-85.631350
Bellevue,KY,39.106450,-84.478830
Benton,KY,36.857280,-88.350310
Berea,KY,37.568690,-84.296320
Bloomfield,KY,37.910340,-85.316620
Booneville,KY,37.476200,-83.674910
Bowling Green,KY,36.990320,-86.443600
Brandenburg,KY,37.998960,-86.169410
Breckinridge Center,KY,37.682820,-87.863080
Brodhead,KY,37.404250,-84.413830
Brooks,KY,38.061180,-85.709680
Brooksville,KY,38.682570,-84.065760
Brownsville,KY,37.192550,-86.267750
Buckner,KY,38.383680,-85.439960
Buechel,KY,38.195070,-85.651900
Burkesville,KY,36.790340,-85.370520
Burlington,KY,39.027560,-84.724110
Cadiz,KY,36.865050,-87.835300
Calhoun,KY,37.538940,-87.258330
Calvert City,KY,37.033390,-88.350040
Camargo,KY,37.994250,-83.887700
Campbellsville,KY,37.343400,-85.341910
Campton,KY,37.734250,-83.547410
Carlisle,KY,38.312020,-84.027430
Carrollton,KY,38.680900,-85.179400
Catlettsburg,KY,38.404800,-82.600440
Cave City,KY,37.136720,-85.956920
Central City,KY,37.293930,-87.123330
Claryville,KY,38.919230,-84.395490
Clay,KY,37.476710,-87.820020
Clay City,KY,37.859250,-83.918530
Clinton,KY,36.667280,-88.993400
Cloverport,KY,37.833390,-86.632760
Coal Run Village,KY,37.513160,-82.558490
Cold Spring,KY,39.021730,-84.439940
Coldstream,KY,38.314790,-85.523850
Columbia,KY,37.102840,-85.306350
Corbin,KY,36.948700,-84.096880
Covington,KY,39.083670,-84.508550
Crescent Springs,KY,39.051450,-84.581610
Crestview Hills,KY,39.027280,-84.584940
Crestwood,KY,38.324240,-85.472460
Crittenden,KY,38.782840,-84.605220
Cumberland,KY,36.978150,-82.988500
Cynthiana,KY,38.390350,-84.294100
Danville,KY,37.645630,-84.772170
Dawson Springs,KY,37.167270,-87.692510
Dayton,KY,39.112840,-84.472720
Dixon,KY,37.517820,-87.690290
Doe Valley,KY,37.956650,-86.116530
Douglass Hills,KY,38.237850,-85.552740
Dry Ridge,KY,38.682010,-84.589940
Earlington,KY,37.274210,-87.511940
Eddyville,KY,37.094500,-88.080300
Edgewood,KY,39.018670,-84.581890
Edmonton,KY,36.980060,-85.612190
Elizabethtown,KY,37.693950,-85.859130
Elk Creek,KY,38.100340,-85.371070
Elkfork,KY,37.964810,-83.132950
Elkton,KY,36.810040,-87.154170
Elsmere,KY,39.012560,-84.604670
Eminence,KY,38.370070,-85.180510
Erlanger,KY,39.016730,-84.600780
Fairdale,KY,38.105070,-85.758850
Falmouth,KY,38.676740,-84.330210
Farley,KY,37.046340,-88.568560
Fern Creek,KY,38.159790,-85.587740
Flatwoods,KY,38.522580,-82.717110
Flemingsburg,KY,38.422300,-83.733810
Florence,KY,38.998950,-84.626610
Fort Campbell North,KY,36.654290,-87.460560
Fort Knox,KY,37.891130,-85.963630
Fort Mitchell,KY,39.059500,-84.547440
Fort Thomas,KY,39.075060,-84.447160
Fort Wright,KY,39.051730,-84.534110
Francisville,KY,39.105060,-84.724390
Frankfort,KY,38.200910,-84.873280
Franklin,KY,36.722260,-86.577220
Frenchburg,KY,37.950920,-83.625750
Fulton,KY,36.504230,-88.874230
Georgetown,KY,38.209800,-84.558830
Glasgow,KY,36.995880,-85.911920
Graymoor-Devondale,KY,38.273130,-85.623020
Grayson,KY,38.332580,-82.948500
Greensburg,KY,37.260890,-85.498850
Greenup,KY,38.573130,-82.830170
Greenville,KY,37.201150,-87.178890
Guthrie,KY,36.648380,-87.166390
Hardinsburg,KY,37.780060,-86.460530
Harlan,KY,36.843140,-83.321850
Harrodsburg,KY,37.762300,-84.843290
Hartford,KY,37.451160,-86.909160
Hawesville,KY,37.900060,-86.754990
Hazard,KY,37.249540,-83.193230
Hebron,KY,39.065890,-84.701060
Hebron Estates,KY,38.049510,-85.666070
Henderson,KY,37.836150,-87.590010
Hendron,KY,37.039500,-88.629220
Heritage Creek,KY,38.123680,-85.719680
Hickman,KY,36.571170,-89.186180
Highland Heights,KY,39.033120,-84.451890
Highview,KY,38.142850,-85.624130
Hillview,KY,38.069790,-85.685510
Hindman,KY,37.335930,-82.980440
Hodgenville,KY,37.573950,-85.739960
Hopkinsville,KY,36.865610,-87.491170
Horse Cave,KY,37.179500,-85.906920
Hurstbourne,KY,38.238130,-85.588290
Hurstbourne Acres,KY,38.221180,-85.589130
Hyden,KY,37.160930,-83.373240
Independence,KY,38.943120,-84.544110
Indian Hills,KY,38.272570,-85.662740
Indian Hills Cherokee Section,KY,38.279510,-85.649960
Inez,KY,37.866480,-82.538760
Irvine,KY,37.700640,-83.973810
Irvington,KY,37.880340,-86.283860
Jackson,KY,37.825080,-84.870790
Jamestown,KY,36.984790,-85.063010
Jeffersontown,KY,38.194240,-85.564400
Jeffersonville,KY,37.973690,-83.841860
Jenkins,KY,37.173440,-82.630990
Junction City,KY,37.586740,-84.793840
Knottsville,KY,37.771720,-86.904160
La Center,KY,37.076720,-88.973680
La Grange,KY,38.407570,-85.378850
Lakeside Park,KY,39.035620,-84.569110
Lancaster,KY,37.619520,-84.578000
Lawrenceburg,KY,38.037300,-84.896620
Lebanon,KY,37.569790,-85.252740
Lebanon Junction,KY,37.834510,-85.731900
Ledbetter,KY,37.047560,-88.476990
Leitchfield,KY,37.480050,-86.293860
Lewisport,KY,37.937000,-86.902210
Lexington,KY,37.988690,-84.477720
Lexington-Fayette,KY,38.049800,-84.458550
Liberty,KY,37.318410,-84.939400
Livermore,KY,37.493100,-87.131940
London,KY,37.128980,-84.083260
Louisa,KY,38.114250,-82.603210
Louisville,KY,38.254240,-85.759410
Ludlow,KY,39.092560,-84.547440
Lyndon,KY,38.256740,-85.601630
Madisonville,KY,37.328100,-87.498890
Manchester,KY,37.153700,-83.761860
Marion,KY,37.332830,-88.081130
Masonville,KY,37.675050,-87.034720
Massac,KY,37.029000,-88.686000
Mayfield,KY,36.741720,-88.636720
Maysville,KY,38.641190,-83.744370
McKee,KY,37.430360,-83.997980
Meads,KY,38.412580,-82.709050
Middlesboro,KY,36.608420,-83.716580
Middletown,KY,38.245350,-85.538850
Midway,KY,38.150910,-84.683830
Monticello,KY,36.829790,-84.849110
Morehead,KY,37.271150,-87.176380
Morganfield,KY,37.683380,-87.916690
Morgantown,KY,37.225600,-86.683600
Mount Olivet,KY,38.531460,-84.036870
Mount Sterling,KY,38.056470,-83.943260
Mount Vernon,KY,38.025630,-84.495220
Mount Washington,KY,38.050060,-85.545790
Munfordville,KY,37.272280,-85.891080
Murray,KY,36.610330,-88.314760
New Castle,KY,38.433400,-85.169680
Newburg,KY,38.160070,-85.659680
Newport,KY,39.091450,-84.495780
Nicholasville,KY,37.880630,-84.573000
North Corbin,KY,36.960640,-84.093260
Northfield,KY,38.287010,-85.641070
Nortonville,KY,37.190880,-87.452780
Oak Grove,KY,37.344210,-86.754710
Oakbrook,KY,38.999780,-84.685220
Okolona,KY,38.141180,-85.687740
Olive Hill,KY,38.300080,-83.174070
Orchard Grass Hills,KY,38.323680,-85.521350
Owensboro,KY,37.774220,-87.113330
Owenton,KY,38.536720,-84.843380
Owingsville,KY,38.144800,-83.764080
Paducah,KY,37.083390,-88.600050
Paintsville,KY,37.814540,-82.807110
Paris,KY,38.209800,-84.252990
Park Hills,KY,39.071450,-84.532170
Pewee Valley,KY,38.310620,-85.487460
Pikeville,KY,37.479270,-82.518760
Pine Knot,KY,36.650910,-84.438550
Pineville,KY,36.762030,-83.694920
Pioneer Village,KY,38.060620,-85.677740
Plano,KY,36.880320,-86.418320
Pleasure Ridge Park,KY,38.145350,-85.858300
Prestonsburg,KY,37.665650,-82.771550
Princeton,KY,37.109220,-87.881960
Prospect,KY,38.345070,-85.615520
Providence,KY,38.574510,-85.221070
Raceland,KY,38.540080,-82.728500
Radcliff,KY,37.840350,-85.949130
Reidland,KY,37.017560,-88.531430
Richmond,KY,37.747860,-84.294650
Russell,KY,38.517300,-82.697660
Russell Springs,KY,37.056180,-85.088570
Russellville,KY,36.845320,-86.887220
Ryland Heights,KY,38.957560,-84.463000
Saint Dennis,KY,38.188400,-85.845800
Saint Matthews,KY,38.252850,-85.655790
Saint Regis Park,KY,38.226740,-85.616630
Salyersville,KY,37.752590,-83.068780
Sandy Hook,KY,38.086470,-83.126280
Scottsville,KY,36.753380,-86.190540
Sebree,KY,37.606990,-87.528620
Shelbyville,KY,38.212010,-85.223570
Shepherdsville,KY,37.988400,-85.715790
Shively,KY,38.200070,-85.822740
Silver Grove,KY,39.034510,-84.390220
Simpsonville,KY,38.222570,-85.355230
Smithland,KY,37.138940,-88.403370
Somerset,KY,37.092020,-84.604110
South Shore,KY,38.720910,-82.958230
Southgate,KY,39.072000,-84.472720
Springfield,KY,37.685340,-85.222180
Stanford,KY,37.531190,-84.661890
Stanton,KY,37.845640,-83.858250
Stearns,KY,36.698970,-84.477440
Sturgis,KY,37.546710,-87.983910
Taylor Mill,KY,38.997560,-84.496330
Taylorsville,KY,38.031730,-85.342450
Tompkinsville,KY,36.702280,-85.691640
Union,KY,38.945900,-84.680500
Valley Station,KY,38.111180,-85.870240
Van Lear,KY,37.771210,-82.757940
Vanceburg,KY,38.599240,-83.318800
Verona,KY,38.818400,-84.660780
Versailles,KY,38.052580,-84.729950
Villa Hills,KY,39.063390,-84.593000
Vine Grove,KY,37.810070,-85.981350
Walton,KY,38.875620,-84.610220
Warsaw,KY,38.783400,-84.901620
Watterson Park,KY,38.192290,-85.683290
West Buechel,KY,38.197010,-85.663290
West Liberty,KY,37.921480,-83.259620
Westwood,KY,38.483140,-82.669880
Whitesburg,KY,37.118430,-82.826830
Whitley City,KY,36.723410,-84.470490
Wickliffe,KY,36.964780,-89.089230
Wilder,KY,39.056450,-84.486890
Williamsburg,KY,36.743420,-84.159660
Williamstown,KY,38.638120,-84.560500
Wilmore,KY,37.862020,-84.661610
Winchester,KY,37.990080,-84.179650
Windy Hills,KY,38.273960,-85.634410
Worthington,KY,38.315620,-85.561630
Worthington Hills,KY,38.308960,-85.526900
Wurtland,KY,38.550360,-82.777940
Abbeville,LA,29.974650,-92.134290
Abita Springs,LA,30.478640,-90.040080
Addis,LA,30.353800,-91.265390
Albany,LA,30.504360,-90.582310
Alexandria,LA,31.311290,-92.445140
Ama,LA,29.952150,-90.296470
Amelia,LA,29.666320,-91.102040
Amite,LA,30.726570,-90.508980
Arabi,LA,29.954370,-90.005350
Arcadia,LA,32.549040,-92.920160
Arnaudville,LA,30.397700,-91.931510
Avondale,LA,29.912980,-90.203690
Baker,LA,30.588240,-91.168160
Baldwin,LA,29.837980,-91.544280
Ball,LA,31.415460,-92.411800
Banks Springs,LA,32.082100,-92.092910
Barataria,LA,29.723270,-90.123690
Basile,LA,30.485200,-92.595970
Bastrop,LA,32.778280,-91.911440
Batchelor,LA,30.840460,-91.661510
Baton Rouge,LA,30.443320,-91.187470
Bawcomville,LA,32.470420,-92.167360
Bayou Boeuf,LA,29.869370,-90.596750
Bayou Cane,LA,29.624100,-90.751200
Bayou Gauche,LA,29.787430,-90.413140
Bayou Vista,LA,29.689650,-91.270940
Belle Chasse,LA,29.854930,-89.990630
Belle Rose,LA,30.050480,-91.041490
Benton,LA,32.694870,-93.741850
Bernice,LA,32.822090,-92.657930
Berwick,LA,29.694650,-91.218990
Blanchard,LA,32.580980,-93.892680
Bogalusa,LA,30.791020,-89.848690
Bossier City,LA,32.515990,-93.732120
Bourg,LA,29.553550,-90.602310
Boutte,LA,29.902430,-90.388140
Breaux Bridge,LA,30.273530,-91.899280
Bridge City,LA,29.933260,-90.170070
Broussard,LA,30.147150,-91.961230
Brownsfield,LA,30.546580,-91.120660
Brownsville,LA,32.487090,-92.154300
Brusly,LA,30.394360,-91.253720
Bunkie,LA,30.953250,-92.182630
Cade,LA,30.087420,-91.905400
Cameron,LA,29.797720,-93.325150
Campti,LA,31.893500,-93.118220
Carencro,LA,30.317140,-92.049010
Carlyss,LA,30.168820,-93.375990
Carville,LA,30.217420,-91.096210
Catahoula,LA,30.214640,-91.709000
Cecilia,LA,30.337140,-91.853170
Central,LA,30.554350,-91.036770
Chackbay,LA,29.883540,-90.797320
Chalmette,LA,29.942960,-89.965370
Charenton,LA,29.881590,-91.525110
Chauvin,LA,29.438550,-90.595370
Church Point,LA,30.402980,-92.215130
Claiborne,LA,32.515980,-92.191800
Clarks,LA,32.026550,-92.139030
Clinton,LA,30.865740,-91.015660
Colfax,LA,31.519060,-92.706820
Columbia,LA,32.105160,-92.077910
Convent,LA,30.020760,-90.829820
Cottonport,LA,30.984080,-92.053460
Coushatta,LA,32.014880,-93.342120
Covington,LA,30.475490,-90.100420
Crowley,LA,30.214090,-92.374580
Cullen,LA,32.969030,-93.450730
Cut Off,LA,29.542720,-90.338140
Delcambre,LA,29.948260,-91.988730
Delhi,LA,32.457640,-91.493170
Denham Springs,LA,30.487400,-90.957530
DeQuincy,LA,30.450480,-93.433220
DeRidder,LA,30.846310,-93.289050
Des Allemands,LA,29.823820,-90.475080
Destrehan,LA,29.943220,-90.353450
Deville,LA,31.357400,-92.165410
Donaldsonville,LA,30.101140,-90.994120
Dulac,LA,29.388830,-90.713980
Duson,LA,30.235760,-92.185400
Eastwood,LA,32.556260,-93.567120
Eden Isle,LA,30.228530,-89.798670
Edgard,LA,30.043260,-90.560090
Elmwood,LA,29.956590,-90.189800
Elton,LA,30.481310,-92.695700
Erath,LA,29.958260,-92.035960
Erwinville,LA,30.531020,-91.407890
Estelle,LA,29.845760,-90.106740
Eunice,LA,30.494370,-92.417630
Farmerville,LA,32.773470,-92.405700
Ferriday,LA,31.630170,-91.554560
Fort Polk North,LA,31.103020,-93.179130
Fort Polk South,LA,31.051100,-93.215780
Franklin,LA,29.796040,-91.501500
Franklinton,LA,30.847310,-90.155270
French Settlement,LA,30.295990,-90.796300
Galliano,LA,29.442160,-90.299250
Gardere,LA,30.345750,-91.140110
Garyville,LA,30.056040,-90.619260
Glenmora,LA,30.976580,-92.585140
Golden Meadow,LA,29.379110,-90.260080
Gonzales,LA,30.238530,-90.920100
Grambling,LA,32.527650,-92.714040
Gramercy,LA,30.047420,-90.689810
Grand Bayou Mobile Home Park,LA,29.908020,-90.777110
Grand Isle,LA,29.236620,-89.987290
Grand Point,LA,30.061310,-90.753430
Gray,LA,29.697710,-90.786480
Greensburg,LA,30.830740,-90.671760
Greenwood,LA,32.442930,-93.972960
Gretna,LA,29.914650,-90.053960
Gueydan,LA,30.026040,-92.508470
Hackberry,LA,29.996050,-93.342100
Hahnville,LA,29.976590,-90.408970
Hammond,LA,30.504630,-90.462930
Harahan,LA,29.940480,-90.203130
Harrisonburg,LA,31.772110,-91.821520
Harvey,LA,29.903540,-90.077290
Haughton,LA,32.532650,-93.504060
Haynesville,LA,32.962080,-93.140160
Henderson,LA,30.313250,-91.790390
Homer,LA,32.791920,-93.055030
Houma,LA,29.595770,-90.719530
Independence,LA,30.635510,-90.503350
Inniswold,LA,30.404910,-91.083440
Iota,LA,30.331310,-92.495690
Iowa,LA,30.236870,-93.013760
Jackson,LA,30.837400,-91.217610
Jean Lafitte,LA,29.736040,-90.126740
Jeanerette,LA,29.911040,-91.663450
Jefferson,LA,29.966040,-90.153130
Jena,LA,31.683230,-92.133740
Jennings,LA,30.222430,-92.657080
Jonesboro,LA,32.241270,-92.715990
Jonesville,LA,31.626560,-91.818180
Kaplan,LA,29.997980,-92.284850
Kenner,LA,29.994090,-90.241740
Kentwood,LA,30.938240,-90.508980
Killian,LA,30.358810,-90.586200
Kinder,LA,30.485480,-92.850700
Krotz Springs,LA,30.536860,-91.752890
Labadieville,LA,29.837430,-90.956210
Lacombe,LA,30.313530,-89.943130
Lafayette,LA,30.224090,-92.019840
Lake Arthur,LA,30.080760,-92.671530
Lake Charles,LA,30.213090,-93.204400
Lake Providence,LA,32.804990,-91.170980
Lakeshore,LA,32.535140,-92.029580
Laplace,LA,30.066980,-90.481470
Larose,LA,29.572440,-90.381750
Lawtell,LA,30.518530,-92.184850
Lecompte,LA,31.094630,-92.400410
Leesville,LA,31.143520,-93.261000
Leonville,LA,30.470470,-91.978450
Livingston,LA,30.502130,-90.747870
Livonia,LA,30.559080,-91.555940
Lockport,LA,29.646050,-90.539250
Lockport Heights,LA,29.650490,-90.546470
Logansport,LA,31.975450,-93.997970
Luling,LA,29.932150,-90.366470
Lutcher,LA,30.040480,-90.698980
Mamou,LA,30.633810,-92.419300
Mandeville,LA,30.358250,-90.065630
Mansfield,LA,32.037660,-93.700180
Mansura,LA,31.057970,-92.049010
Many,LA,31.568780,-93.484060
Maringouin,LA,30.491300,-91.519550
Marksville,LA,31.127970,-92.066240
Marrero,LA,29.899370,-90.100350
Mathews,LA,29.686320,-90.546750
Maurice,LA,30.108540,-92.124570
Melville,LA,30.692970,-91.744000
Meraux,LA,29.930170,-89.916230
Merrydale,LA,30.501300,-91.108440
Merryville,LA,30.754370,-93.540450
Metairie,LA,29.984090,-90.152850
Metairie Terrace,LA,29.978540,-90.163960
Midway,LA,31.692120,-92.152360
Milton,LA,30.103810,-92.076510
Minden,LA,32.615430,-93.286840
Minorca,LA,31.579330,-91.481790
Monroe,LA,32.509310,-92.119300
Montegut,LA,30.070760,-90.502030
Monticello,LA,30.489080,-91.048720
Montz,LA,30.006870,-90.468690
Morgan City,LA,29.699370,-91.206770
Moss Bluff,LA,30.302700,-93.190710
Napoleonville,LA,29.940480,-91.024820
Natalbany,LA,30.546220,-90.486190
Natchitoches,LA,31.760720,-93.086270
New Iberia,LA,30.003540,-91.818730
New Llano,LA,31.114910,-93.271550
New Orleans,LA,29.954650,-90.075070
New Roads,LA,30.701570,-91.436220
New Sarpy,LA,29.978170,-90.389630
Newellton,LA,32.072650,-91.240950
Norco,LA,29.999090,-90.412300
North Vacherie,LA,29.996870,-90.705650
Oak Grove,LA,32.860960,-91.388450
Oak Hills Place,LA,30.359920,-91.087600
Oakdale,LA,30.816030,-92.660420
Oberlin,LA,30.620200,-92.762650
Old Jefferson,LA,30.382690,-91.017050
Olla,LA,31.902940,-92.243190
Opelousas,LA,30.533530,-92.081510
Ossun,LA,30.276030,-92.112350
Paradis,LA,29.879650,-90.433970
Patterson,LA,29.693260,-91.302050
Paulina,LA,30.026310,-90.713150
Pearl River,LA,30.376030,-89.748400
Pierre Part,LA,29.965200,-91.203160
Pine Prairie,LA,30.783810,-92.425410
Pineville,LA,31.322400,-92.434300
Plaquemine,LA,30.290050,-91.234970
Ponchatoula,LA,30.438800,-90.441480
Port Allen,LA,30.452140,-91.210110
Port Barre,LA,30.560200,-91.954010
Port Sulphur,LA,29.480490,-89.693950
Poydras,LA,29.869370,-89.888950
Prairieville,LA,30.302970,-90.972050
Presquille,LA,29.563830,-90.646200
Prien,LA,30.181870,-93.273770
Raceland,LA,29.727430,-90.598980
Rayne,LA,30.234930,-92.268460
Rayville,LA,32.477360,-91.754850
Red Chute,LA,32.555980,-93.613230
Reserve,LA,30.053810,-90.551750
Richwood,LA,32.448760,-92.084860
Ringgold,LA,32.328490,-93.279890
River Ridge,LA,29.960200,-90.215630
Roseland,LA,30.764910,-90.511760
Rosepine,LA,30.919910,-93.282390
Ruston,LA,32.523210,-92.637930
Saint Francisville,LA,30.779900,-91.376500
Saint Gabriel,LA,30.257700,-91.099270
Saint Joseph,LA,31.918490,-91.233450
Saint Martinville,LA,30.125200,-91.833450
Saint Rose,LA,29.946870,-90.323130
Schriever,LA,29.742150,-90.810370
Scott,LA,30.235760,-92.094570
Shenandoah,LA,30.401300,-91.000940
Shreveport,LA,32.525150,-93.750180
Sibley,LA,32.539320,-93.296280
Simmesport,LA,30.983520,-91.800120
Slidell,LA,30.275190,-89.781170
Sorrento,LA,30.184360,-90.859260
South Vacherie,LA,29.942830,-90.693480
Springhill,LA,33.005970,-93.466840
Sterlington,LA,32.696250,-92.085970
Stonewall,LA,32.281830,-93.824070
Sulphur,LA,30.236590,-93.377380
Sunset,LA,30.411310,-92.068450
Supreme,LA,29.859370,-90.981210
Swartz,LA,32.568750,-91.985130
Tallulah,LA,32.408480,-91.186780
Terrytown,LA,29.910210,-90.032570
Thibodaux,LA,29.795760,-90.822870
Timberlane,LA,29.877430,-90.032020
Urania,LA,31.863780,-92.295970
Vidalia,LA,31.565440,-91.425950
Vienna Bend,LA,31.732390,-93.041000
Village Saint George,LA,30.362140,-91.067330
Ville Platte,LA,30.687970,-92.271520
Vinton,LA,30.190760,-93.581270
Violet,LA,29.895760,-89.897840
Vivian,LA,32.871530,-93.987400
Waggaman,LA,29.918540,-90.210910
Walker,LA,30.487970,-90.861490
Watson,LA,30.575740,-90.953160
Welsh,LA,30.236040,-92.822650
West Ferriday,LA,31.640440,-91.573180
West Monroe,LA,32.518480,-92.147640
Westlake,LA,30.242150,-93.250710
Westminster,LA,30.413800,-91.087600
Westwego,LA,29.906040,-90.142300
White Castle,LA,30.169920,-91.147050
Winnfield,LA,31.925580,-92.641310
Winnsboro,LA,32.163210,-91.720680
Woodmere,LA,29.857980,-90.080350
Woodworth,LA,31.146580,-92.497360
Youngsville,LA,30.099650,-91.990120
Zachary,LA,30.648520,-91.156500
Zwolle,LA,31.631560,-93.644070
Aberdeen,MA,42.344540,-71.149500
Abington,MA,42.104820,-70.945320
Acton,MA,42.485090,-71.432840
Acushnet,MA,41.680660,-70.907820
Acushnet Center,MA,41.685080,-70.906420
Adams,MA,42.624250,-73.117600
Agawam,MA,42.069540,-72.614810
Allston,MA,42.358430,-71.125890
Allston/Brighton,MA,42.355690,-71.142310
Amesbury,MA,42.858420,-70.930050
Amherst,MA,42.367230,-72.518520
Amherst Center,MA,42.375370,-72.519250
Andover,MA,42.658430,-71.137000
Arlington,MA,42.415370,-71.156440
Ashburnham,MA,42.636200,-71.907850
Ashby,MA,42.677870,-71.820350
Ashfield,MA,42.526470,-72.788430
Ashland,MA,42.261210,-71.463400
Ashmont,MA,42.283430,-71.068940
Assonet,MA,41.795940,-71.067820
Athol,MA,42.595920,-72.226750
Attleboro,MA,41.944540,-71.285610
Auburn,MA,42.194540,-71.835630
Auburndale,MA,42.347320,-71.249500
Avon,MA,42.130660,-71.041160
Ayer,MA,42.561200,-71.589790
Back Bay,MA,42.350100,-71.087000
Back of the Hill,MA,42.329260,-71.111020
Baldwinville,MA,42.608420,-72.075910
Barnstable,MA,41.700110,-70.299470
Barre,MA,42.422870,-72.105080
Beacon Hill,MA,42.358710,-71.067830
Beaconsfield,MA,42.336760,-71.141160
Becket,MA,42.332030,-73.082880
Bedford,MA,42.490650,-71.276170
Belchertown,MA,42.277040,-72.400920
Bellevue,MA,42.287600,-71.145330
Bellingham,MA,42.086760,-71.474510
Belmont,MA,42.395930,-71.178670
Bemis,MA,42.368710,-71.203670
Berkley,MA,41.845930,-71.082820
Berkshire Heights,MA,42.188980,-73.369000
Berlin,MA,42.381200,-71.637010
Bernardston,MA,42.670920,-72.549530
Beverly,MA,42.558430,-70.880050
Beverly Cove,MA,42.553430,-70.853660
Billerica,MA,42.558430,-71.268950
Blackstone,MA,42.017880,-71.541170
Bliss Corner,MA,41.611770,-70.938370
Bolton,MA,42.433430,-71.607840
Bondsville,MA,42.212590,-72.345360
Boston,MA,42.358430,-71.059770
Boston Seaport,MA,42.346690,-71.043310
Bourne,MA,41.741220,-70.598920
Boxborough,MA,42.490840,-71.528510
Boxford,MA,42.661200,-70.996720
Boylston,MA,42.391760,-71.703680
Braintree,MA,42.203840,-71.002150
Brewster,MA,41.760110,-70.082800
Bridgewater,MA,41.990380,-70.975040
Brighton,MA,42.350100,-71.156440
Brimfield,MA,42.122870,-72.200910
Brockton,MA,42.083430,-71.018380
Brook Farm,MA,42.288590,-71.163030
Brookline,MA,42.331760,-71.121160
Buckland,MA,42.592310,-72.791760
Burlington,MA,42.504820,-71.195610
Buzzards Bay,MA,41.745380,-70.618090
Cambridge,MA,42.375100,-71.105610
Cambridgeport,MA,42.358430,-71.103660
Canton,MA,42.158430,-71.144770
Carlisle,MA,42.529260,-71.349500
Carver,MA,41.883440,-70.762540
Centerville,MA,41.648720,-70.348080
Charlemont,MA,42.627860,-72.869820
Charlestown,MA,42.377870,-71.062000
Charlton,MA,42.135650,-71.970070
Chatham,MA,41.682060,-69.959740
Chelmsford,MA,42.599810,-71.367280
Chelsea,MA,42.391760,-71.032830
Chesterfield,MA,42.391750,-72.839820
Chestnut Hill,MA,42.330650,-71.166160
Chicopee,MA,42.148700,-72.607870
Clarendon Hills,MA,42.275100,-71.124500
Clinton,MA,42.416760,-71.682850
Cochituate,MA,42.320930,-71.364230
Cohasset,MA,42.241770,-70.803650
Colrain,MA,42.673140,-72.696760
Concord,MA,42.460370,-71.348950
Conway,MA,42.509810,-72.699530
Coolidge Corner,MA,42.345930,-71.124500
Cordaville,MA,42.268980,-71.523950
Cotuit,MA,41.616780,-70.436970
Dalton,MA,42.473700,-73.166210
Danvers,MA,42.575090,-70.930050
Dedham,MA,42.241770,-71.166160
Dennis,MA,41.735390,-70.193910
Dennis Port,MA,41.658450,-70.128630
Devens,MA,42.544700,-71.613180
Dighton,MA,41.813990,-71.120320
Dorchester,MA,42.297320,-71.074500
Douglas,MA,42.054260,-71.739510
Dover,MA,42.245930,-71.282830
Dracut,MA,42.670370,-71.302010
Dudley,MA,42.045100,-71.930070
Dunstable,MA,42.675090,-71.482840
Duxbury,MA,42.041770,-70.672260
East Boston,MA,42.375100,-71.039220
East Bridgewater,MA,42.033430,-70.959210
East Brookfield,MA,42.227870,-72.046740
East Cambridge,MA,42.366760,-71.080050
East Dennis,MA,41.742610,-70.161960
East Douglas,MA,42.072320,-71.713400
East Falmouth,MA,41.578440,-70.558640
East Harwich,MA,41.700110,-70.027240
East Longmeadow,MA,42.064540,-72.512590
East Pepperell,MA,42.665370,-71.573120
East Sandwich,MA,41.741770,-70.451690
East Somerville,MA,42.386730,-71.083900
Eastham,MA,41.830110,-69.973910
Easthampton,MA,42.266760,-72.668980
Easton,MA,42.024540,-71.128660
Edgartown,MA,41.389010,-70.513360
Erving,MA,42.600090,-72.398140
Essex,MA,42.632040,-70.782830
Everett,MA,42.408430,-71.053660
Fairhaven,MA,41.637600,-70.903650
Fairmount,MA,42.251490,-71.114770
Fall River,MA,41.701490,-71.155050
Falmouth,MA,41.551500,-70.614750
Faneuil,MA,42.355650,-71.163390
Fenway/Kenmore,MA,42.344910,-71.100170
Fiskdale,MA,42.116210,-72.113410
Fitchburg,MA,42.583420,-71.802300
Forestdale,MA,41.691770,-70.499470
Foxborough,MA,42.065380,-71.247830
Framingham,MA,42.279260,-71.416170
Framingham Center,MA,42.297320,-71.437010
Franklin,MA,42.083430,-71.396730
Freetown,MA,41.766770,-71.032820
Gardner,MA,42.575090,-71.998130
Gill,MA,42.640360,-72.499530
Gloucester,MA,42.614050,-70.663130
Grafton,MA,42.207040,-71.685620
Granby,MA,42.256480,-72.516200
Granville,MA,42.066760,-72.861490
Great Barrington,MA,42.195920,-73.362060
Green Harbor-Cedar Crest,MA,42.074950,-70.658430
Greenfield,MA,42.587590,-72.599530
Groton,MA,42.611200,-71.574510
Grove Hall,MA,42.311210,-71.074500
Groveland,MA,42.760370,-71.031450
Hadley,MA,42.341760,-72.588420
Halifax,MA,41.991210,-70.861990
Hamilton Worcester,MA,42.256200,-71.767570
Hampden,MA,42.063980,-72.413420
Hanover,MA,42.113160,-70.811990
Hanson,MA,42.075100,-70.880040
Hardwick,MA,42.350090,-72.199520
Harvard,MA,42.500090,-71.582840
Harwich,MA,41.686220,-70.075850
Harwich Center,MA,41.692350,-70.069380
Harwich Port,MA,41.666780,-70.078630
Hatfield,MA,42.370920,-72.598140
Haverhill,MA,42.776200,-71.077280
Head of Westport,MA,41.620940,-71.061990
Highland,MA,42.285380,-71.156720
Hingham,MA,42.241770,-70.889770
Hinsdale,MA,42.438700,-73.125380
Holbrook,MA,42.155100,-71.008660
Holden,MA,42.351760,-71.863410
Holland,MA,42.063980,-72.157300
Holliston,MA,42.200100,-71.424500
Holyoke,MA,42.204260,-72.616200
Hopedale,MA,42.130650,-71.541170
Hopkinton,MA,42.228710,-71.522560
Housatonic,MA,42.254250,-73.366220
Hubbardston,MA,42.473700,-72.006190
Hudson,MA,42.391760,-71.566180
Hull,MA,42.302040,-70.907820
Hyannis,MA,41.652890,-70.282800
Hyde Park,MA,42.255650,-71.124500
Ipswich,MA,42.679260,-70.841160
Jamaica Plain,MA,42.309820,-71.120330
Jeffries Point,MA,42.365380,-71.032830
Kendall Square,MA,42.365000,-71.085540
Kingston,MA,41.994550,-70.724480
Lancaster,MA,42.455650,-71.673120
Lanesborough,MA,42.517310,-73.228160
Lawrence,MA,42.707040,-71.163110
Lee,MA,42.304250,-73.248160
Leicester,MA,42.245930,-71.908680
Lenox,MA,42.356480,-73.284830
Leominster,MA,42.525090,-71.759790
Leverett,MA,42.452030,-72.501480
Lexington,MA,42.447320,-71.224500
Lincoln,MA,42.425930,-71.303950
Littleton Common,MA,42.545930,-71.474510
Longmeadow,MA,42.050100,-72.582870
Lowell,MA,42.633420,-71.316170
Lower Allston,MA,42.364650,-71.125830
Ludlow,MA,42.160090,-72.475920
Lunenburg,MA,42.594530,-71.724520
Lynn,MA,42.466760,-70.949490
Lynnfield,MA,42.538980,-71.048110
Malden,MA,42.425100,-71.066160
Manchester-by-the-Sea,MA,42.577870,-70.768940
Mansfield,MA,42.033430,-71.218940
Mansfield Center,MA,42.022620,-71.218080
Marblehead,MA,42.500100,-70.857830
Marion,MA,41.700100,-70.762810
Marion Center,MA,41.704240,-70.762860
Marlborough,MA,42.345930,-71.552290
Marshfield,MA,42.091770,-70.705590
Marshfield Hills,MA,42.145940,-70.739760
Marstons Mills,MA,41.656220,-70.416140
Mashpee,MA,41.648440,-70.481140
Mattapan,MA,42.272320,-71.087000
Mattapoisett,MA,41.658440,-70.816150
Mattapoisett Center,MA,41.665950,-70.807200
Maynard,MA,42.433430,-71.449510
Medfield,MA,42.187600,-71.306450
Medford,MA,42.418430,-71.106160
Medway,MA,42.141760,-71.396730
Melrose,MA,42.458430,-71.066160
Mendon,MA,42.105650,-71.552290
Merrimac,MA,42.830650,-71.002280
Methuen,MA,42.726200,-71.190890
Mid-Cambridge,MA,42.372050,-71.105980
Middleborough,MA,41.893160,-70.911150
Middleborough Center,MA,41.894600,-70.926180
Middleton,MA,42.595090,-71.016160
Milford,MA,42.139820,-71.516170
Millbury,MA,42.193980,-71.760070
Millers Falls,MA,42.582030,-72.492590
Millis,MA,42.167600,-71.357840
Millis-Clicquot,MA,42.164800,-71.354420
Millville,MA,42.027880,-71.580900
Milton,MA,42.249540,-71.066160
Milton Center,MA,42.254270,-71.080050
Milton Upper Mills,MA,42.261210,-71.095330
Milton Village,MA,42.266770,-71.071720
Mission Hill,MA,42.334370,-71.108450
Monson,MA,42.104260,-72.318970
Monson Center,MA,42.098980,-72.304810
Montague,MA,42.535640,-72.535090
Monument Beach,MA,41.719550,-70.611980
Nahant,MA,42.426490,-70.918940
Nantucket,MA,41.283460,-70.099460
Natick,MA,42.283430,-71.349500
Needham,MA,42.283430,-71.232830
New Bedford,MA,41.635260,-70.927010
New Marlborough,MA,42.122870,-73.228720
Newburyport,MA,42.812590,-70.877280
Newton,MA,42.337040,-71.209220
Newton Center,MA,42.330650,-71.199500
Newton Corner,MA,42.361210,-71.195330
Newton Highlands,MA,42.320930,-71.199500
Newton Lower Falls,MA,42.329260,-71.253670
Newton Upper Falls,MA,42.313990,-71.219500
Newtonville,MA,42.350100,-71.203670
Nonantum,MA,42.362600,-71.202280
Norfolk,MA,42.119540,-71.325060
North Adams,MA,42.700920,-73.108710
North Amherst,MA,42.410370,-72.530920
North Andover,MA,42.698700,-71.135060
North Attleborough Center,MA,41.972630,-71.324740
North Brighton,MA,42.358430,-71.138390
North Brookfield,MA,42.266760,-72.082850
North Chicopee,MA,42.183430,-72.599530
North Eastham,MA,41.865110,-69.991130
North End,MA,42.365100,-71.054500
North Falmouth,MA,41.645940,-70.618360
North Lakeville,MA,41.857600,-70.942260
North Pembroke,MA,42.093160,-70.792540
North Plymouth,MA,41.970940,-70.682810
North Reading,MA,42.575090,-71.078670
North Scituate,MA,42.218990,-70.785600
North Seekonk,MA,41.889270,-71.330050
North Westport,MA,41.660380,-71.088380
Northampton,MA,42.325090,-72.641200
Northborough,MA,42.319540,-71.641180
Northbridge,MA,42.151480,-71.649510
Northfield,MA,42.695920,-72.452870
Northwest Harwich,MA,41.690290,-70.102500
Norton,MA,41.966770,-71.186990
Norton Center,MA,41.972540,-71.185350
Norwell,MA,42.161770,-70.793930
Norwood,MA,42.194540,-71.199500
Oak Bluffs,MA,41.454280,-70.561970
Oak Hill Park,MA,42.294540,-71.185610
Oakham,MA,42.352870,-72.045350
Ocean Bluff-Brant Rock,MA,42.102340,-70.657360
Ocean Grove,MA,41.729270,-71.209210
Onset,MA,41.741770,-70.657810
Orange,MA,42.590360,-72.309810
Orient Heights,MA,42.387600,-71.003660
Orleans,MA,41.789830,-69.989740
Osterville,MA,41.628440,-70.386970
Otis,MA,42.193150,-73.091770
Oxford,MA,42.116760,-71.864790
Palmer,MA,42.158430,-72.328690
Paxton,MA,42.311200,-71.928130
Peabody,MA,42.527870,-70.928660
Pelham,MA,42.393150,-72.403700
Pepperell,MA,42.665920,-71.588400
Phillipston,MA,42.548700,-72.132860
Pinehurst,MA,42.529260,-71.228110
Pittsfield,MA,42.450080,-73.245380
Plainville,MA,42.004270,-71.332830
Plymouth,MA,41.958440,-70.667260
Plympton,MA,41.952880,-70.814480
Pocasset,MA,41.686220,-70.616140
Princeton,MA,42.448700,-71.877300
Provincetown,MA,42.052950,-70.186400
Quincy,MA,42.252880,-71.002270
Randolph,MA,42.162600,-71.041160
Raynham,MA,41.948710,-71.073100
Raynham Center,MA,41.923710,-71.052270
Reading,MA,42.525650,-71.095330
Readville,MA,42.240380,-71.137000
Rehoboth,MA,41.840380,-71.249490
Reservoir,MA,42.334820,-71.148390
Revere,MA,42.408430,-71.011990
Richmond,MA,42.373140,-73.367610
Rochester,MA,41.731770,-70.820040
Rockland,MA,42.130660,-70.916160
Rockport,MA,42.655650,-70.620320
Roslindale,MA,42.291210,-71.124500
Rowley,MA,42.716760,-70.878660
Roxbury Crossing,MA,42.330650,-71.091160
Royalston,MA,42.677590,-72.187860
Rutland,MA,42.369540,-71.948130
Sagamore,MA,41.770110,-70.528360
Salem,MA,42.519770,-70.895520
Salisbury,MA,42.841760,-70.860610
Sandwich,MA,41.759000,-70.493920
Saugus,MA,42.464820,-71.010050
Savin Hill,MA,42.312600,-71.057830
Scituate,MA,42.195930,-70.725870
Seekonk,MA,41.808430,-71.337000
Sharon,MA,42.123710,-71.178660
Sheffield,MA,42.110370,-73.355110
Shelburne,MA,42.589810,-72.688420
Shelburne Falls,MA,42.604250,-72.739260
Sherborn,MA,42.238990,-71.369780
Shirley,MA,42.543700,-71.649510
Shrewsbury,MA,42.295930,-71.712850
Shutesbury,MA,42.456480,-72.409810
Smith Mills,MA,41.638990,-70.991150
Somerset,MA,41.769550,-71.128660
Somerville,MA,42.387600,-71.099500
South Amherst,MA,42.340370,-72.505090
South Ashburnham,MA,42.610370,-71.938970
South Boston,MA,42.333430,-71.049490
South Deerfield,MA,42.477310,-72.607870
South Dennis,MA,41.689560,-70.156410
South Duxbury,MA,42.023160,-70.682810
South Hadley,MA,42.258420,-72.574530
South Lancaster,MA,42.444540,-71.687010
South Peabody,MA,42.509820,-70.949490
South Yarmouth,MA,41.666780,-70.184740
Southampton,MA,42.229260,-72.730090
Southborough,MA,42.305650,-71.524510
Southbridge,MA,42.075100,-72.033410
Southwick,MA,42.054820,-72.770370
Spencer,MA,42.243980,-71.992300
Spring Hill,MA,42.385910,-71.109270
Springfield,MA,42.101480,-72.589810
Sterling,MA,42.437590,-71.760630
Stockbridge,MA,42.287590,-73.320390
Stoneham,MA,42.480100,-71.099500
Stoughton,MA,42.125100,-71.102270
Stow,MA,42.437040,-71.505620
Sturbridge,MA,42.108430,-72.078690
Sudbury,MA,42.383430,-71.416170
Suffolk Downs Station,MA,42.389820,-70.997830
Sunderland,MA,42.244540,-71.771740
Sutton,MA,42.150100,-71.762850
Swampscott,MA,42.470930,-70.917550
Swansea,MA,41.748160,-71.189770
Taunton,MA,41.900100,-71.089770
Teaticket,MA,41.564550,-70.595860
Templeton,MA,42.555640,-72.067580
Ten Hills,MA,42.396760,-71.087000
Tewksbury,MA,42.610650,-71.234220
Thompsonville,MA,42.315380,-71.184220
Three Rivers,MA,42.181200,-72.360640
Topsfield,MA,42.637590,-70.949500
Townsend,MA,42.666760,-71.705070
Truro,MA,41.993440,-70.049750
Tufts University,MA,42.407450,-71.119200
Turners Falls,MA,42.604250,-72.556480
Tyngsboro,MA,42.676760,-71.424510
Union Square,MA,42.379720,-71.096530
Uphams Corner,MA,42.316760,-71.060610
Upton,MA,42.174540,-71.602290
Uxbridge,MA,42.077320,-71.629510
"VA Boston Healthcare System, Brockton Campus",MA,42.366380,-71.058960
Vineyard Haven,MA,41.453980,-70.601200
Wakefield,MA,42.506480,-71.072830
Wales,MA,42.069540,-72.222300
Walpole,MA,42.141770,-71.249500
Waltham,MA,42.376490,-71.235610
Ware,MA,42.259810,-72.239800
Wareham Center,MA,41.766770,-70.726150
Warren,MA,42.212590,-72.191190
Watertown,MA,42.370930,-71.182830
Watertown Square,MA,42.365310,-71.184620
Wayland,MA,42.362600,-71.361450
Webster,MA,42.050100,-71.880070
Wellesley,MA,42.296490,-71.292560
Wellfleet,MA,41.937610,-70.032800
Wendell,MA,42.548140,-72.396750
Wenham,MA,42.604260,-70.891160
West Barnstable,MA,41.705660,-70.374470
West Boylston,MA,42.366760,-71.785630
West Bridgewater,MA,42.018990,-71.007820
West Brookfield,MA,42.235370,-72.141190
West Cambridge/Harvard Square,MA,42.372470,-71.119470
West Chatham,MA,41.681220,-69.991130
West Concord,MA,42.458430,-71.395340
West Dennis,MA,41.664560,-70.172800
West Falmouth,MA,41.604270,-70.634470
West Fens,MA,42.342980,-71.098390
West Newbury,MA,42.801480,-70.989780
West Newton,MA,42.350100,-71.232830
West Roxbury,MA,42.279260,-71.149500
West Somerville/Davis Square,MA,42.395930,-71.122550
West Springfield,MA,42.107040,-72.620370
West Stockbridge,MA,42.345920,-73.366220
West Tisbury,MA,41.381220,-70.674470
West Wareham,MA,41.789830,-70.760310
West Yarmouth,MA,41.650110,-70.241130
Westborough,MA,42.269540,-71.616180
Westfield,MA,42.125090,-72.749540
Westford,MA,42.579260,-71.437840
Westhampton,MA,42.302870,-72.774540
Westminster,MA,42.545920,-71.910630
Weston,MA,42.366760,-71.303110
Westwood,MA,42.213990,-71.224500
Weweantic,MA,41.735380,-70.731980
Weymouth,MA,42.220930,-70.939770
Whately,MA,42.439810,-72.634810
White Island Shores,MA,41.800100,-70.634750
Whitinsville,MA,42.111210,-71.666180
Whitman,MA,42.080660,-70.935600
Wilbraham,MA,42.123710,-72.431470
Williamsburg,MA,42.393140,-72.730090
Williamstown,MA,42.712020,-73.203720
Wilmington,MA,42.546480,-71.173670
Winchendon,MA,42.686200,-72.043970
Winchester,MA,42.452320,-71.137000
Winter Hill,MA,42.395930,-71.098940
Winthrop,MA,42.375100,-70.982830
Woburn,MA,42.479260,-71.152280
Worcester,MA,42.262590,-71.802290
Wrentham,MA,42.066770,-71.328110
Yarmouth,MA,41.705670,-70.228630
Yarmouth Port,MA,41.702050,-70.249470
Aberdeen,MD,39.509560,-76.164120
Aberdeen Proving Ground,MD,39.466860,-76.130660
Abingdon,MD,39.462330,-76.279120
Accokeek,MD,38.667620,-77.028310
Adamstown,MD,39.310940,-77.474710
Adelphi,MD,39.003170,-76.971920
Algonquin,MD,38.582900,-76.105770
Allendale,MD,39.289930,-76.681540
Andrews Air Force Base,MD,38.805310,-76.874600
Annapolis,MD,38.978590,-76.491840
Arbutus,MD,39.254550,-76.699970
Arcadia,MD,39.333850,-76.567740
Arden on the Severn,MD,39.065940,-76.578850
Arlington,MD,39.348570,-76.683240
Armistead Gardens,MD,39.301770,-76.549410
Arnold,MD,39.032060,-76.502740
Ashburton,MD,39.328230,-76.671700
Ashton-Sandy Spring,MD,39.149760,-77.005040
Aspen Hill,MD,39.079550,-77.073030
Baden,MD,38.659280,-76.777750
Ballenger Creek,MD,39.372600,-77.435260
Baltimore,MD,39.290380,-76.612190
Baltimore Highlands,MD,39.233160,-76.636630
Barclay,MD,39.314720,-76.612330
Bartonsville,MD,39.392600,-77.358040
Bayview,MD,39.288950,-76.541630
Beechfield,MD,39.271770,-76.692750
Bel Air,MD,39.535940,-76.348290
Bel Air North,MD,39.554290,-76.373090
Bel Air South,MD,39.505060,-76.319770
Beltsville,MD,39.034830,-76.907470
Bennsville,MD,38.609290,-77.012200
Berea,MD,39.309610,-76.578010
Berlin,MD,38.322620,-75.217690
Berwyn Heights,MD,38.994000,-76.910530
Bethesda,MD,38.980670,-77.100260
Better Waverly,MD,39.324390,-76.605170
Bladensburg,MD,38.939280,-76.933860
Bolton Hill,MD,39.307820,-76.625730
Boonsboro,MD,39.506210,-77.652490
Bowie,MD,38.942780,-76.730280
Bowleys Quarters,MD,39.335390,-76.390240
Bowling Green,MD,39.623700,-78.804460
Braddock Heights,MD,39.418710,-77.503600
Brandywine,MD,38.696780,-76.847750
Brentwood,MD,38.943170,-76.956640
Brewers Hill,MD,39.284170,-76.564620
Bridgeview/Greenlawn,MD,39.301510,-76.654660
Broadway East,MD,39.308460,-76.588820
Brock Hall,MD,38.850110,-76.761080
Broening Manor,MD,39.274240,-76.537830
Brooklyn,MD,39.230390,-76.602190
Brooklyn Park,MD,39.228440,-76.616360
Brookmont,MD,38.942060,-77.120260
Brunswick,MD,39.314270,-77.627770
Bryans Road,MD,38.627060,-77.073030
Buckeystown,MD,39.334820,-77.431650
Burtonsville,MD,39.111220,-76.932480
Butcher's Hill,MD,39.289550,-76.588300
Cabin John,MD,38.975390,-77.158030
California,MD,38.300400,-76.507450
Callaway-Garrison,MD,39.331560,-76.679630
Calverton,MD,39.057610,-76.935810
Cambridge,MD,38.563170,-76.078830
Cameron Village,MD,39.356660,-76.599580
Camp Springs,MD,38.804000,-76.906640
Canton,MD,39.280390,-76.566630
Cape Saint Claire,MD,39.043170,-76.444960
Capitol Heights,MD,38.885110,-76.915810
Carney,MD,39.394270,-76.523580
Carroll-South Hilton,MD,39.285790,-76.666910
Carrollton Ridge,MD,39.282320,-76.648860
Catonsville,MD,39.272050,-76.731920
Cavetown,MD,39.644260,-77.585820
Cedmont,MD,39.346680,-76.534520
Cedonia,MD,39.332210,-76.532060
Central Forest Park,MD,39.326770,-76.688330
Central Park Heights,MD,39.343680,-76.671060
Centreville,MD,39.041780,-76.066330
Charles North,MD,39.310580,-76.617090
Charles Village,MD,39.323160,-76.613300
Charlestown,MD,39.573730,-75.974950
Charlotte Hall,MD,38.480960,-76.778020
Cherry Hill,MD,39.254830,-76.634410
Chesapeake Beach,MD,38.686230,-76.534680
Chesapeake Ranch Estates,MD,38.346240,-76.417730
Chesapeake Ranch Estates-Drum Point,MD,38.350220,-76.418890
Chester,MD,38.975390,-76.289400
Chestertown,MD,39.209000,-76.066610
Cheswolde,MD,39.364000,-76.689140
Cheverly,MD,38.928170,-76.915810
Chevy Chase,MD,39.002870,-77.071150
Chevy Chase Village,MD,38.969280,-77.078870
Chillum,MD,38.963720,-76.990810
Chinquapin Park,MD,39.363140,-76.602280
Clarksburg,MD,39.238720,-77.279430
Clinton,MD,38.765110,-76.898310
Clover Hill,MD,39.456210,-77.428870
Cloverly,MD,39.108160,-76.997750
Cobb Island,MD,38.258460,-76.843860
Cockeysville,MD,39.481220,-76.643860
Cold Spring,MD,39.348440,-76.657750
Coldstream Homestead Montebello,MD,39.322940,-76.595470
Colesville,MD,39.075660,-77.001920
College Park,MD,38.980670,-76.936920
Colmar Manor,MD,38.933170,-76.945810
Columbia,MD,39.240380,-76.839420
Concerned Citizens Of Forest Park,MD,39.323140,-76.683690
Coppin Heights/Ash-Co-East,MD,39.307000,-76.657250
Coral Hills,MD,38.870390,-76.921080
Cottage City,MD,38.938170,-76.948310
Cresaptown,MD,39.592870,-78.833350
Crisfield,MD,37.983460,-75.853820
Crofton,MD,39.001780,-76.687470
Croom,MD,38.752620,-76.763860
Cross Country,MD,39.366120,-76.697970
Crownsville,MD,39.028440,-76.601350
Cumberland,MD,39.652870,-78.762520
Curtis Bay,MD,39.226770,-76.588020
Cylburn,MD,39.347620,-76.664080
Damascus,MD,39.288440,-77.203870
Darnestown,MD,39.103440,-77.290820
Davidsonville,MD,38.922890,-76.628300
Deale,MD,38.776510,-76.555240
Denton,MD,38.884560,-75.827160
Derwood,MD,39.117330,-77.161090
District Heights,MD,38.857610,-76.889420
Dolfield,MD,39.337720,-76.680310
Dorchester,MD,39.331780,-76.686320
Downtown,MD,39.291070,-76.615180
Druid Heights,MD,39.308300,-76.637080
Drum Point,MD,38.326790,-76.426060
Dundalk,MD,39.250660,-76.520520
Dunkirk,MD,38.721780,-76.660520
Dunkirk Town Center,MD,38.720390,-76.658570
East Arlington,MD,39.331470,-76.668480
East Baltimore Midway,MD,39.314850,-76.603230
East Riverdale,MD,38.958000,-76.911000
Easterwood,MD,39.307440,-76.650290
Easton,MD,38.774280,-76.076330
Edgemere,MD,39.242050,-76.448020
Edgewater,MD,38.938000,-76.557000
Edgewood,MD,39.418720,-76.294400
Edmondson Village,MD,39.295110,-76.681640
Edmonston,MD,38.946780,-76.931090
Ednor Gardens-Lakeside,MD,39.333140,-76.596700
Eldersburg,MD,39.403710,-76.950260
Elkridge,MD,39.212610,-76.713580
Elkton,MD,39.606780,-75.833270
Ellicott City,MD,39.267330,-76.798310
Ellwood Park/Monument,MD,39.297170,-76.572190
Emmitsburg,MD,39.704540,-77.326930
Essex,MD,39.309270,-76.474960
Fairland,MD,39.076220,-76.957750
Fairmount Heights,MD,38.900950,-76.915530
Fairwood,MD,38.956650,-76.777720
Fallstaff,MD,39.368440,-76.706640
Fallston,MD,39.514550,-76.411070
Federal Hill,MD,39.278270,-76.611610
Federalsburg,MD,38.694280,-75.772160
Fells Point,MD,39.282610,-76.593300
Ferndale,MD,39.183160,-76.640240
Forest Glen,MD,39.014550,-77.054700
Forest Heights,MD,38.809560,-76.998030
Forest Park,MD,39.325940,-76.681910
Forestville,MD,38.845110,-76.874970
Fort George G Mead Junction,MD,39.125940,-76.789140
Fort Meade,MD,39.108150,-76.743230
Fort Washington,MD,38.707340,-77.023030
Fountainhead-Orchard Hills,MD,39.686360,-77.719010
Four Corners,MD,39.020390,-77.012750
Frankford,MD,39.329280,-76.544630
Franklin Square,MD,39.290400,-76.642770
Franklintown,MD,39.305840,-76.701450
Franklintown Road,MD,39.297380,-76.667580
Frederick,MD,39.414270,-77.410540
Friendly,MD,38.751780,-76.978590
Friendship Village,MD,38.962890,-77.088870
Frostburg,MD,39.658140,-78.928360
Fruitland,MD,38.322060,-75.620200
Fulton,MD,39.150940,-76.923030
Gaithersburg,MD,39.143440,-77.201370
Gambrills,MD,39.081000,-76.658000
Garrett Park,MD,39.038160,-77.093030
Garrison,MD,39.405940,-76.760530
Garwyn Oaks,MD,39.317850,-76.679330
Gay Street,MD,39.301230,-76.596830
Germantown,MD,39.173160,-77.271650
Glassmanor,MD,38.819000,-76.998590
Glen,MD,39.356320,-76.690660
Glen Burnie,MD,39.162610,-76.624690
Glen Oaks,MD,39.364830,-76.596470
Glenarden,MD,38.929280,-76.861640
Glenham-Belhar,MD,39.350030,-76.548580
Glenmont,MD,39.057890,-77.049700
Glenn Dale,MD,38.987610,-76.820530
Goddard,MD,38.989550,-76.853310
Golden Beach,MD,38.489850,-76.682180
Graceland Park,MD,39.281190,-76.533140
Grasonville,MD,38.958170,-76.210230
Greater Upper Marlboro,MD,38.831420,-76.748270
Greektown,MD,39.285420,-76.554250
Green Haven,MD,39.139550,-76.547740
Green Valley,MD,39.309270,-77.297210
Greenbelt,MD,39.004550,-76.875530
Greenmount West,MD,39.308740,-76.611600
Greensboro,MD,38.973720,-75.804930
Greenspring,MD,39.337060,-76.660220
Grove Park,MD,39.340420,-76.702570
Guilford,MD,39.334830,-76.618020
Gwynn Oak,MD,39.332610,-76.692750
Hagerstown,MD,39.641760,-77.719990
Halfway,MD,39.620650,-77.758880
Hamilton Hills,MD,39.362770,-76.565050
Hampden,MD,39.330940,-76.634970
Hampstead,MD,39.604830,-76.849980
Hampton,MD,39.422880,-76.584690
Hancock,MD,39.698980,-78.179730
Hanlon-Longwood,MD,39.318210,-76.669460
Hanover,MD,39.192890,-76.724140
Harlem Park,MD,39.295970,-76.640100
Harwood,MD,39.320780,-76.611250
Havre de Grace,MD,39.549280,-76.091620
Hebron,MD,38.420120,-75.687710
Herald Harbor,MD,39.053720,-76.569130
Highfield-Cascade,MD,39.716160,-77.482820
Highland,MD,39.179000,-76.957480
Highlandtown,MD,39.286500,-76.568850
Hillandale,MD,39.026500,-76.974140
Hillcrest Heights,MD,38.832890,-76.959420
Hillen,MD,39.341870,-76.590190
Hillsmere Shores,MD,38.940110,-76.494960
Hollins Market,MD,39.287330,-76.633190
Homeland,MD,39.358160,-76.624410
Howard Park,MD,39.331220,-76.694690
Hughesville,MD,38.532620,-76.783860
Hunt Valley,MD,39.499830,-76.641080
Hunting Ridge,MD,39.292610,-76.701920
Huntingtown,MD,38.615950,-76.613020
Huntingtown Town Center,MD,38.620950,-76.616070
Hurlock,MD,38.624280,-75.854380
Hyattsville,MD,38.955940,-76.945530
Idlewood,MD,39.370110,-76.589130
Ilchester,MD,39.250940,-76.764690
Indian Head,MD,38.600120,-77.162200
Inner Harbor,MD,39.283560,-76.606300
Irvington,MD,39.282880,-76.686080
Jarrettsville,MD,39.604550,-76.477740
Jefferson,MD,39.362050,-77.531650
Jessup,MD,39.149270,-76.775250
Johnston Square,MD,39.303480,-76.606240
Jonestown,MD,39.290860,-76.603660
Joppatowne,MD,39.414000,-76.358000
Keedysville,MD,39.486210,-77.699710
Kemp Mill,MD,39.039000,-77.019140
Kenilworth Park,MD,39.354270,-76.598020
Kensington,MD,39.025670,-77.076370
Kettering,MD,38.884560,-76.814690
Kingstown,MD,39.204830,-76.051330
Kingsville,MD,39.448720,-76.417740
La Plata,MD,38.529290,-76.975250
La Vale,MD,39.655640,-78.810580
Lake Arbor,MD,38.907890,-76.829690
Lake Shore,MD,39.107050,-76.484960
Lake Walker,MD,39.369610,-76.604340
Lakeland,MD,39.258160,-76.650800
Landover,MD,38.934000,-76.896640
Landover Hills,MD,38.943170,-76.892200
Langley Park,MD,38.988720,-76.981360
Lanham,MD,38.968750,-76.863400
Lanham-Seabrook,MD,38.968350,-76.851080
Lansdowne,MD,39.245110,-76.660520
Largo,MD,38.897610,-76.830250
Lauraville,MD,39.346690,-76.571540
Laurel,MD,39.099280,-76.848310
Layhill,MD,39.092330,-77.044420
Leisure World,MD,39.102300,-77.068980
Leonardtown,MD,38.291240,-76.635790
Levindale,MD,39.352960,-76.664660
Lexington Park,MD,38.266790,-76.453840
Linganore,MD,39.411000,-77.302000
Linthicum,MD,39.205110,-76.652750
Loch Raven,MD,39.361420,-76.581830
Lochearn,MD,39.340660,-76.722190
Locust Point,MD,39.269450,-76.592040
Lonaconing,MD,39.565920,-78.980300
Londontowne,MD,38.933450,-76.549410
Long Beach,MD,38.460960,-76.468840
Loyola/Notre Dame,MD,39.349300,-76.621160
Lusby,MD,38.355000,-76.437000
Lutherville,MD,39.421220,-76.626080
Lutherville-Timonium,MD,39.439970,-76.610990
Madison Park,MD,39.304490,-76.627220
Madison-Eastend,MD,39.300770,-76.576910
Manchester,MD,39.661210,-76.884980
Marlboro Meadows,MD,38.836220,-76.714970
Marlboro Village,MD,38.830540,-76.769650
Marlow Heights,MD,38.833450,-76.951640
Marlton,MD,38.773730,-76.789970
Maryland City,MD,39.092050,-76.817750
Maugansville,MD,39.692870,-77.744720
Mayo,MD,38.887610,-76.511900
Mays Chapel,MD,39.433160,-76.649410
McElderry Park,MD,39.296860,-76.580460
Mechanicsville,MD,38.442900,-76.743850
Medfield,MD,39.340260,-76.643260
Medford,MD,39.278720,-76.547330
Mellwood,MD,38.810390,-76.824140
Mid-Govans,MD,39.357430,-76.605820
Mid-Town Belvedere,MD,39.304060,-76.616590
Middle East,MD,39.301510,-76.589820
Middle River,MD,39.334270,-76.439410
Middletown,MD,39.443710,-77.544710
Midtown-Edmondson,MD,39.296270,-76.650140
Milford Mill,MD,39.347880,-76.769970
Millhill,MD,39.279280,-76.656830
Milton-Montford,MD,39.300620,-76.583120
Mitchellville,MD,38.920000,-76.808000
Mondawmin,MD,39.317610,-76.659410
Montgomery Village,MD,39.176770,-77.195260
Morgan State University,MD,39.346090,-76.582010
Morningside,MD,38.830110,-76.891360
Morrell Park,MD,39.264550,-76.660800
Mosher,MD,39.297350,-76.662400
Mount Airy,MD,39.376210,-77.154700
Mount Holly,MD,39.312140,-76.678640
Mount Rainier,MD,38.941500,-76.964980
Mount Vernon,MD,39.297610,-76.615800
Mount Washington,MD,39.364270,-76.672750
Mountain Lake Park,MD,39.398430,-79.381710
Myersville,MD,39.505100,-77.566380
National Harbor,MD,38.782640,-77.015060
Naval Academy,MD,38.985680,-76.487740
New Carrollton,MD,38.969830,-76.879970
New Market,MD,39.382600,-77.269430
New Northwood,MD,39.348830,-76.594960
New Southwest/Mount Clare,MD,39.283030,-76.641730
New Windsor,MD,39.542050,-77.108040
North Beach,MD,38.707340,-76.531070
North Bel Air,MD,39.539830,-76.354960
North Bethesda,MD,39.044550,-77.118870
North East,MD,39.600110,-75.941330
North Harford Road,MD,39.366170,-76.546120
North Kensington,MD,39.039000,-77.071000
North Laurel,MD,39.139000,-76.870530
North Potomac,MD,39.082890,-77.264980
North Roland Park/Poplar Hill,MD,39.366940,-76.639620
Northwest Community Action,MD,39.306470,-76.665290
Oakland,MD,39.407870,-79.406710
Ocean City,MD,38.336500,-75.084910
Ocean Pines,MD,38.395390,-75.155740
Odenton,MD,39.084000,-76.700250
Old Town,MD,39.294000,-76.607190
Oliver,MD,39.308020,-76.599300
Olney,MD,39.153160,-77.066920
Orchard Ridge,MD,39.313240,-76.558280
Original Northwood,MD,39.339820,-76.596780
Otterbein,MD,39.281950,-76.616140
Overlea,MD,39.363440,-76.520520
Owings,MD,38.717620,-76.601350
Owings Mills,MD,39.419550,-76.780250
Oxon Hill,MD,38.803450,-76.989700
Oxon Hill-Glassmanor,MD,38.796150,-76.974990
Panway/Braddish Avenue,MD,39.312870,-76.662670
Paramount-Long Meadow,MD,39.680420,-77.692900
Park Circle,MD,39.328770,-76.660130
Parklane,MD,39.342680,-76.662240
Parkview/Woodbrook,MD,39.316800,-76.648050
Parkville,MD,39.377330,-76.539690
Parole,MD,38.981000,-76.545000
Pasadena,MD,39.119000,-76.571080
Patterson Park Neighborhood,MD,39.292690,-76.574710
Patterson Place,MD,39.293760,-76.583400
Pen Lucy,MD,39.339740,-76.604980
Penn North,MD,39.312120,-76.642590
Penn-Fallsway,MD,39.297530,-76.608670
Penrose/Fayette Street Outreach,MD,39.291120,-76.657390
Peppermill Village,MD,38.894720,-76.886540
Perring Loch,MD,39.352690,-76.584780
Perry Hall,MD,39.412610,-76.463570
Perryman,MD,39.469550,-76.204400
Perryville,MD,39.560110,-76.071340
Pikesville,MD,39.374270,-76.722470
Pittsville,MD,38.395390,-75.412970
Pleasant Hills,MD,39.479550,-76.394130
Pocomoke City,MD,38.075680,-75.567980
Point of Rocks,MD,39.275940,-77.539150
Poolesville,MD,39.145940,-77.416930
Poppleton,MD,39.291100,-76.632930
Potomac,MD,39.018170,-77.208590
Potomac Heights,MD,38.608730,-77.140530
Potomac Park,MD,39.611760,-78.805850
Prince Frederick,MD,38.540400,-76.584400
Princess Anne,MD,38.202900,-75.692430
Pumphrey,MD,39.217330,-76.637190
Queen Anne,MD,38.898720,-76.678300
Queenland,MD,38.805240,-76.791260
Ramblewood,MD,39.362880,-76.586910
Randallstown,MD,39.367330,-76.795250
Redland,MD,39.145390,-77.144150
Reisterstown,MD,39.469760,-76.831900
Reisterstown Station,MD,39.353110,-76.703330
Remington,MD,39.320150,-76.622830
Reservoir Hill,MD,39.313630,-76.633160
Ridgely,MD,38.947890,-75.884380
Rising Sun,MD,39.697890,-76.062730
Riva,MD,38.952060,-76.578020
Riverdale Park,MD,38.963440,-76.931640
Riverside,MD,39.272520,-76.606880
Riviera Beach,MD,39.166780,-76.508020
Robinwood,MD,39.637040,-77.656940
Rock Hall,MD,39.138170,-76.234950
Rockville,MD,39.084000,-77.152760
Rognel Heights,MD,39.294000,-76.685800
Roland Park,MD,39.354550,-76.634140
Rosaryville,MD,38.756780,-76.809690
Rosedale,MD,39.320110,-76.515520
Rosemont,MD,39.304430,-76.670540
Rosemont East,MD,39.355570,-76.538410
Rosemont Homeowners/Tenants,MD,39.294340,-76.657590
Rossmoor,MD,39.103720,-77.071090
Rossville,MD,39.338440,-76.479680
Saint Charles,MD,38.603170,-76.938580
Saint James,MD,39.562600,-77.758050
Saint Josephs,MD,39.285350,-76.675160
Saint Michaels,MD,38.785120,-76.224390
Salisbury,MD,38.360670,-75.599370
Sandtown-Winchester,MD,39.303760,-76.642580
Savage,MD,39.137890,-76.823860
Scaggsville,MD,39.145110,-76.900250
Seabrook,MD,38.974000,-76.849000
Seat Pleasant,MD,38.896220,-76.906640
Selby-on-the-Bay,MD,38.916220,-76.522460
Seton Hill,MD,39.296720,-76.623700
Severn,MD,39.137050,-76.698300
Severna Park,MD,39.070390,-76.545240
Shady Side,MD,38.841780,-76.512180
Sharp-Leadenhall,MD,39.276820,-76.617690
Shipley Hill,MD,39.286310,-76.657110
Silver Hill,MD,38.841780,-76.945810
Silver Spring,MD,38.990670,-77.026090
Smithsburg,MD,39.654820,-77.572770
Snow Hill,MD,38.177060,-75.392700
Solomons,MD,38.318460,-76.454120
Somerset,MD,38.965940,-77.096090
South Baltimore,MD,39.270400,-76.615070
South Bel Air,MD,39.533160,-76.337460
South Gate,MD,39.129000,-76.625800
South Kensington,MD,39.013000,-77.071000
South Laurel,MD,39.069830,-76.850250
Spencerville,MD,39.114270,-76.978310
Spring Ridge,MD,39.401490,-77.352480
Springdale,MD,38.937610,-76.838860
St. Charles,MD,38.607280,-76.924780
Stevensville,MD,38.980670,-76.314400
Suitland,MD,38.848720,-76.923860
Suitland-Silver Hill,MD,38.846850,-76.925910
Summerfield,MD,38.904540,-76.868300
Sykesville,MD,39.373710,-76.967760
Takoma Park,MD,38.977890,-77.007480
Taneytown,MD,39.657880,-77.174430
Temple Hills,MD,38.814000,-76.945530
Ten Hills,MD,39.284270,-76.701080
Thurmont,MD,39.623710,-77.410820
Timonium,MD,39.437050,-76.619690
Towson,MD,39.401500,-76.601910
Trappe,MD,38.658450,-76.058000
Travilah,MD,39.069000,-77.263040
Tuscany-Canterbury,MD,39.337840,-76.621500
Union Square,MD,39.286680,-76.641540
University Park,MD,38.970390,-76.941920
Uplands,MD,39.289940,-76.692880
Upper Fells Point,MD,39.287960,-76.588880
Upper Marlboro,MD,38.815950,-76.749690
Upton,MD,39.301490,-76.631520
Urbana,MD,39.325940,-77.351370
Violetville,MD,39.267610,-76.674410
Wakefield,MD,39.312610,-76.698030
Walbrook,MD,39.309000,-76.671360
Waldorf,MD,38.624560,-76.939140
Walker Mill,MD,38.875390,-76.888310
Walkersville,MD,39.486210,-77.351930
Waltherson,MD,39.346500,-76.562740
Washington Hill,MD,39.291520,-76.594670
Washington Village/Pigtown,MD,39.281660,-76.632300
Waverly,MD,39.328440,-76.606080
West Arlington,MD,39.336770,-76.694970
West Elkridge,MD,39.207050,-76.726920
West Forest Park,MD,39.320360,-76.691760
West Hills,MD,39.297360,-76.706620
West Laurel,MD,39.101220,-76.899700
West Ocean City,MD,38.331500,-75.106850
Westernport,MD,39.485370,-79.044750
Westfield,MD,39.359170,-76.551480
Westgate,MD,39.284450,-76.706730
Westminster,MD,39.575380,-76.995810
Westphalia,MD,38.845390,-76.811080
Westport,MD,39.262050,-76.635520
Wheaton,MD,39.039830,-77.055260
White Marsh,MD,39.383720,-76.432180
White Oak,MD,39.039830,-76.993030
Williamsport,MD,39.600650,-77.820550
Wilson-Conococheague,MD,39.653510,-77.831570
Woodlawn,MD,39.322880,-76.728030
Woodmore,MD,38.921220,-76.803030
Woodsboro,MD,39.533160,-77.314710
Yale Heights,MD,39.276120,-76.690560
Acton,ME,43.534250,-70.909780
Addison,ME,44.618410,-67.744160
Albion,ME,44.532290,-69.442540
Alfred,ME,43.476470,-70.718390
Appleton,ME,44.289240,-69.250880
Arundel,ME,43.382590,-70.477830
Auburn,ME,44.097850,-70.231170
Augusta,ME,44.310620,-69.779490
Bangor,ME,44.798840,-68.772650
Bar Harbor,ME,44.387580,-68.203900
Bath,ME,43.910640,-69.820600
Belfast,ME,44.425910,-69.006420
Belgrade,ME,44.447290,-69.832550
Benton,ME,44.586180,-69.550880
Berwick,ME,43.265920,-70.864500
Bethel,ME,44.404230,-70.790620
Biddeford,ME,43.492580,-70.453380
Boothbay,ME,43.876470,-69.633660
Boothbay Harbor,ME,43.852300,-69.628100
Bradford,ME,45.066730,-68.937810
Bradley,ME,44.920900,-68.628090
Brewer,ME,44.796740,-68.761420
Bridgton,ME,44.054790,-70.712840
Bristol,ME,43.957580,-69.509210
Brooks,ME,44.550350,-69.120870
Brownfield,ME,43.938130,-70.908680
Brownville,ME,45.307000,-69.033370
Brunswick,ME,43.914520,-69.965330
Buckfield,ME,44.289510,-70.365340
Bucksport,ME,44.573690,-68.795590
Burnham,ME,44.692840,-69.427550
Buxton,ME,43.637860,-70.518940
Calais,ME,45.183760,-67.276620
Camden,ME,44.209800,-69.064760
Canaan,ME,44.761730,-69.561440
Canton,ME,44.440800,-70.316490
Cape Neddick,ME,43.193700,-70.620890
Caribou,ME,46.860600,-68.011970
Carmel,ME,44.797570,-69.051150
Castine,ME,44.387850,-68.799750
Charleston,ME,45.085060,-69.040590
Chelsea,ME,44.250350,-69.717270
Cherryfield,ME,44.607300,-67.925840
Chesterville,ME,44.551170,-70.086170
China,ME,44.478680,-69.517260
Chisholm,ME,44.481450,-70.199500
Clinton,ME,44.637840,-69.503100
Corinna,ME,44.921170,-69.261710
Cornish,ME,43.804800,-70.801170
Cornville,ME,44.836730,-69.673110
Cumberland Center,ME,43.796470,-70.258940
Cushing,ME,44.019250,-69.239770
Damariscotta,ME,44.032860,-69.518660
Dayton,ME,43.549720,-70.575550
Dedham,ME,44.691740,-68.661980
Deer Isle,ME,44.223970,-68.677530
Denmark,ME,43.970350,-70.803400
Dexter,ME,45.023950,-69.289770
Dixfield,ME,44.533950,-70.455900
Dixmont,ME,44.680350,-69.162820
Dover-Foxcroft,ME,45.183390,-69.226990
East Machias,ME,44.739240,-67.389990
East Millinocket,ME,45.627550,-68.574480
Easton,ME,46.641150,-67.909470
Eastport,ME,44.904490,-66.984380
Eddington,ME,44.826180,-68.693370
Edgecomb,ME,43.958410,-69.630600
Eliot,ME,43.153140,-70.800060
Ellsworth,ME,44.543410,-68.419460
Enfield,ME,45.248940,-68.568360
Etna,ME,44.820900,-69.111150
Fairfield,ME,44.588400,-69.598660
Falmouth,ME,43.729530,-70.241990
Falmouth Foreside,ME,43.734800,-70.207830
Farmingdale,ME,44.244510,-69.771430
Farmington,ME,44.670620,-70.151170
Fayette,ME,44.408960,-70.033670
Fort Fairfield,ME,46.772270,-67.833910
Fort Kent,ME,47.258650,-68.589490
Frankfort,ME,44.609800,-68.876700
Franklin,ME,44.587020,-68.232240
Freeport,ME,43.857020,-70.103110
Frenchville,ME,47.280870,-68.379760
Friendship,ME,43.983690,-69.333940
Fryeburg,ME,44.016460,-70.980620
Gardiner,ME,44.230070,-69.775320
Garland,ME,45.038400,-69.160320
Gorham,ME,43.679520,-70.444220
Gouldsboro,ME,44.478410,-68.038340
Greenbush,ME,45.080340,-68.650860
Greene Village,ME,44.189790,-70.140330
Greenville,ME,45.459490,-69.590610
Hallowell,ME,44.285900,-69.790880
Hampden,ME,44.744780,-68.837690
Hancock,ME,44.529240,-68.253630
Harpswell Center,ME,43.801750,-69.984210
Harrison,ME,44.110350,-70.679230
Hartford,ME,44.372840,-70.346730
Hebron,ME,44.198130,-70.406450
Hermon,ME,44.810070,-68.913370
Hiram,ME,43.878680,-70.803400
Hodgdon,ME,46.053940,-67.866680
Holden,ME,44.752850,-68.678920
Hollis Center,ME,43.605080,-70.593110
Hope,ME,44.265080,-69.158930
Houlton,ME,46.126160,-67.840300
Howland,ME,45.238670,-68.663640
Hudson,ME,45.001180,-68.880590
Jay,ME,44.503950,-70.216170
Jefferson,ME,44.206740,-69.452540
Jonesport,ME,44.532860,-67.598330
Kenduskeag,ME,44.919510,-68.931700
Kennebunk,ME,43.383970,-70.544780
Kennebunkport,ME,43.361750,-70.476720
Kingfield,ME,44.959220,-70.153950
Kittery,ME,43.088140,-70.736160
Kittery Point,ME,43.082990,-70.710090
Lake Arrowhead,ME,43.663690,-70.734780
Lebanon,ME,43.394530,-70.850890
Leeds,ME,44.303400,-70.119500
Levant,ME,44.869240,-68.934760
Lewiston,ME,44.100350,-70.214780
Limerick,ME,43.688410,-70.793670
Limestone,ME,46.908660,-67.825850
Limington,ME,43.731740,-70.710890
Lincoln,ME,45.362280,-68.505020
Lincolnville,ME,44.281190,-69.008650
Lisbon,ME,44.031460,-70.104500
Lisbon Falls,ME,43.996190,-70.060610
Livermore,ME,44.383960,-70.249220
Livermore Falls,ME,44.475340,-70.188110
Lovell,ME,44.126740,-70.891730
Machias,ME,44.715080,-67.461380
Machiasport,ME,44.698690,-67.394710
Madawaska,ME,47.355320,-68.321710
Madison,ME,44.797560,-69.879780
Manchester,ME,44.324510,-69.860330
Mechanic Falls,ME,44.111740,-70.391720
Medway,ME,45.608940,-68.530860
Mexico,ME,44.560900,-70.545340
Milbridge,ME,44.535360,-67.880830
Milford,ME,44.946180,-68.643920
Millinocket,ME,45.657270,-68.709760
Milo,ME,45.253660,-68.985870
Minot,ME,44.085630,-70.320060
Monmouth,ME,44.238680,-70.035610
Mount Vernon,ME,44.501180,-69.987560
New Gloucester,ME,43.962850,-70.282550
New Sharon,ME,44.638950,-70.015610
Newfield,ME,43.648130,-70.847010
Newport,ME,44.835340,-69.273940
Nobleboro,ME,44.079520,-69.485050
Norridgewock,ME,44.713120,-69.790610
North Bath,ME,43.934800,-69.815880
North Berwick,ME,43.303700,-70.733390
North Windham,ME,43.834240,-70.438390
Northport,ME,44.337860,-68.961420
Norway,ME,44.213960,-70.544780
Oakland,ME,44.540340,-69.721990
Ogunquit,ME,43.248980,-70.599220
Old Orchard Beach,ME,43.517310,-70.377550
Old Town,ME,44.934230,-68.645310
Orland,ME,44.570350,-68.735860
Orono,ME,44.883120,-68.671980
Orrington,ME,44.731180,-68.826430
Owls Head,ME,44.082300,-69.057260
Oxford,ME,44.131740,-70.493110
Palermo,ME,44.407850,-69.473930
Palmyra,ME,44.846450,-69.358660
Paris,ME,44.259790,-70.500620
Parsonsfield,ME,43.727020,-70.928680
Patten,ME,45.996440,-68.446140
Penobscot,ME,44.464520,-68.711140
Peru,ME,44.506730,-70.405340
Phillips,ME,44.823110,-70.339510
Phippsburg,ME,43.820640,-69.814770
Pittsfield,ME,44.782560,-69.383380
Pittston,ME,44.221740,-69.755600
Plymouth,ME,44.767290,-69.210330
Poland,ME,44.060630,-70.393670
Porter,ME,43.795910,-70.932560
Portland,ME,43.657370,-70.258900
Presque Isle,ME,46.681150,-68.015860
Randolph,ME,44.230350,-69.766710
Raymond,ME,43.901460,-70.470330
Readfield,ME,44.387850,-69.966720
Richmond,ME,44.087300,-69.798930
Rockland,ME,44.103690,-69.108930
Rockport,ME,44.184520,-69.076150
Rome,ME,44.585060,-69.869220
Rumford,ME,44.553670,-70.550900
Sabattus,ME,44.119800,-70.107550
Saco,ME,43.500920,-70.442830
Saint Albans,ME,44.910060,-69.410050
Saint George,ME,44.016470,-69.198930
Sanford,ME,43.439250,-70.774220
Sangerville,ME,45.164780,-69.356440
Scarborough,ME,43.578140,-70.321720
Searsmont,ME,44.361740,-69.195040
Sedgwick,ME,44.303690,-68.616140
Shapleigh,ME,43.540640,-70.848120
Sidney,ME,44.413120,-69.728930
Skowhegan,ME,44.765060,-69.719220
South Berwick,ME,43.234530,-70.809500
South Eliot,ME,43.108140,-70.777550
South Paris,ME,44.223680,-70.513390
South Portland,ME,43.641470,-70.240880
South Portland Gardens,ME,43.638970,-70.315330
South Sanford,ME,43.411190,-70.742560
South Thomaston,ME,44.051470,-69.127820
South Windham,ME,43.736190,-70.423660
Springvale,ME,43.466750,-70.793670
Steep Falls,ME,43.793970,-70.652560
Stetson,ME,44.891730,-69.142820
Steuben,ME,44.510980,-67.966620
Stockton Springs,ME,44.489520,-68.856980
Stonington,ME,44.156190,-68.666690
Strong,ME,44.807560,-70.220900
Sullivan,ME,44.520360,-68.196680
Surry,ME,44.495910,-68.501690
Swanville,ME,44.521190,-68.997810
Thomaston,ME,44.078970,-69.181710
Topsham,ME,43.927580,-69.975880
Tremont,ME,44.253690,-68.351410
Trenton,ME,44.438970,-68.370020
Troy,ME,44.664790,-69.240880
Turner,ME,44.256460,-70.256170
Union,ME,44.211470,-69.274210
Van Buren,ME,47.157270,-67.935300
Vassalboro,ME,44.459230,-69.677550
Veazie,ME,44.838680,-68.705310
Vinalhaven,ME,44.048140,-68.831700
Waldoboro,ME,44.095360,-69.375600
Warren,ME,44.120360,-69.240050
Washington,ME,44.273690,-69.367270
Waterboro,ME,43.535640,-70.715060
Waterville,ME,44.552010,-69.631710
Wayne,ME,44.348680,-70.066160
Wells Beach Station,ME,43.323970,-70.591440
West Kennebunk,ME,43.408700,-70.581440
West Paris,ME,44.324230,-70.573950
West Scarborough,ME,43.570360,-70.387830
Westbrook,ME,43.677030,-70.371160
Whitefield,ME,44.170070,-69.625320
Wilton,ME,44.592840,-70.228120
Windsor,ME,44.310630,-69.580600
Winslow,ME,44.547010,-69.621160
Winterport,ME,44.637850,-68.845040
Winthrop,ME,44.305070,-69.977000
Wiscasset,ME,44.002860,-69.665600
Woodstock,ME,44.374940,-70.608490
Woolwich,ME,43.918690,-69.801160
Yarmouth,ME,43.800640,-70.186720
York Beach,ME,43.171480,-70.608940
York Harbor,ME,43.136760,-70.645610
Adrian,MI,41.897550,-84.037170
Albion,MI,42.243100,-84.753030
Algonac,MI,42.618580,-82.532300
Allegan,MI,42.529200,-85.855300
Allen Park,MI,42.257540,-83.211040
Allendale,MI,42.972250,-85.953650
Alma,MI,43.378920,-84.659730
Almont,MI,42.920580,-83.044930
Alpena,MI,45.061680,-83.432750
Ann Arbor,MI,42.277560,-83.740880
Argentine,MI,42.791420,-83.846340
Armada,MI,42.844200,-82.884370
Athens,MI,42.088660,-85.234710
Atlanta,MI,45.004730,-84.143890
Atlantic Mine,MI,47.097150,-88.627620
Au Sable,MI,44.410850,-83.332190
Auburn,MI,43.603360,-84.069700
Auburn Hills,MI,42.687530,-83.234100
Avoca,MI,43.061970,-82.691040
Bad Axe,MI,43.801960,-83.000780
Baldwin,MI,43.901120,-85.851730
Bangor,MI,42.312540,-86.113080
Baraga,MI,46.778540,-88.489020
Barnes Lake-Millers Lake,MI,43.179560,-83.312300
Bath,MI,42.818640,-84.448590
Battle Creek,MI,42.317300,-85.178160
Bay City,MI,43.594470,-83.888860
Bay Harbor,MI,45.364130,-85.082080
Beaverton,MI,43.882250,-84.484730
Beecher,MI,43.090030,-83.694400
Beechwood,MI,42.796970,-86.125880
Belding,MI,43.097810,-85.228910
Bellaire,MI,44.980280,-85.211170
Belleville,MI,42.204760,-83.485210
Bellevue,MI,42.443370,-85.018050
Belmont,MI,43.075580,-85.609200
Benton Harbor,MI,42.116710,-86.454190
Benton Heights,MI,42.131150,-86.407240
Berkley,MI,42.503090,-83.183540
Berrien Springs,MI,41.946430,-86.338900
Bessemer,MI,46.481340,-90.052950
Beulah,MI,44.631940,-86.090920
Beverly Hills,MI,42.523920,-83.223260
Big Rapids,MI,43.698080,-85.483660
Bingham Farms,MI,42.515870,-83.273260
Birch Run,MI,43.250860,-83.794130
Birmingham,MI,42.546700,-83.211320
Blissfield,MI,41.832550,-83.862440
Bloomfield Hills,MI,42.583640,-83.245490
Boyne City,MI,45.216680,-85.013940
Breckenridge,MI,43.408080,-84.475000
Bridgeport,MI,43.359470,-83.881640
Bridgman,MI,41.943100,-86.556970
Brighton,MI,42.529480,-83.780220
Bronson,MI,41.872270,-85.194700
Brooklyn,MI,42.105870,-84.248280
Brown City,MI,43.212250,-82.989660
Brownlee Park,MI,42.318930,-85.142490
Buchanan,MI,41.827270,-86.361120
Buena Vista,MI,43.420300,-83.898580
Burt,MI,43.236690,-83.906360
Burton,MI,42.999470,-83.616340
Byron Center,MI,42.812250,-85.722810
Cadillac,MI,44.251950,-85.401160
Caledonia,MI,42.789200,-85.516690
Canadian Lakes,MI,43.579190,-85.301700
Canton,MI,42.308650,-83.482160
Capac,MI,43.012530,-82.927990
Carleton,MI,42.059210,-83.390770
Caro,MI,43.490730,-83.398850
Carrollton,MI,43.458640,-83.930250
Carson City,MI,43.176980,-84.846390
Cass City,MI,43.600850,-83.174670
Cassopolis,MI,41.911710,-86.010010
Cedar Springs,MI,43.223360,-85.551420
Center Line,MI,42.485040,-83.027700
Centreville,MI,41.923380,-85.528320
Charlevoix,MI,45.318060,-85.258400
Charlotte,MI,42.563650,-84.835820
Cheboygan,MI,45.646960,-84.474480
Chelsea,MI,42.318070,-84.021810
Chesaning,MI,43.184750,-84.114970
Clare,MI,43.819470,-84.768630
Clarkston,MI,42.735860,-83.418830
Clawson,MI,42.533370,-83.146320
Clinton,MI,42.071990,-83.971610
Clinton Township,MI,42.586980,-82.919920
Clio,MI,43.177530,-83.734130
Coldwater,MI,41.940330,-85.000520
Coleman,MI,43.756690,-84.585840
Coloma,MI,42.186150,-86.308360
Colon,MI,41.958380,-85.324980
Comstock Northwest,MI,42.321820,-85.517590
Comstock Park,MI,43.038640,-85.670030
Concord,MI,42.177820,-84.643020
Constantine,MI,41.841160,-85.668600
Coopersville,MI,43.063910,-85.934770
Corunna,MI,42.981970,-84.117750
Croswell,MI,43.275580,-82.621040
Crystal Falls,MI,46.098010,-88.334020
Cutlerville,MI,42.840860,-85.663640
Davison,MI,43.034750,-83.518010
Dearborn,MI,42.322260,-83.176310
Dearborn Heights,MI,42.336980,-83.273260
Decatur,MI,42.108100,-85.974460
Detroit,MI,42.331430,-83.045750
Detroit Beach,MI,41.931160,-83.326880
DeWitt,MI,42.842260,-84.569150
Dexter,MI,42.338340,-83.889540
Dimondale,MI,42.645590,-84.648870
Dollar Bay,MI,47.119650,-88.511510
Douglas,MI,42.643360,-86.200590
Dowagiac,MI,41.984210,-86.108620
Dundee,MI,41.957270,-83.659660
Durand,MI,42.911980,-83.984680
Eagle River,MI,47.413810,-88.295660
East Grand Rapids,MI,42.941140,-85.610030
East Jordan,MI,45.158060,-85.124230
East Lansing,MI,42.736980,-84.483870
East Tawas,MI,44.279460,-83.490250
Eastpointe,MI,42.468370,-82.955470
Eastwood,MI,42.303100,-85.550280
Eaton Rapids,MI,42.509200,-84.655810
Ecorse,MI,42.244480,-83.145760
Edgemont Park,MI,42.746700,-84.593590
Edmore,MI,43.408090,-85.038630
Edwardsburg,MI,41.795600,-86.080840
Elk Rapids,MI,44.895560,-85.416460
Escanaba,MI,45.745250,-87.064580
Essexville,MI,43.615300,-83.841920
Evart,MI,43.900580,-85.258100
Fair Plain,MI,42.086990,-86.455860
Farmington,MI,42.464480,-83.376320
Farmington Hills,MI,42.485310,-83.377160
Fennville,MI,42.593920,-86.101700
Fenton,MI,42.797810,-83.704950
Ferndale,MI,42.460590,-83.134650
Ferrysburg,MI,43.084460,-86.220330
Flat Rock,MI,42.096430,-83.291870
Flint,MI,43.012530,-83.687460
Flushing,MI,43.063080,-83.851070
Forest Hills,MI,42.959470,-85.489750
Fowler,MI,43.001700,-84.739720
Fowlerville,MI,42.660590,-84.073010
Frankenmuth,MI,43.331690,-83.738020
Frankfort,MI,44.633610,-86.234540
Franklin,MI,42.522260,-83.306040
Fraser,MI,42.539200,-82.949370
Freeland,MI,43.525030,-84.122760
Fremont,MI,43.467520,-85.942000
Fruitport,MI,43.131960,-86.154780
Galesburg,MI,42.288650,-85.418060
Garden City,MI,42.325590,-83.331040
Gaylord,MI,45.027510,-84.674750
Gibraltar,MI,42.095040,-83.189650
Gladstone,MI,45.852740,-87.021800
Gladwin,MI,43.980850,-84.486400
Goodrich,MI,42.916970,-83.506340
Grand Blanc,MI,42.927530,-83.629950
Grand Haven,MI,43.063070,-86.228390
Grand Ledge,MI,42.753370,-84.746380
Grand Rapids,MI,42.963360,-85.668090
Grandville,MI,42.909750,-85.763090
Grass Lake,MI,42.250870,-84.213010
Grayling,MI,44.661400,-84.714750
Greenville,MI,43.177530,-85.252800
Greilickville,MI,44.783060,-85.638690
Grosse Ile,MI,42.129210,-83.144370
Grosse Pointe,MI,42.386150,-82.911860
Grosse Pointe Farms,MI,42.409200,-82.891860
Grosse Pointe Park,MI,42.375870,-82.937420
Grosse Pointe Shores,MI,42.436700,-82.876860
Grosse Pointe Woods,MI,42.443650,-82.906860
Gwinn,MI,46.281060,-87.440970
Hamtramck,MI,42.392820,-83.049640
Hancock,MI,47.126870,-88.580960
Harbor Beach,MI,43.844740,-82.651320
Harbor Springs,MI,45.431680,-84.992000
Harper Woods,MI,42.433090,-82.924080
Harrison,MI,44.019190,-84.799470
Harrisville,MI,44.656400,-83.294690
Hart,MI,43.698340,-86.363970
Hartford,MI,42.206710,-86.166690
Harvey,MI,46.494660,-87.354310
Haslett,MI,42.746980,-84.401080
Hastings,MI,42.645870,-85.290840
Hazel Park,MI,42.462540,-83.104090
Hemlock,MI,43.414750,-84.230540
Highland Park,MI,42.405590,-83.096870
Hillsdale,MI,41.920050,-84.630510
Holland,MI,42.787520,-86.108930
Holly,MI,42.791970,-83.627730
Holt,MI,42.640590,-84.515250
Homer,MI,42.145880,-84.808860
Houghton,MI,47.121870,-88.569010
Houghton Lake,MI,44.314740,-84.764750
Howard City,MI,43.395580,-85.467820
Howell,MI,42.607260,-83.929400
Hubbard Lake,MI,44.759730,-83.544420
Hudson,MI,41.855050,-84.353840
Hudsonville,MI,42.870860,-85.865040
Huntington Woods,MI,42.480590,-83.166870
Imlay City,MI,43.024750,-83.077720
Indian River,MI,45.412510,-84.612540
Inkster,MI,42.294200,-83.309930
Ionia,MI,42.987250,-85.071120
Iron Mountain,MI,45.820230,-88.065960
Iron River,MI,46.092730,-88.642350
Ironwood,MI,46.454670,-90.171010
Ishpeming,MI,46.488550,-87.667640
Ithaca,MI,43.291700,-84.607500
Jackson,MI,42.245870,-84.401350
Jenison,MI,42.907250,-85.791980
Jonesville,MI,41.984210,-84.661900
K. I. Sawyer Air Force Base,MI,46.332070,-87.365660
Kalamazoo,MI,42.291710,-85.587230
Kalkaska,MI,44.734170,-85.175890
Keego Harbor,MI,42.608090,-83.343820
Kent City,MI,43.220020,-85.751150
Kentwood,MI,42.869470,-85.644750
Kilmanagh,MI,43.756130,-83.356900
Kingsford,MI,45.794960,-88.072070
Kingsley,MI,44.584730,-85.535900
L'Anse,MI,46.756600,-88.452910
Laingsburg,MI,42.890310,-84.351360
Lake City,MI,44.335290,-85.215050
Lake Fenton,MI,42.846140,-83.707730
Lake Isabella,MI,43.643640,-84.997250
Lake Michigan Beach,MI,42.220870,-86.369470
Lake Odessa,MI,42.784760,-85.138340
Lake Orion,MI,42.784480,-83.239660
Lakeview,MI,42.298380,-85.211100
Lakewood Club,MI,43.371120,-86.260340
Lambertville,MI,41.765880,-83.627990
Lansing,MI,42.732530,-84.555530
Lapeer,MI,43.051420,-83.318830
Lathrup Village,MI,42.496420,-83.222710
Laurium,MI,47.237430,-88.443170
Lawton,MI,42.167260,-85.846950
Leland,MI,45.023050,-85.759810
Leslie,MI,42.451430,-84.432470
Level Park-Oak Park,MI,42.364180,-85.266500
Lewiston,MI,44.883900,-84.305570
Lexington,MI,43.268080,-82.530760
Lincoln Park,MI,42.250590,-83.178540
Linden,MI,42.814470,-83.782450
Litchfield,MI,42.043930,-84.757460
Livonia,MI,42.368370,-83.352710
Lowell,MI,42.933640,-85.341960
Ludington,MI,43.955280,-86.452580
Luna Pier,MI,41.806990,-83.442430
Madison Heights,MI,42.485870,-83.105200
Mancelona,MI,44.902230,-85.060880
Manchester,MI,42.150320,-84.037720
Manistee,MI,44.244450,-86.324250
Manistique,MI,45.957750,-86.246250
Manitou Beach-Devils Lake,MI,41.975650,-84.286160
Manton,MI,44.410840,-85.398940
Marcellus,MI,42.025880,-85.815560
Marine City,MI,42.719480,-82.492130
Marlette,MI,43.326970,-83.080220
Marquette,MI,46.543540,-87.395420
Marshall,MI,42.272260,-84.963310
Marysville,MI,42.912530,-82.486860
Mason,MI,42.579200,-84.443580
Mattawan,MI,42.209480,-85.784450
Melvindale,MI,42.282540,-83.175200
Memphis,MI,42.896420,-82.768810
Menominee,MI,45.107760,-87.614270
Michigan Center,MI,42.233090,-84.327180
Middleville,MI,42.713090,-85.461960
Midland,MI,43.615580,-84.247210
Milan,MI,42.085320,-83.682440
Milford,MI,42.593640,-83.599390
Millington,MI,43.281410,-83.529680
Mio,MI,44.652240,-84.129730
Monroe,MI,41.916430,-83.397710
Montague,MI,43.416680,-86.357010
Montrose,MI,43.176690,-83.892740
Morenci,MI,41.719490,-84.218000
Mount Clemens,MI,42.597260,-82.877980
Mount Morris,MI,43.118640,-83.694960
Mount Pleasant,MI,43.597810,-84.767510
Munising,MI,46.411200,-86.649260
Muskegon,MI,43.234180,-86.248390
Muskegon Heights,MI,43.201130,-86.238950
Napoleon,MI,42.160590,-84.246060
Nashville,MI,42.602810,-85.093050
Negaunee,MI,46.499100,-87.611800
New Baltimore,MI,42.681140,-82.736860
New Buffalo,MI,41.793930,-86.743920
New Haven,MI,43.093640,-84.153310
Newaygo,MI,43.419740,-85.800050
Newberry,MI,46.355000,-85.509560
Niles,MI,41.829770,-86.254180
North Branch,MI,43.229470,-83.196610
North Muskegon,MI,43.256130,-86.267560
Northview,MI,43.045580,-85.600590
Northville,MI,42.431150,-83.483270
Norton Shores,MI,43.168900,-86.263950
Norway,MI,45.786900,-87.903740
Novi,MI,42.480590,-83.475490
Oak Park,MI,42.459480,-83.182710
Okemos,MI,42.722260,-84.427470
Olivet,MI,42.441430,-84.924150
Ontonagon,MI,46.871050,-89.314030
Orchard Lake,MI,42.583090,-83.359380
Ortonville,MI,42.852250,-83.443000
Otsego,MI,42.460590,-85.696410
Ovid,MI,43.005860,-84.371640
Owosso,MI,42.997800,-84.176640
Oxford,MI,42.824750,-83.264660
Parchment,MI,42.328100,-85.569730
Paw Paw,MI,42.217820,-85.891120
Paw Paw Lake,MI,42.212260,-86.271970
Pearl Beach,MI,42.626700,-82.597690
Perry,MI,42.826420,-84.219410
Petersburg,MI,41.901160,-83.714940
Petoskey,MI,45.373340,-84.955330
Pigeon,MI,43.830020,-83.269960
Pinckney,MI,42.457000,-83.947910
Pinconning,MI,43.853630,-83.964990
Plainwell,MI,42.440040,-85.648900
Pleasant Ridge,MI,42.471150,-83.142150
Plymouth,MI,42.371430,-83.470210
Pontiac,MI,42.638920,-83.291050
Port Huron,MI,42.970860,-82.424910
Portage,MI,42.201150,-85.580000
Portland,MI,42.869200,-84.903050
Potterville,MI,42.629200,-84.738870
Prudenville,MI,44.298350,-84.651970
Quincy,MI,41.944210,-84.883850
Quinnesec,MI,45.806350,-87.988460
Rapid City,MI,44.834450,-85.282560
Ravenna,MI,43.189470,-85.936990
Reading,MI,41.839490,-84.748010
Redford,MI,42.383370,-83.296600
Reed City,MI,43.875020,-85.510050
Reese,MI,43.450580,-83.696350
Richmond,MI,42.809200,-82.755760
River Rouge,MI,42.273370,-83.134370
Riverview,MI,42.174210,-83.179370
Rochester,MI,42.680590,-83.133820
Rochester Hills,MI,42.658370,-83.149930
Rockford,MI,43.120030,-85.560030
Rockwood,MI,42.070880,-83.246600
Rogers City,MI,45.421400,-83.818330
Romeo,MI,42.802810,-83.012990
Romulus,MI,42.222260,-83.396600
Roosevelt Park,MI,43.196400,-86.272280
Roscommon,MI,44.498350,-84.591970
Roseville,MI,42.497260,-82.937140
Royal Oak,MI,42.489480,-83.144650
Saginaw,MI,43.419470,-83.950810
Saginaw Township North,MI,43.460040,-84.006740
Saint Charles,MI,43.296970,-84.140530
Saint Clair,MI,42.820870,-82.486020
Saint Clair Shores,MI,42.496980,-82.888810
Saint Helen,MI,44.363630,-84.410290
Saint Ignace,MI,45.866140,-84.727510
Saint Johns,MI,43.001140,-84.559150
Saint Joseph,MI,42.109760,-86.480020
Saint Louis,MI,43.408360,-84.606670
Saline,MI,42.166710,-83.781610
Sand Lake,MI,44.319180,-83.684700
Sandusky,MI,43.420300,-82.829660
Saranac,MI,42.929480,-85.213070
Sault Ste. Marie,MI,46.495300,-84.345320
Schoolcraft,MI,42.114210,-85.637780
Scottville,MI,43.954730,-86.280080
Sebewaing,MI,43.732240,-83.451070
Shelby,MI,42.670870,-83.032980
Shepherd,MI,43.524470,-84.694730
Shields,MI,43.415300,-84.056370
Shorewood-Tower Hills-Harbert,MI,41.881690,-86.614090
Skidway Lake,MI,44.183350,-84.035270
South Gull Lake,MI,42.387540,-85.396670
South Haven,MI,42.403090,-86.273640
South Lyon,MI,42.460590,-83.651610
South Monroe,MI,41.895880,-83.417710
South Rockwood,MI,42.063930,-83.261040
Southfield,MI,42.473370,-83.221870
Southgate,MI,42.213930,-83.193810
Sparta,MI,43.160860,-85.710040
Spring Arbor,MI,42.205040,-84.552740
Spring Lake,MI,43.076960,-86.197000
Springfield,MI,42.326430,-85.239160
"Stambaugh, Iron River",MI,46.081070,-88.627080
Standish,MI,43.983080,-83.958880
Stanton,MI,43.292530,-85.081410
Sterling Heights,MI,42.580310,-83.030200
Stevensville,MI,42.014490,-86.519470
Stockbridge,MI,42.451150,-84.180510
Stony Point,MI,42.496980,-85.426680
Sturgis,MI,41.799220,-85.419150
Swartz Creek,MI,42.957250,-83.830510
Sylvan Lake,MI,42.611420,-83.328550
Tawas City,MI,44.269460,-83.514700
Taylor,MI,42.240870,-83.269650
Tecumseh,MI,42.003930,-83.944940
Temperance,MI,41.779210,-83.568820
Three Oaks,MI,41.798650,-86.610580
Three Rivers,MI,41.943940,-85.632490
Traverse City,MI,44.763060,-85.620630
Trenton,MI,42.139490,-83.178260
Trowbridge Park,MI,46.556600,-87.437360
Troy,MI,42.605590,-83.149930
Twin Lake,MI,43.362790,-86.164780
Union City,MI,42.066710,-85.136090
Utica,MI,42.626140,-83.033540
Vandercook Lake,MI,42.193370,-84.391070
Vassar,MI,43.371970,-83.583290
Vicksburg,MI,42.120050,-85.532780
Wacousta,MI,42.827810,-84.700820
Wakefield,MI,46.475230,-89.939890
Walker,MI,43.001410,-85.768090
Walled Lake,MI,42.537810,-83.481050
Warren,MI,42.490440,-83.013040
Waterford,MI,42.693030,-83.411810
Watervliet,MI,42.186710,-86.260580
Waverly,MI,42.739200,-84.620810
Wayland,MI,42.673920,-85.644740
Wayne,MI,42.281430,-83.386320
Webberville,MI,42.666980,-84.174130
West Bloomfield Township,MI,42.568910,-83.383560
West Branch,MI,44.276410,-84.238610
West Ishpeming,MI,46.483550,-87.700970
West Monroe,MI,41.913930,-83.431600
Westland,MI,42.324200,-83.400210
Westwood,MI,42.302820,-85.633620
White Cloud,MI,43.550300,-85.772000
White Pigeon,MI,41.798110,-85.643320
Whitehall,MI,43.410010,-86.348680
Whitmore Lake,MI,42.439700,-83.745300
Williamston,MI,42.688920,-84.283020
Wixom,MI,42.524760,-83.536330
Wolf Lake,MI,43.254740,-86.109780
Wolverine Lake,MI,42.556700,-83.473830
Woodhaven,MI,42.138930,-83.241600
Woodland Beach,MI,41.940050,-83.313260
Wyandotte,MI,42.214210,-83.149920
Wyoming,MI,42.913360,-85.705310
Yale,MI,43.130030,-82.798260
Ypsilanti,MI,42.241150,-83.612990
Zeeland,MI,42.812520,-86.018650
Zilwaukee,MI,43.476410,-83.920530
Ada,MN,47.299690,-96.515350
Adrian,MN,43.634970,-95.932800
Afton,MN,44.902750,-92.783540
Aitkin,MN,46.533010,-93.710250
Albany,MN,45.629960,-94.570000
Albert Lea,MN,43.648010,-93.368270
Albertville,MN,45.237740,-93.654410
Alexandria,MN,45.885240,-95.377540
Andover,MN,45.233300,-93.291340
Annandale,MN,45.262740,-94.124430
Anoka,MN,45.197740,-93.387180
Apple Valley,MN,44.731910,-93.217720
Appleton,MN,45.196910,-96.019770
Arden Hills,MN,45.050240,-93.156610
Arlington,MN,44.608300,-94.080530
Arnold,MN,46.880220,-92.090470
Atwater,MN,45.138850,-94.778060
Aurora,MN,47.529930,-92.237120
Austin,MN,43.666630,-92.974640
Avon,MN,45.609130,-94.451670
Babbitt,MN,47.708530,-91.944600
Bagley,MN,47.521620,-95.398350
Barnesville,MN,46.652180,-96.419790
Baudette,MN,48.712470,-94.599930
Baxter,MN,46.343300,-94.286670
Bayport,MN,45.021360,-92.781040
Becker,MN,45.393300,-93.876920
Belle Plaine,MN,44.622740,-93.768570
Bemidji,MN,47.473560,-94.880280
Benson,MN,45.315000,-95.602500
Big Lake,MN,45.332460,-93.746080
Birchwood,MN,45.061080,-92.976050
Blaine,MN,45.160800,-93.234950
Blooming Prairie,MN,43.866630,-93.051030
Bloomington,MN,44.840800,-93.298280
Blue Earth,MN,43.637460,-94.102180
Braham,MN,45.722740,-93.170780
Brainerd,MN,46.358020,-94.200830
Branch,MN,45.485240,-92.961880
Breckenridge,MN,46.263570,-96.588130
Breezy Point,MN,46.590010,-94.219820
Brooklyn Center,MN,45.076080,-93.332730
Brooklyn Park,MN,45.094130,-93.356340
Buffalo,MN,45.171910,-93.874690
Burnsville,MN,44.767740,-93.277720
Byron,MN,44.032740,-92.645460
Caledonia,MN,43.634690,-91.496810
Cambridge,MN,45.572740,-93.224390
Canby,MN,44.708850,-96.276430
Cannon Falls,MN,44.506910,-92.905480
Carlton,MN,46.663830,-92.424910
Carver,MN,44.763570,-93.625790
Center City,MN,45.393850,-92.816600
Centerville,MN,45.163020,-93.055780
Champlin,MN,45.188850,-93.397450
Chanhassen,MN,44.862190,-93.530790
Chaska,MN,44.789410,-93.602180
Chatfield,MN,43.845520,-92.189050
Chisago City,MN,45.373580,-92.889940
Chisholm,MN,47.489100,-92.883800
Circle Pines,MN,45.148580,-93.151610
Clara City,MN,44.954960,-95.366400
Clearwater,MN,45.419410,-94.048870
Cloquet,MN,46.721610,-92.459360
Cohasset,MN,47.263560,-93.620220
Cokato,MN,45.075800,-94.189980
Cold Spring,MN,45.455800,-94.428880
Coleraine,MN,47.288830,-93.427710
Collegeville,MN,45.594410,-94.363050
Cologne,MN,44.771630,-93.781350
Columbia Heights,MN,45.040800,-93.263000
Columbus,MN,45.265220,-93.050150
Coon Rapids,MN,45.119970,-93.287730
Corcoran,MN,45.095240,-93.547460
Cottage Grove,MN,44.827740,-92.943820
Cottonwood,MN,44.608850,-95.674190
Crookston,MN,47.774140,-96.608120
Crosby,MN,46.482180,-93.957760
Crosslake,MN,46.659410,-94.113870
Crystal,MN,45.032740,-93.360230
Dassel,MN,45.081630,-94.306930
Dawson,MN,44.932740,-96.054480
Dayton,MN,45.243850,-93.514960
Deephaven,MN,44.929690,-93.522460
Delano,MN,45.041910,-93.789130
Dellwood,MN,45.089970,-92.972440
Detroit Lakes,MN,46.817180,-95.845330
Dilworth,MN,46.876630,-96.703410
Dodge Center,MN,44.028020,-92.854640
Duluth,MN,46.783270,-92.106580
Dundas,MN,44.429410,-93.201880
Eagan,MN,44.804130,-93.166890
Eagle Lake,MN,44.164970,-93.881340
East Bethel,MN,45.319410,-93.202450
East Grand Forks,MN,47.929980,-97.024520
East Gull Lake,MN,46.408020,-94.355840
Eden Prairie,MN,44.854690,-93.470790
Eden Valley,MN,45.326070,-94.546110
Edgerton,MN,43.872470,-96.128640
Edina,MN,44.889690,-93.349950
Elbow Lake,MN,45.994130,-95.976720
Elgin,MN,44.130240,-92.251560
Elk River,MN,45.303850,-93.567180
Elko New Market,MN,44.564720,-93.326940
Ely,MN,47.903240,-91.867090
Esko,MN,46.705780,-92.363250
Eveleth,MN,47.462430,-92.539910
Excelsior,MN,44.903300,-93.566350
Eyota,MN,43.988300,-92.228500
Fairfax,MN,44.529130,-94.720820
Fairmont,MN,43.652180,-94.461080
Falcon Heights,MN,44.991630,-93.166330
Faribault,MN,44.294960,-93.268830
Farmington,MN,44.640240,-93.143550
Fergus Falls,MN,46.283020,-96.077560
Foley,MN,45.664690,-93.909700
Forest Lake,MN,45.278860,-92.985220
Fosston,MN,47.576350,-95.751410
Frazee,MN,46.728010,-95.700880
Fridley,MN,45.086080,-93.263280
Fulda,MN,43.870520,-95.600290
Gaylord,MN,44.553020,-94.220530
Gilbert,MN,47.488820,-92.464910
Glencoe,MN,44.769130,-94.151640
Glenwood,MN,45.650240,-95.389760
Glyndon,MN,46.875240,-96.578960
Golden Valley,MN,45.009690,-93.349120
Goodhue,MN,44.400520,-92.623800
Goodview,MN,44.062460,-91.695710
Grand Marais,MN,47.750450,-90.334270
Grand Meadow,MN,43.705800,-92.572120
Grand Rapids,MN,47.237170,-93.530210
Granite Falls,MN,44.809960,-95.545580
Grant,MN,45.084410,-92.910490
Greenfield,MN,45.103300,-93.691350
Hallock,MN,48.774430,-96.946450
Ham Lake,MN,45.250240,-93.249950
Hanover,MN,45.155800,-93.666350
Harris,MN,45.586350,-92.974660
Hastings,MN,44.743300,-92.852430
Hawley,MN,46.880790,-96.316730
Hayfield,MN,43.890520,-92.847690
Hector,MN,44.743850,-94.715550
Hermantown,MN,46.806890,-92.238250
Hibbing,MN,47.427150,-92.937690
Hinckley,MN,46.011340,-92.944370
Hopkins,MN,44.924960,-93.462730
Howard Lake,MN,45.060800,-94.073310
Hoyt Lakes,MN,47.519650,-92.138510
Hugo,MN,45.159970,-92.993270
Hutchinson,MN,44.887740,-94.369710
Independence,MN,45.025240,-93.707460
International Falls,MN,48.601050,-93.410980
Inver Grove Heights,MN,44.848020,-93.042720
Isanti,MN,45.490240,-93.247730
Ivanhoe,MN,44.463300,-96.247260
Jackson,MN,43.620790,-94.988600
Janesville,MN,44.116080,-93.708000
Jordan,MN,44.666910,-93.626900
Kasson,MN,44.029960,-92.750740
Keewatin,MN,47.399660,-93.072420
Kenyon,MN,44.272190,-92.985480
La Crescent,MN,43.828020,-91.304030
Lake City,MN,44.449680,-92.268200
Lake Crystal,MN,44.105800,-94.218850
Lake Elmo,MN,44.995800,-92.879380
Lake Saint Croix Beach,MN,44.920800,-92.766870
Lake Shore,MN,46.485520,-94.360560
Lakefield,MN,43.677460,-95.171660
Lakeland,MN,44.956360,-92.765760
Lakeville,MN,44.649690,-93.242720
Lauderdale,MN,44.998580,-93.205780
Le Center,MN,44.389410,-93.730230
Le Sueur,MN,44.461350,-93.915240
Lester Prairie,MN,44.883850,-94.041640
Lewiston,MN,43.984410,-91.869320
Lexington,MN,45.142470,-93.163280
Lindstrom,MN,45.389410,-92.847990
Lino Lakes,MN,45.160240,-93.088830
Litchfield,MN,45.127180,-94.528050
Little Canada,MN,45.026910,-93.087720
Little Falls,MN,45.976350,-94.362500
Little Rock,MN,47.868010,-95.110550
Long Lake,MN,44.986630,-93.571620
Long Prairie,MN,45.974690,-94.865580
Longfellow Community,MN,44.942560,-93.225570
Lonsdale,MN,44.480240,-93.428560
Luverne,MN,43.654140,-96.212810
Madelia,MN,44.050790,-94.418300
Madison,MN,45.009680,-96.195880
Madison Lake,MN,44.204410,-93.815510
Mahnomen,MN,47.315240,-95.968650
Mahtomedi,MN,45.069690,-92.951600
Mankato,MN,44.159060,-94.009150
Mantorville,MN,44.069130,-92.755750
Maple Grove,MN,45.072460,-93.455790
Maple Lake,MN,45.229130,-94.001920
Maple Plain,MN,45.007190,-93.655790
Mapleton,MN,43.928850,-93.956060
Maplewood,MN,44.953020,-92.995220
Marshall,MN,44.446900,-95.788350
Mayer,MN,44.884960,-93.887750
Medford,MN,44.174130,-93.246320
Medina,MN,45.035240,-93.582460
Melrose,MN,45.674690,-94.807520
Menahga,MN,46.753850,-95.098080
Mendota Heights,MN,44.883580,-93.138270
Milaca,MN,45.755800,-93.654410
Minneapolis,MN,44.979970,-93.263840
Minneota,MN,44.558850,-95.985590
Minnetonka,MN,44.913300,-93.503290
Minnetonka Mills,MN,44.941070,-93.441900
Minnetrista,MN,44.938300,-93.717740
Montevideo,MN,44.948030,-95.717010
Montgomery,MN,44.438850,-93.581340
Monticello,MN,45.305520,-93.794140
Montrose,MN,45.064960,-93.911080
Moorhead,MN,46.873860,-96.769510
Moose Lake,MN,46.454110,-92.761870
Mora,MN,45.876900,-93.293840
Morris,MN,45.586070,-95.913940
Mound,MN,44.936630,-93.666070
Mounds View,MN,45.104970,-93.208560
Mountain Iron,MN,47.532430,-92.623510
Mountain Lake,MN,43.938850,-94.929710
New Brighton,MN,45.065520,-93.201890
New Hope,MN,45.038020,-93.386620
New London,MN,45.301080,-94.944180
New Prague,MN,44.543300,-93.576070
New Richland,MN,43.893850,-93.493830
New Ulm,MN,44.312460,-94.460530
New York Mills,MN,46.518020,-95.376150
Newport,MN,44.866360,-93.000490
Nicollet,MN,44.276080,-94.187460
Nisswa,MN,46.520520,-94.288610
North Branch,MN,45.511350,-92.980220
North Mankato,MN,44.173300,-94.033850
North Oaks,MN,45.102740,-93.079110
North Saint Paul,MN,45.012470,-92.991880
Northfield,MN,44.458300,-93.161600
Norwood (historical),MN,44.768020,-93.927470
Norwood Young America,MN,44.773570,-93.921630
Nowthen,MN,45.328020,-93.470230
Oak Grove,MN,45.340800,-93.326900
Oak Park Heights,MN,45.031360,-92.792980
Oakdale,MN,44.963020,-92.964940
Oakport,MN,46.931910,-96.778970
Olivia,MN,44.776350,-94.989720
Orono,MN,44.971350,-93.604400
Oronoco,MN,44.166080,-92.534910
Ortonville,MN,45.304690,-96.444780
Osakis,MN,45.866910,-95.152250
Osseo,MN,45.119410,-93.402450
Otsego,MN,45.274130,-93.591350
Owatonna,MN,44.083850,-93.226040
Park Rapids,MN,46.922180,-95.058630
Parkers Prairie,MN,46.153020,-95.328920
Parkville,MN,47.531040,-92.579070
Paynesville,MN,45.380520,-94.711950
Pelican Rapids,MN,46.570790,-96.083110
Pequot Lakes,MN,46.603020,-94.309440
Perham,MN,46.594400,-95.572540
Pierz,MN,45.981630,-94.104710
Pine City,MN,45.826070,-92.968540
Pine Island,MN,44.201350,-92.646300
Pipestone,MN,44.000530,-96.317530
Plainview,MN,44.164970,-92.171560
Plymouth,MN,45.010520,-93.455510
Preston,MN,43.670240,-92.083220
Princeton,MN,45.569970,-93.581630
Prior Lake,MN,44.713300,-93.422730
Proctor,MN,46.747160,-92.225470
Ramsey,MN,45.261100,-93.450000
Red Lake,MN,47.876350,-95.016940
Red Lake Falls,MN,47.882190,-96.274210
Red Wing,MN,44.562470,-92.533800
Redby,MN,47.878570,-94.913050
Redwood Falls,MN,44.539400,-95.116940
Renville,MN,44.789130,-95.211670
Rice,MN,45.751910,-94.220270
Richfield,MN,44.883300,-93.283000
Richmond,MN,45.454130,-94.518330
Robbinsdale,MN,45.032190,-93.338560
Rochester,MN,44.021630,-92.469900
Rock Creek,MN,45.757460,-92.962430
Rockford,MN,45.088300,-93.734410
Rockville,MN,45.471910,-94.340830
Rogers,MN,45.188850,-93.553010
Roseau,MN,48.846090,-95.762770
Rosemount,MN,44.739410,-93.125770
Roseville,MN,45.006080,-93.156610
Royalton,MN,45.829970,-94.293610
Rush City,MN,45.685510,-92.965490
Rushford,MN,43.808300,-91.752930
Saint Anthony,MN,45.020520,-93.218000
Saint Augusta,MN,45.478580,-94.154150
Saint Bonifacius,MN,44.905520,-93.747460
Saint Charles,MN,43.969410,-92.064330
Saint Cloud,MN,45.560800,-94.162490
Saint Francis,MN,45.386910,-93.359400
Saint James,MN,43.982460,-94.626920
Saint Joseph,MN,45.564960,-94.318330
Saint Louis Park,MN,44.948300,-93.348010
Saint Michael,MN,45.209960,-93.664960
Saint Paul,MN,44.944410,-93.093270
Saint Paul Park,MN,44.842190,-92.991320
Saint Peter,MN,44.323580,-93.958010
Sandstone,MN,46.131060,-92.867420
Sartell,MN,45.621630,-94.206940
Sauk Centre,MN,45.737470,-94.952520
Sauk Rapids,MN,45.591910,-94.166100
Savage,MN,44.779130,-93.336340
Scandia,MN,45.253580,-92.805770
Shafer,MN,45.386910,-92.747710
Shakopee,MN,44.798020,-93.526900
Sherburn,MN,43.652180,-94.726920
Shoreview,MN,45.079130,-93.147170
Shorewood,MN,44.900800,-93.589120
Silver Bay,MN,47.294360,-91.257390
Slayton,MN,43.987740,-95.755850
Sleepy Eye,MN,44.297180,-94.724150
South Saint Paul,MN,44.892740,-93.034940
Spicer,MN,45.233020,-94.940010
Spring Grove,MN,43.561080,-91.635980
Spring Lake Park,MN,45.107740,-93.238000
Spring Park,MN,44.935240,-93.632180
Spring Valley,MN,43.686910,-92.389060
Springfield,MN,44.238850,-94.975820
Stacy,MN,45.398020,-92.987440
Staples,MN,46.355520,-94.792240
Starbuck,MN,45.614400,-95.531150
Stewartville,MN,43.855520,-92.488510
Stillwater,MN,45.056360,-92.806040
Taylors Falls,MN,45.401910,-92.652430
Thief River Falls,MN,48.119140,-96.181150
Tonka Bay,MN,44.908570,-93.593010
Tracy,MN,44.233290,-95.619180
Truman,MN,43.827730,-94.437190
Two Harbors,MN,47.022710,-91.670730
Tyler,MN,44.278300,-96.134750
Vadnais Heights,MN,45.057470,-93.073830
Victoria,MN,44.858570,-93.661630
Vineland,MN,46.163570,-93.757470
Virginia,MN,47.523260,-92.536570
Wabasha,MN,44.383860,-92.032940
Waconia,MN,44.850800,-93.786910
Wadena,MN,46.442460,-95.136140
Waite Park,MN,45.557190,-94.224160
Walker,MN,47.101350,-94.587220
Wanamingo,MN,44.304410,-92.790470
Warren,MN,48.196640,-96.772840
Warroad,MN,48.905270,-95.314400
Waseca,MN,44.077740,-93.507440
Watertown,MN,44.963570,-93.847190
Waterville,MN,44.218850,-93.568000
Waverly,MN,45.066630,-93.966360
Wayzata,MN,44.974130,-93.506620
Wells,MN,43.746070,-93.728840
West Coon Rapids,MN,45.159690,-93.349670
West Saint Paul,MN,44.916080,-93.101610
Wheaton,MN,45.804410,-96.499230
White Bear Lake,MN,45.084690,-93.009940
Willmar,MN,45.121910,-95.043340
Windom,MN,43.866350,-95.116940
Winnebago,MN,43.767730,-94.165790
Winona,MN,44.049960,-91.639320
Winsted,MN,44.963850,-94.047470
Winthrop,MN,44.543020,-94.366370
Woodbury,MN,44.923860,-92.959380
Worthington,MN,43.619960,-95.596400
Wyoming,MN,45.336360,-92.997160
Young America (historical),MN,44.782740,-93.913580
Zimmerman,MN,45.443300,-93.589960
Zumbrota,MN,44.294130,-92.669080
Adrian,MO,38.397520,-94.351620
Advance,MO,37.104550,-89.909530
Affton,MO,38.550610,-90.333170
Albany,MO,39.223340,-94.113280
Alton,MO,36.694230,-91.399300
Anderson,MO,36.650630,-94.443550
Appleton City,MO,38.190580,-94.029390
Archie,MO,38.481680,-94.354390
Arnold,MO,38.432830,-90.377620
Ash Grove,MO,37.315330,-93.585200
Ashland,MO,38.774480,-92.257130
Aurora,MO,36.970890,-93.717980
Ava,MO,36.952000,-92.660450
Ballwin,MO,38.595050,-90.546230
Barnhart,MO,38.344220,-90.393450
Battlefield,MO,37.115610,-93.370190
Bel-Nor,MO,38.702000,-90.316780
Bel-Ridge,MO,38.709500,-90.325390
Belle,MO,38.285880,-91.720440
Bellefontaine Neighbors,MO,38.740330,-90.226500
Belton,MO,38.811950,-94.531900
Benton,MO,37.097830,-89.562580
Berkeley,MO,38.754500,-90.331230
Bernie,MO,36.668940,-89.968700
Bethany,MO,40.268330,-94.028290
Billings,MO,37.067550,-93.552140
Bismarck,MO,37.769220,-90.624850
Black Jack,MO,38.793380,-90.267330
Bloomfield,MO,36.885890,-89.929260
Blue Springs,MO,39.016950,-94.281610
Bolivar,MO,37.614480,-93.410470
Bonne Terre,MO,37.923110,-90.555400
Boonville,MO,38.973640,-92.743240
Bourbon,MO,38.154770,-91.244030
Bowling Green,MO,39.341990,-91.195140
Branson,MO,36.643670,-93.218510
Breckenridge Hills,MO,38.714500,-90.367340
Brentwood,MO,38.617550,-90.349280
Bridgeton,MO,38.767000,-90.411510
Brookfield,MO,39.784470,-93.073530
Buckner,MO,39.132510,-94.198560
Buffalo,MO,37.643930,-93.092410
Butler,MO,38.258630,-94.330510
Byrnes Mill,MO,38.437830,-90.581790
Cabool,MO,37.123940,-92.101270
California,MO,38.627530,-92.566580
Calverton Park,MO,38.764770,-90.313730
Camdenton,MO,38.008090,-92.744630
Cameron,MO,39.740280,-94.241060
Campbell,MO,36.493390,-90.075090
Canton,MO,40.129500,-91.518520
Cape Girardeau,MO,37.305880,-89.518150
Carl Junction,MO,37.176720,-94.565510
Carrollton,MO,39.358350,-93.495770
Carterville,MO,37.149230,-94.443000
Carthage,MO,37.176450,-94.310220
Caruthersville,MO,36.193120,-89.655640
Cassville,MO,36.677010,-93.868810
Castle Point,MO,38.758110,-90.248170
Cedar Hill,MO,38.353390,-90.641240
Centerville,MO,37.435050,-90.958460
Centralia,MO,39.210320,-92.137950
Chaffee,MO,37.180050,-89.655090
Charlack,MO,38.702550,-90.343450
Charleston,MO,36.920890,-89.350630
Chesterfield,MO,38.663110,-90.577070
Chillicothe,MO,39.795290,-93.552440
Clarkson Valley,MO,38.618390,-90.589290
Clarkton,MO,36.451730,-89.967040
Claycomo,MO,39.202500,-94.492450
Clayton,MO,38.642550,-90.323730
Clever,MO,37.030330,-93.472970
Clinton,MO,38.368630,-93.778270
Cole Camp,MO,38.460020,-93.202700
Columbia,MO,38.951710,-92.334070
Concord,MO,38.524500,-90.357340
Concordia,MO,38.983350,-93.568550
Cool Valley,MO,38.727830,-90.310110
Cottleville,MO,38.746160,-90.654010
Country Club Hills,MO,38.720880,-90.274840
Country Club Village,MO,39.832220,-94.821630
Crane,MO,36.905340,-93.571580
Crestwood,MO,38.557000,-90.381780
Creve Coeur,MO,38.660890,-90.422620
Crocker,MO,37.948930,-92.263780
Crystal City,MO,38.221170,-90.379010
Cuba,MO,38.062820,-91.403480
Dardenne Prairie,MO,38.769500,-90.729020
De Soto,MO,38.139500,-90.555130
Dellwood,MO,38.749500,-90.285670
Des Peres,MO,38.600890,-90.432900
Desloge,MO,37.870880,-90.527350
Dexter,MO,36.795890,-89.957870
Dixon,MO,37.991710,-92.093780
Doniphan,MO,36.620890,-90.823460
Duenweg,MO,37.083670,-94.413560
Duquesne,MO,37.076730,-94.459390
East Independence,MO,39.095560,-94.355230
East Prairie,MO,36.779780,-89.385630
Edina,MO,40.167540,-92.172680
El Dorado Springs,MO,37.876980,-94.021330
Eldon,MO,38.348360,-92.581580
Ellisville,MO,38.592550,-90.587070
Elsberry,MO,39.166720,-90.780960
Elvins,MO,37.836720,-90.532900
Eminence,MO,37.150600,-91.357640
Esther,MO,37.850330,-90.498740
Eureka,MO,38.502550,-90.627900
Excelsior Springs,MO,39.339170,-94.226060
Fair Grove,MO,37.383930,-93.151300
Farmington,MO,37.780880,-90.421790
Fayette,MO,39.145870,-92.683790
Fenton,MO,38.513110,-90.435950
Ferguson,MO,38.744220,-90.305390
Festus,MO,38.220610,-90.395950
Flat River,MO,37.850050,-90.516790
Florissant,MO,38.789220,-90.322610
Forsyth,MO,36.685060,-93.119900
Fort Leonard Wood,MO,37.705730,-92.157170
Four Seasons,MO,38.198090,-92.711020
Fredericktown,MO,37.559780,-90.294010
Frontenac,MO,38.635610,-90.415120
Fulton,MO,38.846710,-91.947960
Gainesville,MO,36.603120,-92.428220
Galena,MO,36.805340,-93.466580
Gallatin,MO,39.914450,-93.962170
Garden City,MO,38.561120,-94.191330
Gerald,MO,38.399770,-91.330710
Gideon,MO,36.452010,-89.919260
Gladstone,MO,39.203890,-94.554680
Glasgow,MO,39.227250,-92.846580
Glasgow Village,MO,38.753660,-90.198440
Glendale,MO,38.595890,-90.377060
Goodman,MO,36.741740,-94.399110
Gower,MO,39.610830,-94.599400
Grain Valley,MO,39.015010,-94.198560
Granby,MO,36.919230,-94.255220
Grandview,MO,38.885840,-94.533010
Grant City,MO,40.487490,-94.411070
Gray Summit,MO,38.489780,-90.816800
Green Park,MO,38.523660,-90.338450
Greenfield,MO,37.415320,-93.841040
Greenville,MO,37.127270,-90.450110
Greenwood,MO,38.851680,-94.343840
Hallsville,MO,39.116990,-92.220740
Hamilton,MO,39.743620,-93.998270
Hanley Hills,MO,38.685880,-90.323730
Hannibal,MO,39.708380,-91.358480
Harrisonville,MO,38.653340,-94.348840
Hartville,MO,37.250880,-92.510440
Hayti,MO,36.233680,-89.749530
Hazelwood,MO,38.771440,-90.370950
Herculaneum,MO,38.268390,-90.380120
Hermann,MO,38.704210,-91.437380
Hermitage,MO,37.941420,-93.316310
Higginsville,MO,39.072510,-93.717160
High Ridge,MO,38.458940,-90.536510
Hillsboro,MO,38.232280,-90.562900
Hillsdale,MO,38.683380,-90.284000
Holden,MO,38.714180,-93.991330
Hollister,MO,36.621170,-93.215460
Holts Summit,MO,38.640320,-92.122410
Houston,MO,37.326160,-91.955990
Humansville,MO,37.794480,-93.577980
Huntsville,MO,39.440590,-92.545180
Imperial,MO,38.369780,-90.378450
Independence,MO,39.091120,-94.415510
Ironton,MO,37.597270,-90.627340
Jackson,MO,37.382270,-89.666210
Jefferson City,MO,38.576700,-92.173520
Jennings,MO,38.719220,-90.260390
Joplin,MO,37.084230,-94.513280
Kahoka,MO,40.420320,-91.719610
Kansas City,MO,39.099730,-94.578570
Kearney,MO,39.367780,-94.362170
Kennett,MO,36.236180,-90.055650
Keytesville,MO,39.434470,-92.938250
Kimberling City,MO,36.633400,-93.416850
King City,MO,40.051380,-94.524120
Kingston,MO,39.644170,-94.038550
Kirksville,MO,40.194750,-92.583250
Kirkwood,MO,38.583390,-90.406780
Kissee Mills,MO,36.683670,-93.049900
Knob Noster,MO,38.766680,-93.558550
La Monte,MO,38.774180,-93.425210
La Plata,MO,40.023370,-92.491580
LaBarque Creek,MO,38.417010,-90.679890
Ladue,MO,38.649770,-90.380670
Lake Lotawana,MO,38.923060,-94.244110
Lake Ozark,MO,38.198640,-92.638800
Lake Saint Louis,MO,38.797550,-90.785680
Lake Winnebago,MO,38.831400,-94.358560
Lakeshire,MO,38.538660,-90.335120
Lamar,MO,37.495050,-94.276610
Lancaster,MO,40.520860,-92.527970
Lathrop,MO,39.548340,-94.329950
Lawson,MO,39.438340,-94.204110
Leadwood,MO,37.867270,-90.593180
Lebanon,MO,37.680600,-92.663790
Lee's Summit,MO,38.910840,-94.382170
Lemay,MO,38.533390,-90.279280
Lexington,MO,39.184730,-93.879940
Liberty,MO,39.246110,-94.419120
Licking,MO,37.499490,-91.857100
Lilbourn,MO,36.592280,-89.615360
Lincoln,MO,38.390860,-93.334650
Linn,MO,38.485870,-91.850450
Linneus,MO,39.878630,-93.188820
Lone Jack,MO,38.870840,-94.173830
Louisiana,MO,39.448940,-91.051530
Macon,MO,39.742260,-92.472690
Malden,MO,36.557000,-89.966480
Manchester,MO,38.597000,-90.509290
Mansfield,MO,37.106720,-92.580720
Maplewood,MO,38.612550,-90.324560
Marble Hill,MO,37.305890,-89.970380
Marceline,MO,39.711970,-92.948250
Marionville,MO,37.003110,-93.637420
Marlborough,MO,38.570330,-90.337060
Marshall,MO,39.123080,-93.196870
Marshfield,MO,37.338660,-92.907120
Marthasville,MO,38.628380,-91.057640
Maryland Heights,MO,38.713110,-90.429840
Maryville,MO,40.346100,-94.872470
Maysville,MO,39.889170,-94.361900
Mehlville,MO,38.508390,-90.322890
Memphis,MO,40.457810,-92.171290
Merriam Woods,MO,36.713950,-93.161850
Mexico,MO,39.169760,-91.882950
Milan,MO,40.202240,-93.125210
Moberly,MO,39.418370,-92.438240
Moline Acres,MO,38.746990,-90.240110
Monett,MO,36.928950,-93.927710
Monroe City,MO,39.653650,-91.734610
Montgomery City,MO,38.977540,-91.504880
Monticello,MO,40.118380,-91.712110
Moscow Mills,MO,38.947830,-90.918190
Mound City,MO,40.131110,-95.231640
Mount Vernon,MO,37.103670,-93.818540
Mountain Grove,MO,37.130610,-92.263490
Mountain View,MO,36.995330,-91.703760
Murphy,MO,38.490330,-90.487070
Neosho,MO,36.868960,-94.368000
Nevada,MO,37.839210,-94.354670
New Franklin,MO,39.017250,-92.737410
New Haven,MO,38.608380,-91.219040
New London,MO,39.585320,-91.400980
New Madrid,MO,36.586450,-89.527850
Nixa,MO,37.043390,-93.294350
Noel,MO,36.545630,-94.485220
Normandy,MO,38.720880,-90.297340
North Kansas City,MO,39.130000,-94.562180
Northwoods,MO,38.704220,-90.283450
O'Fallon,MO,38.810610,-90.699850
Oak Grove,MO,39.005010,-94.129390
Oakland,MO,38.576440,-90.385670
Oakville,MO,38.470050,-90.304560
Odessa,MO,38.999170,-93.953560
Old Jamestown,MO,38.834940,-90.285110
Olivette,MO,38.665330,-90.375950
Oran,MO,37.085050,-89.655360
Oregon,MO,39.986940,-95.144980
Oronogo,MO,37.188390,-94.470230
Osage Beach,MO,38.129560,-92.652770
Osceola,MO,38.046700,-93.704380
Overland,MO,38.701160,-90.362340
Owensville,MO,38.345600,-91.501550
Ozark,MO,37.020890,-93.206020
Pacific,MO,38.482000,-90.741520
Pagedale,MO,38.683380,-90.307610
Palmyra,MO,39.794210,-91.523210
Paris,MO,39.480870,-92.001280
Park Hills,MO,37.854220,-90.518180
Parkville,MO,39.195000,-94.682180
Peculiar,MO,38.719180,-94.458560
Perryville,MO,37.724220,-89.861220
Pevely,MO,38.283390,-90.395120
Piedmont,MO,37.154490,-90.695670
Pierce City,MO,36.945900,-94.000210
Pine Lawn,MO,38.695880,-90.275110
Pineville,MO,36.594520,-94.384100
Platte City,MO,39.370280,-94.782460
Plattsburg,MO,39.565550,-94.448010
Pleasant Hill,MO,38.787510,-94.269390
Pleasant Valley,MO,39.216390,-94.484120
Poplar Bluff,MO,36.757000,-90.392890
Portageville,MO,36.425340,-89.699530
Potosi,MO,37.936440,-90.787910
Princeton,MO,40.400840,-93.580500
Purdy,MO,36.817290,-93.920760
Raymore,MO,38.801950,-94.452730
Raytown,MO,39.008620,-94.463560
Republic,MO,37.120050,-93.480190
Rich Hill,MO,38.096420,-94.361060
Richland,MO,37.856980,-92.404340
Richmond,MO,39.278620,-93.976890
Richmond Heights,MO,38.628660,-90.319560
Riverside,MO,39.177500,-94.613010
Riverview,MO,38.275860,-93.069640
Rock Hill,MO,38.607550,-90.378450
Rock Port,MO,40.411110,-95.516930
Rogersville,MO,37.117000,-93.055730
Rolla,MO,37.951430,-91.771270
Saint Ann,MO,38.727270,-90.383170
Saint Charles,MO,38.783940,-90.481230
Saint Clair,MO,38.345330,-90.980970
Saint George,MO,38.536720,-90.314840
Saint James,MO,37.997260,-91.614320
Saint John,MO,38.714840,-90.346270
Saint Johns,MO,38.713380,-90.343170
Saint Joseph,MO,39.768610,-94.846630
Saint Martins,MO,38.594200,-92.337130
Saint Paul,MO,38.861440,-90.741790
Saint Peters,MO,38.800330,-90.626510
Saint Robert,MO,37.828100,-92.177670
Sainte Genevieve,MO,37.981440,-90.041780
Salem,MO,37.645600,-91.535980
Salisbury,MO,39.423920,-92.801580
Sappington,MO,38.537000,-90.379840
Sarcoxie,MO,37.069230,-94.116600
Savannah,MO,39.941660,-94.830250
Scott City,MO,37.216720,-89.524530
Sedalia,MO,38.704460,-93.228260
Senath,MO,36.134230,-90.159820
Seneca,MO,36.841460,-94.611060
Seymour,MO,37.146440,-92.768780
Shelbina,MO,39.693930,-92.042950
Shelbyville,MO,39.805870,-92.041560
Shell Knob,MO,36.632290,-93.634360
Shrewsbury,MO,38.590330,-90.336780
Sikeston,MO,36.876720,-89.587860
Slater,MO,39.218080,-93.069090
Smithville,MO,39.386940,-94.581070
Spanish Lake,MO,38.787830,-90.215940
Sparta,MO,37.001160,-93.081570
Springfield,MO,37.215330,-93.298240
St. Louis,MO,38.627270,-90.197890
Stanberry,MO,40.217770,-94.538290
Steele,MO,36.083960,-89.829250
Steelville,MO,37.968100,-91.354870
Stockton,MO,37.698930,-93.796040
Stover,MO,38.440860,-92.991870
Strafford,MO,37.268380,-93.117130
Sugar Creek,MO,39.109730,-94.444670
Sullivan,MO,38.208100,-91.160420
Sunset Hills,MO,38.538940,-90.407340
Sweet Springs,MO,38.963630,-93.414930
Taos,MO,38.506430,-92.071010
Tarkio,MO,40.440280,-95.377760
Terre du Lac,MO,37.911720,-90.625410
Terre Haute,MO,40.439460,-93.234100
Thayer,MO,36.524510,-91.538200
Tipton,MO,38.655580,-92.779920
Town and Country,MO,38.612280,-90.463450
Trenton,MO,40.078900,-93.616610
Troy,MO,38.979490,-90.980700
Tuscumbia,MO,38.233090,-92.458520
Union,MO,38.450050,-91.008480
Unionville,MO,40.476960,-93.003260
University City,MO,38.655880,-90.309280
Valley Park,MO,38.549220,-90.492620
Van Buren,MO,36.995610,-91.014570
Vandalia,MO,39.310870,-91.488490
Velda Village,MO,38.690050,-90.294280
Velda Village Hills,MO,38.690610,-90.287340
Versailles,MO,38.431410,-92.841030
Vienna,MO,38.186710,-91.947110
Villa Ridge,MO,38.472550,-90.886800
Vinita Park,MO,38.690050,-90.342620
Wardsville,MO,38.488920,-92.174350
Warrensburg,MO,38.762790,-93.736050
Warrenton,MO,38.811440,-91.141540
Warsaw,MO,38.243080,-93.381870
Warson Woods,MO,38.607270,-90.383450
Washington,MO,38.558110,-91.012090
Waynesville,MO,37.828650,-92.200720
Weatherby Lake,MO,39.237780,-94.696070
Webb City,MO,37.146450,-94.463000
Webster Groves,MO,38.592550,-90.357340
Weldon Spring,MO,38.713390,-90.689290
Wellston,MO,38.672830,-90.299280
Wellsville,MO,39.071980,-91.570160
Wentzville,MO,38.811440,-90.852910
West Plains,MO,36.728120,-91.852370
Weston,MO,39.411110,-94.901630
Whiteman Air Force Base,MO,38.730180,-93.558950
Wildwood,MO,38.582830,-90.662900
Willard,MO,37.305050,-93.428530
Willow Springs,MO,36.992280,-91.969870
Winchester,MO,38.590330,-90.527900
Windsor,MO,38.532240,-93.522150
Winfield,MO,38.997270,-90.738460
Winona,MO,37.009770,-91.323470
Woodson Terrace,MO,38.725050,-90.358450
Wright City,MO,38.827550,-91.020140
Aberdeen,MS,33.825110,-88.543660
Ackerman,MS,33.310120,-89.172840
Amory,MS,33.984280,-88.488100
Arnold Line,MS,31.335170,-89.373400
Ashland,MS,34.832870,-89.175900
Baldwyn,MS,34.509540,-88.635330
Batesville,MS,34.311500,-89.944260
Bay Saint Louis,MS,30.308810,-89.330050
Bay Springs,MS,31.979040,-89.287280
Beechwood,MS,32.327650,-90.826770
Belmont,MS,34.509820,-88.209210
Belzoni,MS,33.184290,-90.489260
Biloxi,MS,30.396030,-88.885310
Booneville,MS,34.658150,-88.566720
Brandon,MS,32.273200,-89.985920
Brookhaven,MS,31.579060,-90.440650
Brooksville,MS,33.234570,-88.582270
Bruce,MS,33.992060,-89.348960
Bude,MS,31.462950,-90.850100
Byhalia,MS,34.872320,-89.690640
Byram,MS,32.179320,-90.245370
Caledonia,MS,33.682890,-88.324480
Calhoun City,MS,33.855390,-89.311460
Canton,MS,32.612640,-90.036750
Carriere,MS,30.616860,-89.652560
Carrollton,MS,33.508180,-89.920360
Carthage,MS,32.732640,-89.536180
Centreville,MS,31.089620,-91.068440
Charleston,MS,34.006780,-90.056760
Clarksdale,MS,34.200110,-90.570930
Cleary,MS,32.165430,-90.180640
Cleveland,MS,33.744000,-90.724820
Clinton,MS,32.341530,-90.321760
Coldwater,MS,32.714860,-89.214230
Collins,MS,31.645440,-89.555350
Collinsville,MS,32.497920,-88.845880
Columbia,MS,31.251840,-89.837580
Columbus,MS,33.495670,-88.427260
Columbus Air Force Base,MS,33.632390,-88.451530
Como,MS,34.510660,-89.939810
Conehatta,MS,32.451250,-89.285340
Corinth,MS,34.934250,-88.522270
Crystal Springs,MS,31.987380,-90.357040
D'Iberville,MS,30.426310,-88.890860
De Kalb,MS,32.767630,-88.650880
De Lisle,MS,30.379360,-89.264490
Decatur,MS,32.439030,-89.108390
Derma,MS,33.855670,-89.284520
Diamondhead,MS,30.394640,-89.363940
Drew,MS,33.809560,-90.526480
Duck Hill,MS,33.633180,-89.711190
Durant,MS,33.075130,-89.854530
Edwards,MS,32.330150,-90.605650
Ellisville,MS,31.604050,-89.195610
Escatawpa,MS,30.487000,-88.552000
Eupora,MS,33.540680,-89.267010
Farmington,MS,34.930090,-88.452270
Fayette,MS,31.711550,-91.060660
Flora,MS,32.543200,-90.309260
Florence,MS,32.153480,-90.131200
Flowood,MS,32.309590,-90.138980
Forest,MS,32.364590,-89.474230
Friars Point,MS,34.370880,-90.638340
Fulton,MS,34.273990,-88.409210
Gautier,MS,30.385750,-88.611690
Glendale,MS,31.364620,-89.306170
Goodman,MS,32.970130,-89.912310
Greenville,MS,33.408980,-91.059780
Greenwood,MS,33.516230,-90.179530
Grenada,MS,33.769000,-89.808420
Gulf Hills,MS,30.430480,-88.842250
Gulf Park Estates,MS,30.391870,-88.761140
Gulfport,MS,30.367420,-89.092820
Guntown,MS,34.443160,-88.659780
Hattiesburg,MS,31.327120,-89.290340
Hazlehurst,MS,31.860440,-90.395930
Helena,MS,30.494640,-88.495850
Hernando,MS,34.823990,-89.993700
Hickory Hills,MS,30.456870,-88.639190
Hide-A-Way Lake,MS,30.564920,-89.640200
Hillsboro,MS,32.459310,-89.511460
Hollandale,MS,33.169010,-90.853990
Holly Springs,MS,31.315730,-89.977860
Horn Lake,MS,34.955370,-90.034810
Houston,MS,33.898450,-88.999230
Hurley,MS,30.661030,-88.494180
Indianola,MS,33.450950,-90.655090
Itta Bena,MS,33.495120,-90.319810
Iuka,MS,34.811760,-88.190040
Jackson,MS,32.298760,-90.184810
Jonestown,MS,34.319550,-90.455650
Kearney Park,MS,32.589030,-90.315370
Kiln,MS,30.409080,-89.435050
Kosciusko,MS,33.058000,-89.589560
Lambert,MS,34.201780,-90.283430
Latimer,MS,30.534640,-88.866700
Laurel,MS,31.694050,-89.130610
Leakesville,MS,31.155740,-88.557800
Leland,MS,33.405390,-90.897600
Lexington,MS,33.113180,-90.053140
Liberty,MS,31.158230,-90.812320
Long Beach,MS,30.350480,-89.152820
Louisville,MS,33.123740,-89.055060
Lucedale,MS,30.925190,-88.590020
Lumberton,MS,31.001290,-89.452290
Lyman,MS,30.494740,-89.125610
Lynchburg,MS,32.440140,-90.548990
Macon,MS,33.105400,-88.560880
Madison,MS,32.461810,-90.115360
Magee,MS,31.873770,-89.733690
Magnolia,MS,31.143230,-90.458710
Mantachie,MS,34.324270,-88.491160
Marion,MS,32.417360,-88.647820
Marks,MS,34.256830,-90.272980
Mayersville,MS,32.902070,-91.051220
McComb,MS,31.243790,-90.453150
Meadville,MS,31.472390,-90.896770
Mendenhall,MS,31.961820,-89.870080
Meridian,MS,32.364310,-88.703660
Meridian Station,MS,32.550490,-88.618490
Metcalfe,MS,33.454000,-91.007330
Mikoma,MS,33.950390,-90.283980
Monticello,MS,31.553780,-90.107310
Moorhead,MS,33.450120,-90.505640
Morgantown,MS,31.572670,-91.347610
Morton,MS,32.353760,-89.654520
Moss Point,MS,30.411590,-88.534460
Mound Bayou,MS,33.878170,-90.727320
Natchez,MS,31.560170,-91.403290
Nellieburg,MS,32.406810,-88.777270
Nettleton,MS,34.089000,-88.622270
New Albany,MS,34.494270,-89.007840
New Augusta,MS,31.202630,-89.036680
New Hope,MS,33.468170,-88.326700
Newton,MS,32.321260,-89.163390
Nicholson,MS,30.477140,-89.693670
North Tunica,MS,34.700930,-90.378150
Ocean Springs,MS,30.411310,-88.827810
Okolona,MS,34.001780,-88.755330
Olive Branch,MS,34.961760,-89.829530
Oxford,MS,34.366500,-89.519250
Pascagoula,MS,30.365760,-88.556130
Pass Christian,MS,30.315750,-89.247540
Pearl,MS,32.274590,-90.132030
Pearl River,MS,32.783470,-89.227840
Pearlington,MS,30.246580,-89.611170
Pelahatchie,MS,32.312920,-89.798410
Petal,MS,31.346560,-89.260060
Philadelphia,MS,32.771520,-89.116730
Picayune,MS,30.525560,-89.677880
Pickens,MS,32.883740,-89.971470
Pittsboro,MS,33.940390,-89.337570
Plantersville,MS,34.213440,-88.664500
Pontotoc,MS,34.247880,-88.998670
Poplarville,MS,30.840190,-89.534230
Port Gibson,MS,31.960990,-90.983990
Prentiss,MS,31.598500,-89.867020
Purvis,MS,31.143240,-89.409790
Quitman,MS,32.040150,-88.728100
Raleigh,MS,32.033490,-89.522290
Rawls Springs,MS,31.380730,-89.371450
Raymond,MS,32.259310,-90.422600
Richland,MS,32.239040,-90.158420
Richton,MS,31.349340,-88.940050
Ridgeland,MS,32.428480,-90.132310
Ripley,MS,34.729820,-88.950620
Rolling Fork,MS,32.906520,-90.878160
Rosedale,MS,33.853440,-91.027890
Ruleville,MS,33.725950,-90.551480
Saint Martin,MS,30.437980,-88.868090
Saltillo,MS,34.376490,-88.681720
Sardis,MS,34.437050,-89.915920
Saucier,MS,30.635750,-89.135040
Senatobia,MS,34.617600,-89.968700
Shannon,MS,34.116220,-88.711720
Sharon,MS,31.789600,-89.098670
Shaw,MS,33.602110,-90.774580
Shelby,MS,33.950940,-90.767880
Southaven,MS,34.988980,-90.012590
Starkville,MS,33.450490,-88.819610
Stonewall,MS,32.131810,-88.793380
Summit,MS,31.283790,-90.468430
Sumrall,MS,31.417390,-89.542290
Sunflower,MS,33.542900,-90.537030
Taylorsville,MS,31.829600,-89.428120
Tchula,MS,33.182900,-90.222860
Terry,MS,32.096260,-90.294260
Tunica,MS,34.684550,-90.382880
Tunica Resorts,MS,34.836130,-90.347230
Tupelo,MS,34.258070,-88.704640
Tutwiler,MS,34.014830,-90.431760
Tylertown,MS,31.116010,-90.142030
Union,MS,32.571530,-89.121450
University,MS,34.365940,-89.525360
Vancleave,MS,30.540470,-88.687520
Vardaman,MS,33.875670,-89.177290
Verona,MS,34.194270,-88.719770
Vicksburg,MS,32.352650,-90.877880
Wade,MS,30.642420,-88.569740
Walls,MS,34.958240,-90.152560
Walnut Grove,MS,32.590420,-89.458400
Walthall,MS,33.607340,-89.277290
Water Valley,MS,34.151500,-89.631470
Waveland,MS,30.286860,-89.376160
Waynesboro,MS,31.674880,-88.646150
Wesson,MS,31.701280,-90.397590
West Gulfport,MS,30.404090,-89.094200
West Hattiesburg,MS,31.319060,-89.375060
West Point,MS,33.607620,-88.650330
Wiggins,MS,30.858240,-89.135330
Winona,MS,33.482070,-89.728140
Woodville,MS,31.104620,-91.299560
Yazoo City,MS,32.855130,-90.405650
Absarokee,MT,45.520500,-109.442940
Anaconda,MT,46.128540,-112.942260
Baker,MT,46.366950,-104.284660
Belgrade,MT,45.776040,-111.176900
Big Sky,MT,45.284650,-111.368290
Big Timber,MT,45.834940,-109.955460
Bigfork,MT,48.063290,-114.072610
Billings,MT,45.783290,-108.500690
Bonner-West Riverside,MT,46.876690,-113.886780
Boulder,MT,46.236590,-112.120830
Bozeman,MT,45.679650,-111.038560
Broadus,MT,45.443870,-105.411330
Browning,MT,48.556920,-113.013420
Butte,MT,46.003820,-112.534740
Chester,MT,48.510540,-110.967470
Chinook,MT,48.590000,-109.231280
Choteau,MT,47.812450,-112.183630
Circle,MT,47.416670,-105.592220
Clancy,MT,46.465210,-111.986380
Clinton,MT,46.769090,-113.712600
Colstrip,MT,45.884160,-106.623640
Columbia Falls,MT,48.372460,-114.181520
Columbus,MT,45.636610,-109.252110
Conrad,MT,48.170250,-111.946130
Crow Agency,MT,45.601640,-107.461190
Cut Bank,MT,48.633040,-112.326160
Deer Lodge,MT,46.395760,-112.730040
Dillon,MT,45.216310,-112.637520
East Helena,MT,46.589660,-111.915550
East Missoula,MT,46.870760,-113.944550
Ekalaka,MT,45.888890,-104.552730
Eureka,MT,48.879960,-115.053500
Evergreen,MT,48.225790,-114.276240
Forsyth,MT,46.266380,-106.677810
Fort Belknap Agency,MT,48.482500,-108.765440
Fort Benton,MT,47.818300,-110.667440
Four Corners,MT,45.660000,-111.185000
Frenchtown,MT,47.014920,-114.229840
Glasgow,MT,48.196960,-106.636710
Glendive,MT,47.105290,-104.712460
Great Falls,MT,47.500240,-111.300810
Hamilton,MT,46.246870,-114.160370
Hardin,MT,45.732480,-107.612030
Harlowton,MT,46.435510,-109.834350
Havre,MT,48.550000,-109.684090
Helena,MT,46.592710,-112.036110
Helena Valley Northeast,MT,46.698820,-111.952070
Helena Valley Northwest,MT,46.728940,-112.062750
Helena Valley Southeast,MT,46.615270,-111.921560
Helena Valley West Central,MT,46.662910,-112.060440
Helena West Side,MT,46.596720,-112.113040
Hysham,MT,46.292770,-107.234230
Jordan,MT,47.320830,-106.910070
Kalispell,MT,48.195790,-114.312910
Lakeside,MT,48.019390,-114.224570
Lame Deer,MT,45.623050,-106.666700
Laurel,MT,45.669120,-108.771530
Lewistown,MT,47.062470,-109.428240
Libby,MT,48.388290,-115.556000
Lincoln,MT,46.954940,-112.681710
Livingston,MT,45.662440,-110.561040
Lockwood,MT,45.819120,-108.414860
Lolo,MT,46.758810,-114.080940
Malmstrom Air Force Base,MT,47.505490,-111.183020
Malta,MT,48.359720,-107.874280
Manhattan,MT,45.856600,-111.332460
Miles City,MT,46.408340,-105.840560
Missoula,MT,46.872150,-113.994000
Montana City,MT,46.537710,-111.932770
North Browning,MT,48.570250,-113.009530
Orchard Homes,MT,46.863260,-114.048440
Pablo,MT,47.600210,-114.119000
Philipsburg,MT,46.332150,-113.294230
Plains,MT,47.460210,-114.882910
Plentywood,MT,48.774750,-104.562460
Polson,MT,47.693550,-114.163170
Red Lodge,MT,45.185780,-109.246820
Ronan,MT,47.528820,-114.101500
Roundup,MT,46.445240,-108.541800
Ryegate,MT,46.297180,-109.258790
Scobey,MT,48.792520,-105.420830
Seeley Lake,MT,47.179380,-113.484520
Shelby,MT,48.505260,-111.856970
Sidney,MT,47.716680,-104.156330
Somers,MT,48.080230,-114.221510
South Browning,MT,48.546080,-113.014250
Stanford,MT,47.153580,-110.218260
Stevensville,MT,46.509920,-114.093160
Sun Prairie,MT,47.536900,-111.481360
Superior,MT,47.191590,-114.891800
Terry,MT,46.793060,-105.312210
Thompson Falls,MT,47.594890,-115.338340
Three Forks,MT,45.892430,-111.552190
Townsend,MT,46.319100,-111.520800
Virginia City,MT,45.293810,-111.946090
Warm Springs,MT,46.181310,-112.784760
West Glendive,MT,47.110850,-104.749680
West Yellowstone,MT,44.662150,-111.104110
White Sulphur Springs,MT,46.548280,-110.902160
Whitefish,MT,48.411080,-114.337630
Whitehall,MT,45.870760,-112.097490
Wibaux,MT,46.985010,-104.188270
Winnett,MT,47.002760,-108.352070
Wolf Point,MT,48.090570,-105.640560
Aberdeen,NC,35.131550,-79.429480
Advance,NC,35.941250,-80.409220
Ahoskie,NC,36.286820,-76.984680
Albemarle,NC,35.350140,-80.200060
Andrews,NC,35.201750,-83.824070
Angier,NC,35.507100,-78.739180
Apex,NC,35.732650,-78.850290
Archdale,NC,35.914580,-79.971980
Archer Lodge,NC,35.694040,-78.375560
Asheboro,NC,35.707910,-79.813640
Asheville,NC,35.600950,-82.554020
Atlantic Beach,NC,34.699050,-76.740210
Avery Creek,NC,35.463450,-82.582620
Ayden,NC,35.472660,-77.415520
Badin,NC,35.405970,-80.116720
Bakersville,NC,36.015670,-82.158740
Balfour,NC,35.346510,-82.472060
Banner Elk,NC,36.163180,-81.871500
Barker Heights,NC,35.311230,-82.444010
Bayboro,NC,35.142940,-76.770210
Bayshore,NC,34.289610,-77.787480
Beaufort,NC,34.718400,-76.661610
Belhaven,NC,35.540170,-76.622990
Belmont,NC,35.242920,-81.037300
Belville,NC,34.230000,-77.989200
Benson,NC,35.382110,-78.548620
Bent Creek,NC,35.509000,-82.607900
Bermuda Run,NC,36.003750,-80.422000
Bessemer City,NC,35.284860,-81.283970
Bethel,NC,35.807100,-77.378860
Bethlehem,NC,35.825690,-81.307030
Beulaville,NC,34.923780,-77.773870
Biltmore Forest,NC,35.533720,-82.528460
Biscoe,NC,35.359860,-79.779760
Black Mountain,NC,35.617900,-82.321230
Bladenboro,NC,34.538780,-78.787520
Blowing Rock,NC,36.135130,-81.677610
Boiling Spring Lakes,NC,34.030450,-78.067210
Boiling Springs,NC,35.254290,-81.667040
Bolivia,NC,34.067670,-78.148330
Boone,NC,36.216790,-81.674550
Boonville,NC,36.232640,-80.708120
Brevard,NC,35.233450,-82.734290
Briar Chapel,NC,35.824170,-79.116940
Brices Creek,NC,35.055990,-77.087730
Broad Creek,NC,34.720720,-76.936330
Broadway,NC,35.457930,-79.053080
Brogden,NC,35.292660,-78.034430
Brunswick,NC,34.286840,-78.701130
Bryson City,NC,35.431270,-83.449440
Buies Creek,NC,35.413220,-78.735570
Burgaw,NC,34.552110,-77.926100
Burlington,NC,36.095690,-79.437800
Burnsville,NC,35.917340,-82.300960
Butner,NC,36.132090,-78.756670
Buxton,NC,35.267680,-75.542370
Cajahs Mountain,NC,35.834850,-81.541480
Calabash,NC,33.890730,-78.568340
Camden,NC,36.328490,-76.171880
Canton,NC,35.532880,-82.837360
Cape Carteret,NC,34.691550,-77.063000
Carolina Beach,NC,34.035170,-77.893600
Carolina Shores,NC,33.901010,-78.580570
Carrboro,NC,35.910140,-79.075290
Carthage,NC,35.345990,-79.416970
Cary,NC,35.791540,-78.781120
Castle Hayne,NC,34.355720,-77.899990
Cedar Point,NC,34.687660,-77.072450
Chadbourn,NC,34.322110,-78.826970
Chapel Hill,NC,35.913200,-79.055840
Charlotte,NC,35.227090,-80.843130
Cherokee,NC,35.474270,-83.314870
Cherryville,NC,35.378740,-81.378970
China Grove,NC,35.569310,-80.581730
Claremont,NC,35.714580,-81.146190
Clayton,NC,35.650710,-78.456390
Clemmons,NC,36.021530,-80.382000
Clinton,NC,34.997950,-78.323330
Clyde,NC,35.533440,-82.910690
Coats,NC,35.407940,-78.671960
Columbia,NC,35.917660,-76.252150
Columbus,NC,35.253170,-82.197060
Concord,NC,35.408880,-80.581580
Connelly Springs,NC,35.742910,-81.513430
Conover,NC,35.706520,-81.218690
Cordova,NC,34.912930,-79.822000
Cornelius,NC,35.486800,-80.860070
Cove Creek,NC,35.606490,-83.011250
Cramerton,NC,35.238750,-81.075080
Creedmoor,NC,36.122370,-78.686110
Cricket,NC,36.171520,-81.193980
Cullowhee,NC,35.313710,-83.176530
Currituck,NC,36.449880,-76.015480
Dallas,NC,35.316530,-81.176190
Dana,NC,35.329280,-82.375400
Danbury,NC,36.409300,-80.205880
Davidson,NC,35.502330,-80.839120
Denton,NC,35.633470,-80.115880
Denver,NC,35.531250,-81.029800
Dobson,NC,36.395690,-80.722570
Drexel,NC,35.757910,-81.604260
Dunn,NC,35.306270,-78.608900
Durham,NC,35.994030,-78.898620
East Flat Rock,NC,35.280120,-82.422060
East Rockingham,NC,34.918210,-79.762560
East Spencer,NC,35.681810,-80.432280
Eastover,NC,35.100000,-78.800000
Eden,NC,36.488470,-79.766700
Edenton,NC,36.057940,-76.607720
Edneyville,NC,35.394010,-82.340950
Elizabeth City,NC,36.294600,-76.251050
Elizabethtown,NC,34.629340,-78.605290
Elkin,NC,36.244300,-80.848400
Ellerbe,NC,35.071260,-79.761440
Elm City,NC,35.806550,-77.863320
Elon,NC,36.102910,-79.506690
Elroy,NC,35.342660,-77.908590
Emerald Isle,NC,34.677940,-76.950780
Enfield,NC,36.180990,-77.666640
Enochville,NC,35.529860,-80.668120
Erwin,NC,35.326830,-78.676130
Etowah,NC,35.317620,-82.594290
Fairfield Harbour,NC,35.076550,-76.963560
Fairmont,NC,34.496830,-79.114200
Fairplains,NC,36.198470,-81.152860
Fairview,NC,35.138480,-80.537570
Farmville,NC,35.595440,-77.585250
Fayetteville,NC,35.052660,-78.878360
Fearrington Village,NC,35.803760,-79.090290
Flat Rock,NC,35.271230,-82.441510
Fletcher,NC,35.430670,-82.501230
Forest City,NC,35.334010,-81.865100
Forest Oaks,NC,35.988190,-79.706140
Fort Bragg,NC,35.139000,-79.006030
Foscoe,NC,36.161790,-81.765660
Four Oaks,NC,35.444880,-78.426950
Franklin,NC,35.182320,-83.381540
Franklinton,NC,36.101820,-78.458050
Franklinville,NC,35.743750,-79.692250
Fremont,NC,35.545440,-77.974710
Fruitland,NC,35.396510,-82.393170
Fuquay-Varina,NC,35.584320,-78.800010
Gamewell,NC,35.869300,-81.596210
Garner,NC,35.711260,-78.614170
Gaston,NC,36.500430,-77.644980
Gastonia,NC,35.262080,-81.187300
Gatesville,NC,36.403490,-76.753010
Gibsonville,NC,36.105690,-79.542250
Glen Alpine,NC,35.729020,-81.779270
Glen Raven,NC,36.113190,-79.476410
Goldsboro,NC,35.384880,-77.992770
Gorman,NC,36.036530,-78.823340
Graham,NC,36.069030,-79.400580
Granite Falls,NC,35.796520,-81.430650
Granite Quarry,NC,35.612360,-80.446730
Green Level,NC,36.120970,-79.344190
Greensboro,NC,36.072640,-79.791980
Greenville,NC,35.612660,-77.366350
Grifton,NC,35.372660,-77.437460
Half Moon,NC,34.826000,-77.459410
Halifax,NC,36.328490,-77.589420
Hamlet,NC,34.884880,-79.694220
Hampstead,NC,34.367670,-77.710530
Harkers Island,NC,34.695160,-76.559370
Harrisburg,NC,35.323950,-80.657840
Havelock,NC,34.879050,-76.901330
Haw River,NC,36.091530,-79.364190
Hayesville,NC,35.046200,-83.817950
Hays,NC,36.249850,-81.115640
Hazelwood,NC,35.468710,-83.004030
Hemby Bridge,NC,35.103710,-80.627980
Henderson,NC,36.329590,-78.399160
Hendersonville,NC,35.318730,-82.460950
Hertford,NC,36.190160,-76.466050
Hickory,NC,35.733190,-81.341200
High Point,NC,35.955690,-80.005320
Hildebran,NC,35.714020,-81.422030
Hillsborough,NC,36.075420,-79.099730
Holly Ridge,NC,34.495440,-77.554970
Holly Springs,NC,35.651270,-78.833620
Hoopers Creek,NC,35.439000,-82.466790
Hope Mills,NC,34.970440,-78.945310
Horse Shoe,NC,35.343170,-82.556510
Hudson,NC,35.848460,-81.495930
Huntersville,NC,35.410690,-80.842850
Icard,NC,35.727350,-81.470650
Indian Trail,NC,35.076810,-80.669240
Jackson,NC,36.389600,-77.421360
Jacksonville,NC,34.754050,-77.430240
James City,NC,35.088770,-77.034950
Jamestown,NC,35.994300,-79.935310
Jefferson,NC,36.420400,-81.473440
Jonesville,NC,36.239300,-80.844520
Kannapolis,NC,35.487360,-80.621730
Kenansville,NC,34.962390,-77.962210
Kenly,NC,35.596270,-78.124160
Kernersville,NC,36.119860,-80.073650
Kill Devil Hills,NC,36.030720,-75.676010
King,NC,36.280690,-80.359220
Kings Grant,NC,34.262950,-77.863600
Kings Mountain,NC,35.245130,-81.341190
Kinston,NC,35.262660,-77.581640
Kitty Hawk,NC,36.064610,-75.705730
Knightdale,NC,35.787650,-78.480560
Kure Beach,NC,33.996840,-77.907210
La Grange,NC,35.306830,-77.788030
Lake Junaluska,NC,35.527880,-82.959580
Lake Lure,NC,35.427900,-82.204830
Lake Norman of Catawba,NC,35.586800,-80.959520
Lake Park,NC,35.086260,-80.635070
Lake Waccamaw,NC,34.319060,-78.500010
Landis,NC,35.545690,-80.610900
Laurel Hill,NC,34.809050,-79.547830
Laurel Park,NC,35.313730,-82.493450
Laurinburg,NC,34.774050,-79.462820
Leland,NC,34.256280,-78.044710
Lenoir,NC,35.914020,-81.538980
Lewisville,NC,36.097080,-80.419220
Lexington,NC,35.824030,-80.253380
Liberty,NC,35.853470,-79.571690
Lillington,NC,35.399330,-78.815850
Lincolnton,NC,35.473750,-81.254530
Locust,NC,35.259870,-80.425340
Long Beach,NC,33.910450,-78.117770
Longview,NC,35.729300,-81.383420
Louisburg,NC,36.099040,-78.301110
Lowell,NC,35.267920,-81.102850
Lowesville,NC,35.417080,-81.011190
Lucama,NC,35.645440,-78.009710
Lumberton,NC,34.618340,-79.010450
Madison,NC,36.385420,-79.959490
Maggie Valley,NC,35.518160,-83.097640
Maiden,NC,35.575690,-81.211750
Manteo,NC,35.908230,-75.675730
Mar-Mac,NC,35.334880,-78.055820
Marion,NC,35.684010,-82.009270
Mars Hill,NC,35.826500,-82.549300
Marshall,NC,35.797330,-82.684030
Marshville,NC,34.988490,-80.367010
Marvin,NC,34.991820,-80.814790
Masonboro,NC,34.179340,-77.847480
Matthews,NC,35.116810,-80.723680
Maury,NC,35.482110,-77.586080
Maxton,NC,34.735160,-79.348930
Mayodan,NC,36.412360,-79.966990
Maysville,NC,34.904880,-77.231340
McLeansville,NC,36.107360,-79.658640
Mebane,NC,36.095970,-79.266960
Midland,NC,35.227370,-80.500620
Midway,NC,35.953470,-80.218100
Millers Creek,NC,36.189300,-81.237590
Mills River,NC,35.388450,-82.566790
Mineral Springs,NC,34.937930,-80.668680
Mint Hill,NC,35.179590,-80.647290
Mocksville,NC,35.894030,-80.561450
Monroe,NC,34.985430,-80.549510
Mooresville,NC,35.584860,-80.810070
Moravian Falls,NC,36.096800,-81.182310
Morehead City,NC,34.722940,-76.726040
Morganton,NC,35.745410,-81.684820
Morrisville,NC,35.823480,-78.825560
Mount Airy,NC,36.499300,-80.607290
Mount Gilead,NC,35.214870,-80.002280
Mount Holly,NC,35.298190,-81.015910
Mount Olive,NC,35.196550,-78.066380
Mount Pleasant,NC,35.399310,-80.435900
Mountain Home,NC,35.369560,-82.492900
Mountain View,NC,35.683190,-81.368980
Moyock,NC,36.524600,-76.178270
Mulberry,NC,36.239580,-81.180640
Murfreesboro,NC,36.442380,-77.098580
Murphy,NC,35.087580,-84.034630
Murraysville,NC,34.295720,-77.847480
Myrtle Grove,NC,34.134620,-77.881650
Nags Head,NC,35.957390,-75.624060
Nashville,NC,35.974600,-77.965540
Navassa,NC,34.255450,-78.007490
Neuse Forest,NC,34.963770,-76.944670
New Bern,NC,35.108490,-77.044110
Newland,NC,36.087350,-81.927340
Newport,NC,34.786550,-76.859110
Newton,NC,35.669860,-81.221470
Norlina,NC,36.445700,-78.198330
North Wilkesboro,NC,36.158470,-81.147580
Northchase,NC,34.307820,-77.877490
Northlakes,NC,35.781800,-81.375090
Norwood,NC,35.219590,-80.118950
Oak Island,NC,33.916560,-78.161110
Oak Ridge,NC,36.173470,-79.988930
Oakboro,NC,35.225700,-80.328950
Ogden,NC,34.272390,-77.818590
Oxford,NC,36.310700,-78.590830
Pembroke,NC,34.680160,-79.195040
Pilot Mountain,NC,36.386530,-80.469500
Pine Knoll Shores,NC,34.697380,-76.813270
Pine Level,NC,35.513220,-78.244440
Pinebluff,NC,35.109880,-79.472260
Pinehurst,NC,35.195430,-79.469480
Pinetops,NC,35.788490,-77.637750
Pineville,NC,35.083200,-80.892300
Piney Green,NC,34.716000,-77.320240
Pittsboro,NC,35.720150,-79.177240
Plain View,NC,35.248500,-78.555290
Pleasant Garden,NC,35.962080,-79.762250
Pleasant Hill,NC,35.873470,-79.481690
Plymouth,NC,35.866830,-76.748560
Polkton,NC,35.007650,-80.200890
Pope Air Force Base (historical),NC,35.171280,-79.010420
Princeton,NC,35.465990,-78.160550
Princeville,NC,35.889600,-77.532190
Pumpkin Center,NC,34.791550,-77.372460
Raeford,NC,34.981000,-79.224200
Raleigh,NC,35.772100,-78.638610
Ramseur,NC,35.733470,-79.652530
Randleman,NC,35.817910,-79.803090
Ranlo,NC,35.286250,-81.130350
Red Oak,NC,36.038490,-77.906370
Red Springs,NC,34.815160,-79.183090
Reidsville,NC,36.354860,-79.664470
Rhodhiss,NC,35.774020,-81.431200
Richlands,NC,34.899330,-77.546630
River Bend,NC,35.069050,-77.146900
River Road,NC,35.506830,-76.990780
Roanoke Rapids,NC,36.461540,-77.654150
Robbins,NC,35.434030,-79.586970
Robbinsville,NC,35.322870,-83.807400
Robersonville,NC,35.825160,-77.249130
Rockfish,NC,34.992660,-79.066140
Rockingham,NC,34.939320,-79.773950
Rockwell,NC,35.551250,-80.406450
Rocky Mount,NC,35.938210,-77.790530
Rocky Point,NC,34.435170,-77.887760
Rolesville,NC,35.923210,-78.457500
Rose Hill,NC,34.828220,-78.023040
Roseboro,NC,34.952950,-78.508620
Rowland,NC,34.536550,-79.291430
Roxboro,NC,36.393750,-78.982790
Royal Pines,NC,35.475110,-82.515950
Rural Hall,NC,36.240420,-80.293380
Rutherford College,NC,35.748460,-81.522590
Rutherfordton,NC,35.369290,-81.956770
Saint James,NC,33.929340,-78.116380
Saint Pauls,NC,34.806550,-78.971140
Saint Stephens,NC,35.764580,-81.273140
Salem,NC,35.698740,-81.697040
Salisbury,NC,35.670970,-80.474230
Sanford,NC,35.479880,-79.180300
Sawmills,NC,35.824850,-81.474540
Saxapahaw,NC,35.947360,-79.321960
Scotland Neck,NC,36.129600,-77.420250
Scotts Mill,NC,35.726660,-78.883900
Sea Breeze,NC,34.063230,-77.891370
Seagate,NC,34.209340,-77.843590
Selma,NC,35.536550,-78.284440
Seven Lakes,NC,35.278490,-79.564480
Shallotte,NC,33.973230,-78.385840
Sharpsburg,NC,35.867100,-77.829150
Shelby,NC,35.292350,-81.535650
Sherrills Ford,NC,35.620410,-80.986470
Siler City,NC,35.723470,-79.462240
Silver Lake,NC,34.148780,-77.913600
Skippers Corner,NC,34.346000,-77.902490
Smithfield,NC,35.508490,-78.339450
Sneads Ferry,NC,34.552670,-77.397180
Snow Hill,NC,35.451550,-77.681090
South Gastonia,NC,35.219300,-81.205630
South Henderson,NC,36.308200,-78.406660
South Rosemary,NC,36.451540,-77.697200
Southern Pines,NC,35.174050,-79.392250
Southern Shores,NC,36.139050,-75.731570
Southmont,NC,35.667920,-80.267000
Southport,NC,33.918210,-78.019330
Sparta,NC,36.505410,-81.120920
Spencer,NC,35.692360,-80.434780
Spindale,NC,35.360120,-81.929270
Spring Hope,NC,35.945150,-78.111930
Spring Lake,NC,35.167940,-78.972810
Spruce Pine,NC,35.915400,-82.064560
Stallings,NC,35.090700,-80.686180
Stanfield,NC,35.233480,-80.427010
Stanley,NC,35.359030,-81.097020
Statesville,NC,35.782640,-80.887300
Stedman,NC,35.013500,-78.693910
Stokesdale,NC,36.237080,-79.979480
Stoneville,NC,36.466530,-79.906980
Stony Point,NC,35.863470,-81.047300
Summerfield,NC,36.208750,-79.904760
Sunset Beach,NC,33.880730,-78.512230
Surf City,NC,34.427110,-77.546080
Swannanoa,NC,35.597890,-82.399840
Swanquarter,NC,35.406280,-76.329090
Swansboro,NC,34.687660,-77.119120
Swepsonville,NC,36.021250,-79.361410
Sylva,NC,35.373710,-83.225980
Tabor City,NC,34.148780,-78.876690
Tarboro,NC,35.896820,-77.535800
Taylorsville,NC,35.921800,-81.176470
Thomasville,NC,35.882640,-80.081990
Thurmond,NC,36.366520,-80.928410
Toast,NC,36.500410,-80.626450
Tobaccoville,NC,36.238190,-80.371440
Trent Woods,NC,35.082100,-77.086340
Trenton,NC,35.067100,-77.352740
Trinity,NC,35.894580,-79.990870
Troutman,NC,35.700690,-80.888130
Troy,NC,35.358470,-79.894490
Tryon,NC,35.339860,-81.322030
Tyro,NC,35.809030,-80.372830
Unionville,NC,35.087370,-80.508960
Valdese,NC,35.740690,-81.563150
Valley Hill,NC,35.298450,-82.483180
Vander,NC,35.032110,-78.794740
Wadesboro,NC,34.968210,-80.076730
Wake Forest,NC,35.979870,-78.509720
Walkertown,NC,36.175410,-80.153100
Wallace,NC,34.735720,-77.995260
Wallburg,NC,36.010140,-80.139210
Walnut Cove,NC,36.295410,-80.141710
Wanchese,NC,35.842670,-75.638510
Warrenton,NC,36.398480,-78.155270
Warsaw,NC,34.999330,-78.091100
Washington,NC,35.546550,-77.052170
Waxhaw,NC,34.924590,-80.743400
Waynesville,NC,35.488710,-82.988750
Weaverville,NC,35.697050,-82.560690
Weddington,NC,35.022370,-80.760900
Welcome,NC,35.902920,-80.256990
Weldon,NC,36.427100,-77.595530
Wendell,NC,35.780990,-78.369720
Wentworth,NC,36.400140,-79.774480
Wesley Chapel,NC,35.007090,-80.674510
West Canton,NC,35.537880,-82.858190
West Jefferson,NC,36.403740,-81.492880
West Marion,NC,35.657900,-82.025390
West Raleigh,NC,35.786820,-78.663890
Westport,NC,35.501250,-80.978690
Whispering Pines,NC,35.255710,-79.372250
White Plains,NC,36.445690,-80.633400
Whiteville,NC,34.338780,-78.703070
Wilkesboro,NC,36.145960,-81.160640
Williamston,NC,35.854600,-77.055510
Wilmington,NC,34.235560,-77.946040
Wilson,NC,35.721270,-77.915540
Wilsons Mills,NC,35.584050,-78.355830
Windsor,NC,35.998490,-76.946060
Wingate,NC,34.984320,-80.449230
Winston-Salem,NC,36.099860,-80.244220
Winterville,NC,35.529050,-77.401080
Winton,NC,36.395710,-76.931900
Woodfin,NC,35.633440,-82.582070
Wrightsboro,NC,34.288500,-77.921100
Wrightsville Beach,NC,34.208500,-77.796370
Yadkinville,NC,36.134580,-80.659510
Yanceyville,NC,36.404030,-79.336130
Youngsville,NC,36.024870,-78.474440
Zebulon,NC,35.824320,-78.314720
Amidon,ND,46.482230,-103.321850
Ashley,ND,46.034140,-99.371500
Beach,ND,46.918070,-104.004370
Belcourt,ND,48.839170,-99.744870
Belfield,ND,46.885290,-103.199620
Beulah,ND,47.263340,-101.777950
Bismarck,ND,46.808330,-100.783740
Bottineau,ND,48.827230,-100.445700
Bowbells,ND,48.803080,-102.246000
Bowman,ND,46.183060,-103.394910
Burlington,ND,48.275290,-101.428780
Cando,ND,48.486670,-99.209860
Carrington,ND,47.449720,-99.126220
Carson,ND,46.417780,-101.564870
Casselton,ND,46.900530,-97.211200
Cavalier,ND,48.793880,-97.622310
Center,ND,47.116380,-101.299590
Cooperstown,ND,47.444440,-98.123980
Crosby,ND,48.914200,-103.294910
Devils Lake,ND,48.112780,-98.865120
Dickinson,ND,46.879180,-102.789620
Ellendale,ND,46.002750,-98.527050
Fargo,ND,46.877190,-96.789800
Fessenden,ND,47.649170,-99.629290
Finley,ND,47.514160,-97.835930
Forman,ND,46.107740,-97.636490
Fort Totten,ND,47.980000,-98.992900
Fort Yates,ND,46.086940,-100.630130
Garrison,ND,47.652220,-101.415720
Grafton,ND,48.412210,-97.410630
Grand Forks,ND,47.925260,-97.032850
Grand Forks Air Force Base,ND,47.954930,-97.386640
Harvey,ND,47.769720,-99.935400
Hazen,ND,47.294450,-101.622660
Hettinger,ND,46.001390,-102.636820
Hillsboro,ND,47.403870,-97.062030
Horace,ND,46.758860,-96.903700
Jamestown,ND,46.910540,-98.708440
Kenmare,ND,48.674750,-102.082660
Killdeer,ND,47.371960,-102.754080
Lakota,ND,48.042780,-98.336210
Langdon,ND,48.760000,-98.368170
Larimore,ND,47.906660,-97.626750
Lincoln,ND,46.762490,-100.700400
Linton,ND,46.266660,-100.232890
Lisbon,ND,46.441630,-97.681210
Mandan,ND,46.826660,-100.889580
Manning,ND,47.230010,-102.770190
Mayville,ND,47.498040,-97.324540
McClusky,ND,47.485830,-100.443180
Medora,ND,46.913900,-103.524350
Minnewaukan,ND,48.071390,-99.252360
Minot,ND,48.232510,-101.296270
Minot Air Force Base,ND,48.420870,-101.339140
Mohall,ND,48.763360,-101.513220
Mott,ND,46.372500,-102.327110
Napoleon,ND,46.508310,-99.771220
New Rockford,ND,47.680000,-99.137900
New Town,ND,47.980850,-102.490180
Oakes,ND,46.138580,-98.090380
Park River,ND,48.398600,-97.741200
Parshall,ND,47.953350,-102.134890
Rolla,ND,48.857780,-99.617920
Rugby,ND,48.368890,-99.996250
Sheldon,ND,46.585800,-97.491200
Shell Valley,ND,48.798060,-99.864860
Stanley,ND,48.317240,-102.390450
Stanton,ND,47.321110,-101.381550
Steele,ND,46.854710,-99.915940
Surrey,ND,48.236400,-101.133490
Thompson,ND,47.773590,-97.109800
Tioga,ND,48.397240,-102.938240
Towner,ND,48.345830,-100.405410
Valley City,ND,46.923310,-98.003150
Velva,ND,48.056120,-100.929320
Wahpeton,ND,46.265240,-96.605910
Washburn,ND,47.289160,-101.029030
Watford City,ND,47.802240,-103.283250
West Fargo,ND,46.874970,-96.900360
Williston,ND,48.146970,-103.617970
Ainsworth,NE,42.550000,-99.862620
Albion,NE,41.690840,-98.003670
Alliance,NE,42.101630,-102.872150
Alma,NE,40.097510,-99.362040
Arapahoe,NE,40.304170,-99.900400
Arlington,NE,41.452500,-96.351130
Arthur,NE,41.571650,-101.691560
Ashland,NE,41.039160,-96.368350
Atkinson,NE,42.531390,-98.978150
Auburn,NE,40.392780,-95.838890
Aurora,NE,40.867230,-98.004220
Bartlett,NE,41.885290,-98.552300
Bassett,NE,42.585830,-99.537890
Battle Creek,NE,41.999450,-97.598390
Bayard,NE,41.754970,-103.324100
Beatrice,NE,40.268060,-96.746970
Beaver City,NE,40.137510,-99.829560
Bellevue,NE,41.136670,-95.890840
Benkelman,NE,40.049160,-101.532940
Bennington,NE,41.364720,-96.157800
Blair,NE,41.544440,-96.125020
Brewster,NE,41.938890,-99.864850
Bridgeport,NE,41.665250,-103.099100
Broken Bow,NE,41.401950,-99.639280
Burwell,NE,41.781670,-99.133150
Butte,NE,42.911390,-98.849260
Cambridge,NE,40.281950,-100.165690
Center,NE,42.609450,-97.876730
Central City,NE,41.115850,-98.001720
Chadron,NE,42.829420,-102.999910
Chalco,NE,41.183890,-96.150300
Chappell,NE,41.092770,-102.470740
Clay Center,NE,40.521680,-98.055330
Columbus,NE,41.429730,-97.368380
Cozad,NE,40.859730,-99.987340
Creighton,NE,42.466670,-97.906180
Crete,NE,40.627780,-96.961420
Dakota City,NE,42.415550,-96.418360
David City,NE,41.252790,-97.130040
Eagle,NE,40.816670,-96.430290
Elkhorn,NE,41.345000,-96.256000
Elwood,NE,40.590280,-99.860950
Fairbury,NE,40.137220,-97.180590
Falls City,NE,40.060840,-95.601930
Franklin,NE,40.096120,-98.952580
Fremont,NE,41.433330,-96.498080
Friend,NE,40.653620,-97.286160
Fullerton,NE,41.363350,-97.969230
Geneva,NE,40.526950,-97.595880
Gering,NE,41.825800,-103.660500
Gibbon,NE,40.748350,-98.844800
Gordon,NE,42.804720,-102.203220
Gothenburg,NE,40.929450,-100.160680
Grand Island,NE,40.925010,-98.342010
Grant,NE,40.841940,-101.725170
Greeley,NE,41.548620,-98.531180
Gretna,NE,41.140830,-96.239740
Harrisburg,NE,41.556360,-103.738560
Harrison,NE,42.687190,-103.882710
Hartington,NE,42.622500,-97.264500
Hastings,NE,40.586120,-98.388390
Hayes Center,NE,40.510840,-101.019600
Hebron,NE,40.166390,-97.585880
Hickman,NE,40.620000,-96.629180
Hillsborough,NE,41.300370,-96.128760
Holdrege,NE,40.440290,-99.369820
Hyannis,NE,42.000540,-101.761840
Imperial,NE,40.516940,-101.643230
Kearney,NE,40.699460,-99.081480
Kimball,NE,41.235810,-103.663000
La Vista,NE,41.183890,-96.031130
Lexington,NE,40.780840,-99.741500
Lincoln,NE,40.800000,-96.666960
Louisville,NE,40.997780,-96.162240
Loup City,NE,41.275570,-98.966750
Macy,NE,42.113050,-96.356420
Madison,NE,41.828340,-97.455050
McCook,NE,40.201950,-100.625710
Milford,NE,40.774450,-97.050590
Minden,NE,40.498630,-98.947860
Mitchell,NE,41.940240,-103.808560
Mullen,NE,42.042780,-101.042660
Nebraska City,NE,40.676670,-95.859170
Neligh,NE,42.128620,-98.029790
Nelson,NE,40.201680,-98.067820
Norfolk,NE,42.028340,-97.417000
North Bend,NE,41.461950,-96.779750
North Platte,NE,41.123890,-100.765420
O'Neill,NE,42.457780,-98.647590
Oakland,NE,41.835830,-96.466970
Offutt Air Force Base,NE,41.120240,-95.920950
Ogallala,NE,41.128050,-101.719620
Omaha,NE,41.256260,-95.940430
Ord,NE,41.603340,-98.926200
Osceola,NE,41.179740,-97.547550
Oshkosh,NE,41.404980,-102.344360
Papillion,NE,41.154440,-96.042240
Pawnee City,NE,40.108330,-96.154450
Pender,NE,42.114160,-96.707260
Pierce,NE,42.199170,-97.526720
Plainview,NE,42.349730,-97.792010
Plattsmouth,NE,41.011390,-95.882230
Ponca,NE,42.562500,-96.705590
Ralston,NE,41.205280,-96.042520
Ravenna,NE,41.026120,-98.912580
Red Cloud,NE,40.088900,-98.519500
Rushville,NE,42.718320,-102.464060
Saint Paul,NE,41.214730,-98.458120
Schuyler,NE,41.447230,-97.059480
Scottsbluff,NE,41.866630,-103.667170
Seward,NE,40.906950,-97.098920
Shelton,NE,40.779180,-98.730910
Sidney,NE,41.142760,-102.977980
South Sioux City,NE,42.473880,-96.413640
Springfield,NE,41.081940,-96.134460
Springview,NE,42.824440,-99.749010
Stanton,NE,41.950280,-97.223930
Stapleton,NE,41.480280,-100.512920
Stockville,NE,40.532790,-100.383480
Stromsburg,NE,41.114180,-97.598940
Superior,NE,40.020850,-98.070040
Sutherland,NE,41.156940,-101.126270
Sutton,NE,40.605570,-97.859210
Syracuse,NE,40.657220,-96.186400
Taylor,NE,41.770280,-99.378720
Tecumseh,NE,40.366670,-96.196120
Tekamah,NE,41.778320,-96.221130
Terrytown,NE,41.847470,-103.661610
Thedford,NE,41.978330,-100.576250
Trenton,NE,40.175550,-101.012940
Tryon,NE,41.552770,-100.957650
Valentine,NE,42.872780,-100.550970
Valley,NE,41.312780,-96.346140
Wahoo,NE,41.211390,-96.620300
Wakefield,NE,42.269170,-96.865040
Waterloo,NE,41.286940,-96.285580
Waverly,NE,40.917500,-96.528340
Wayne,NE,42.230560,-97.017820
Weeping Water,NE,40.870000,-96.140570
West Point,NE,41.841670,-96.708640
Wilber,NE,40.481390,-96.960580
Wisner,NE,41.987220,-96.914210
Wood River,NE,40.820570,-98.600070
Wymore,NE,40.122220,-96.662520
York,NE,40.868070,-97.592000
Yutan,NE,41.245000,-96.397250
Alexandria,NH,43.611460,-71.792860
Allenstown,NH,43.156730,-71.404780
Alstead,NH,43.148970,-72.360640
Andover,NH,43.437020,-71.823410
Antrim,NH,43.030910,-71.938970
Ashland,NH,43.695350,-71.630630
Atkinson,NH,42.838420,-71.147000
Auburn,NH,43.004530,-71.348400
Barnstead,NH,43.333970,-71.292840
Barrington,NH,43.222860,-71.047010
Bedford,NH,42.946470,-71.515900
Belmont,NH,43.445360,-71.477850
Berlin,NH,44.468670,-71.185080
Boscawen,NH,43.315080,-71.620910
Bow Bog,NH,43.120640,-71.511460
Brentwood,NH,42.978700,-71.072840
Bridgewater,NH,43.638410,-71.736470
Bristol,NH,43.591190,-71.736750
Brookline,NH,42.734810,-71.658130
Candia,NH,43.077860,-71.276730
Canterbury,NH,43.337020,-71.565350
Center Harbor,NH,43.709800,-71.460350
Charlestown,NH,43.238690,-72.424530
Chester,NH,42.956750,-71.257280
Chesterfield,NH,42.887300,-72.470370
Chichester,NH,43.249250,-71.399790
Claremont,NH,43.376740,-72.346760
Colebrook,NH,44.894490,-71.495920
Concord,NH,43.208140,-71.537570
Contoocook,NH,43.222020,-71.713970
Conway,NH,43.979240,-71.120350
Danbury,NH,43.525630,-71.861750
Danville,NH,42.912590,-71.124500
Deerfield,NH,44.230620,-71.617030
Deering,NH,43.073140,-71.844520
Derry,NH,42.880640,-71.327290
Derry Village,NH,42.891750,-71.312010
Dover,NH,43.197860,-70.873670
Dublin,NH,42.907580,-72.062580
Durham,NH,43.133970,-70.926450
East Concord,NH,43.242020,-71.538130
East Kingston,NH,42.925640,-71.016720
East Merrimack,NH,42.868140,-71.483400
Effingham,NH,43.761190,-70.996450
Enfield,NH,43.640630,-72.143980
Epping,NH,43.033420,-71.074230
Epsom,NH,43.222860,-71.332010
Exeter,NH,42.981480,-70.947830
Farmington,NH,43.389800,-71.065060
Fitzwilliam,NH,42.780640,-72.141750
Francestown,NH,42.987580,-71.812580
Franklin,NH,43.444240,-71.647300
Freedom,NH,43.812300,-71.035620
Fremont,NH,42.990920,-71.142560
Gilford,NH,43.547580,-71.406740
Gilmanton,NH,43.424250,-71.414520
Goffstown,NH,43.020360,-71.600350
Gorham,NH,44.387840,-71.173130
Grafton,NH,43.558680,-71.943970
Grantham,NH,43.489520,-72.137590
Greenfield,NH,42.950640,-71.872300
Greenland,NH,43.036200,-70.832830
Greenville,NH,42.767310,-71.812300
Groveton,NH,44.598670,-71.511200
Hampstead,NH,42.874530,-71.181170
Hampton,NH,42.937590,-70.838940
Hampton Beach,NH,42.907310,-70.812000
Hampton Falls,NH,42.916200,-70.863660
Hanover,NH,43.702290,-72.289540
Harrisville,NH,42.945080,-72.096470
Haverhill,NH,44.034510,-72.063980
Henniker,NH,43.179800,-71.822300
Hill,NH,43.524240,-71.700910
Hillsborough,NH,43.114100,-71.899200
Hinsdale,NH,42.786190,-72.486480
Holderness,NH,43.732020,-71.588410
Hollis,NH,42.743140,-71.591740
Hooksett,NH,43.096750,-71.465070
Hopkinton,NH,43.191470,-71.675350
Hudson,NH,42.764810,-71.439790
Jaffrey,NH,42.813970,-72.023140
Jefferson,NH,44.418950,-71.474530
Keene,NH,42.933690,-72.278140
Kensington,NH,42.927030,-70.943940
Kingston,NH,42.936480,-71.053390
Laconia,NH,43.527850,-71.470350
Lancaster,NH,44.488950,-71.569250
Lebanon,NH,43.642290,-72.251760
Lee,NH,43.123140,-71.011450
Lempster,NH,43.238410,-72.210640
Litchfield,NH,42.844250,-71.479790
Littleton,NH,44.306170,-71.770090
Londonderry,NH,42.865090,-71.373950
Lyme,NH,43.809510,-72.155920
Lyndeborough,NH,42.907580,-71.766460
Madbury,NH,43.169250,-70.923950
Madison,NH,43.899240,-71.148400
Manchester,NH,42.995640,-71.454790
Marlborough,NH,42.904250,-72.207860
Mason,NH,42.743700,-71.768960
Meredith,NH,43.657570,-71.500350
Merrimack,NH,42.865090,-71.493400
Milan,NH,44.573390,-71.185080
Milford,NH,42.835360,-71.648960
Mont Vernon,NH,42.894530,-71.674240
Moultonborough,NH,43.754800,-71.396740
Nashua,NH,42.765370,-71.467570
New Boston,NH,42.976190,-71.693960
New Castle,NH,43.072290,-70.717180
New Durham,NH,43.436750,-71.172290
New Ipswich,NH,42.748140,-71.854240
New London,NH,43.413960,-71.985080
Newbury,NH,43.321460,-72.035920
Newmarket,NH,43.082860,-70.935060
Newport,NH,43.365350,-72.173420
Newton,NH,42.869530,-71.034500
North Conway,NH,44.053680,-71.128400
North Hampton,NH,42.972590,-70.829780
North Haverhill,NH,44.090340,-72.026480
Northfield,NH,43.433130,-71.592300
Northumberland,NH,44.563390,-71.558700
Northwood,NH,43.194250,-71.150900
Nottingham,NH,43.114530,-71.099780
Orford,NH,43.905350,-72.140090
Ossipee,NH,43.685360,-71.116730
Pelham,NH,42.734530,-71.324510
Pembroke,NH,43.146750,-71.457570
Peterborough,NH,42.870640,-71.951750
Pinardville,NH,42.994250,-71.507290
Pittsfield,NH,43.305910,-71.324230
Plaistow,NH,42.836480,-71.094780
Plymouth,NH,43.757020,-71.688130
Portsmouth,NH,43.077040,-70.757660
Raymond,NH,43.036200,-71.183400
Richmond,NH,42.754810,-72.271750
Rindge,NH,42.751200,-72.009800
Rochester,NH,43.304530,-70.975620
Rollinsford,NH,43.236200,-70.820340
Rumney,NH,43.805350,-71.812580
Rye,NH,43.013420,-70.770890
Salem,NH,42.788420,-71.200890
Salisbury,NH,43.380080,-71.717020
Sanbornton,NH,43.489240,-71.582300
Sanbornville,NH,43.554250,-71.030900
Sandown,NH,42.928700,-71.187010
Sandwich,NH,43.790350,-71.411180
Seabrook,NH,42.894810,-70.871160
Somersworth,NH,43.261750,-70.865340
South Hooksett,NH,43.026470,-71.435340
Springfield,NH,43.495070,-72.033420
Strafford,NH,43.327030,-71.184230
Stratford,NH,44.655050,-71.555640
Stratham Station,NH,43.052870,-70.895330
Sunapee,NH,43.387570,-72.087860
Suncook,NH,43.130640,-71.453120
Sutton,NH,43.334240,-71.951470
Swanzey,NH,42.869800,-72.281750
Tamworth,NH,43.859800,-71.263130
Temple,NH,42.818140,-71.851470
Thornton,NH,43.892850,-71.675910
Tilton,NH,43.442300,-71.588960
Tilton-Northfield,NH,43.443000,-71.593640
Troy,NH,42.823970,-72.181190
Tuftonboro,NH,43.696470,-71.222010
Unity,NH,43.293960,-72.260370
Wakefield,NH,43.568130,-71.030070
Weare,NH,43.094800,-71.730630
Webster,NH,43.328970,-71.717860
West Swanzey,NH,42.870080,-72.321750
Westmoreland,NH,42.962030,-72.442310
Whitefield,NH,44.373120,-71.610080
Wilmot,NH,43.451740,-71.913690
Wilton,NH,42.843420,-71.735070
Winchester,NH,42.773420,-72.383140
Windham,NH,42.800640,-71.304230
Wolfeboro,NH,43.583970,-71.207290
Woodstock,NH,43.977570,-71.685080
Woodsville,NH,44.152290,-72.037310
Absecon,NJ,39.428450,-74.495710
Allendale,NJ,41.041490,-74.129030
Allentown,NJ,40.177890,-74.583490
Alloway,NJ,39.560950,-75.362420
Alpha,NJ,40.667040,-75.157400
Alpine,NJ,40.955930,-73.931250
Annandale,NJ,40.640930,-74.881280
Asbury Park,NJ,40.220390,-74.012080
Ashland,NJ,39.863170,-75.006000
Atco,NJ,39.769840,-74.887390
Atlantic City,NJ,39.364150,-74.423060
Atlantic Highlands,NJ,40.407890,-74.034310
Audubon,NJ,39.890950,-75.072950
Audubon Park,NJ,39.896500,-75.087670
Avalon,NJ,39.101220,-74.717660
Avenel,NJ,40.580380,-74.285150
Avon-by-the-Sea,NJ,40.192340,-74.015970
Barnegat,NJ,39.753180,-74.222920
Barrington,NJ,39.864840,-75.055170
Basking Ridge,NJ,40.706210,-74.549320
Bayonne,NJ,40.668710,-74.114310
Bayville,NJ,39.909290,-74.154860
Beach Haven,NJ,39.559280,-74.243200
Beach Haven West,NJ,39.669840,-74.231810
Beachwood,NJ,39.939010,-74.192920
Beattystown,NJ,40.813150,-74.842940
Beckett,NJ,39.754000,-75.357410
Bedminster,NJ,40.680660,-74.645440
Belford,NJ,40.425940,-74.086810
Belleville,NJ,40.793710,-74.150140
Bellmawr,NJ,39.867610,-75.094620
Belmar,NJ,40.178450,-74.021800
Belvidere,NJ,40.829820,-75.077670
Bergenfield,NJ,40.927600,-73.997360
Berkeley Heights,NJ,40.683430,-74.442650
Berlin,NJ,39.791230,-74.929050
Bernardsville,NJ,40.718710,-74.569320
Beverly,NJ,40.065390,-74.919060
Blackwood,NJ,39.802340,-75.064060
Bloomfield,NJ,40.806770,-74.185420
Bloomingdale,NJ,41.002040,-74.326540
Bogota,NJ,40.876210,-74.029860
Boonton,NJ,40.902600,-74.407100
Bordentown,NJ,40.146220,-74.711830
Bound Brook,NJ,40.568440,-74.538490
Bradley Beach,NJ,40.202340,-74.012080
Bradley Gardens,NJ,40.562880,-74.654600
Brass Castle,NJ,40.764820,-75.011010
Brick,NJ,40.059280,-74.137080
Bridgeton,NJ,39.427340,-75.234080
Bridgewater,NJ,40.600790,-74.648150
Brielle,NJ,40.107890,-74.056530
Brigantine,NJ,39.410120,-74.364590
Brookdale,NJ,40.833710,-74.182920
Brooklawn,NJ,39.878170,-75.120730
Browns Mills,NJ,39.972610,-74.582930
Brownville,NJ,40.400660,-74.295150
Budd Lake,NJ,40.871210,-74.734050
Buena,NJ,39.513730,-74.924620
Burlington,NJ,40.071220,-74.864890
Butler,NJ,41.003710,-74.341540
Caldwell,NJ,40.839820,-74.276540
Califon,NJ,40.719540,-74.835720
Camden,NJ,39.925950,-75.119620
Cape May,NJ,38.935110,-74.906010
Cape May Court House,NJ,39.082610,-74.823780
Carlstadt,NJ,40.840380,-74.090700
Carneys Point,NJ,39.711220,-75.470200
Carteret,NJ,40.577330,-74.228200
Cedar Glen Lakes,NJ,39.952340,-74.399870
Cedar Glen West,NJ,40.042060,-74.292650
Cedar Grove,NJ,40.851770,-74.229030
Cedar Knolls,NJ,40.822040,-74.448760
Chatham,NJ,40.740930,-74.383760
Cherry Hill,NJ,39.934840,-75.030730
Cherry Hill Mall,NJ,39.935950,-75.009060
Chesilhurst,NJ,39.732340,-74.881000
Chester,NJ,40.784270,-74.696830
Cinnaminson,NJ,39.996780,-74.992670
Clark,NJ,40.630000,-74.310000
Clayton,NJ,39.660110,-75.092120
Clearbrook Park,NJ,40.309830,-74.464600
Clementon,NJ,39.811500,-74.982940
Cliffside Park,NJ,40.821490,-73.987640
Cliffwood Beach,NJ,40.442050,-74.216810
Clifton,NJ,40.858430,-74.163760
Clinton,NJ,40.636770,-74.909890
Closter,NJ,40.973150,-73.961530
Collings Lakes,NJ,39.595670,-74.881560
Collingswood,NJ,39.918170,-75.071280
Colonia,NJ,40.574550,-74.302090
Colts Neck,NJ,40.287610,-74.172370
Columbus,NJ,40.072610,-74.720720
Concordia,NJ,40.310940,-74.448210
Country Lake Estates,NJ,39.942620,-74.544040
Cranbury,NJ,40.316220,-74.513760
Crandon Lakes,NJ,41.124260,-74.839890
Cranford,NJ,40.658440,-74.299590
Cresskill,NJ,40.941490,-73.959300
Crestwood Village,NJ,39.948170,-74.360700
Dayton,NJ,40.372610,-74.510150
Delanco,NJ,40.050670,-74.953500
Demarest,NJ,40.957320,-73.963470
Denville,NJ,40.892320,-74.477380
Dover,NJ,40.883990,-74.562100
Dover Beaches North,NJ,39.991230,-74.063750
Dover Beaches South,NJ,39.955670,-74.074300
Dumont,NJ,40.940650,-73.996810
Dunellen,NJ,40.589270,-74.471820
East Brunswick,NJ,40.427880,-74.415980
East Franklin,NJ,40.493300,-74.471100
East Freehold,NJ,40.280940,-74.251260
East Hanover,NJ,40.820100,-74.364870
East Newark,NJ,40.748430,-74.161810
East Orange,NJ,40.767320,-74.204870
East Rutherford,NJ,40.833990,-74.097090
Eatontown,NJ,40.296220,-74.050970
Echelon,NJ,39.848450,-74.995720
Edgewater,NJ,40.827040,-73.975690
Edgewater Park,NJ,40.068170,-74.900720
Edison,NJ,40.518720,-74.412100
Egg Harbor City,NJ,39.528730,-74.647940
Elizabeth,NJ,40.663990,-74.210700
Ellisburg,NJ,39.913720,-75.010450
Elmer,NJ,39.595110,-75.170180
Elmwood Park,NJ,40.903990,-74.118480
Elwood,NJ,39.576510,-74.716830
Emerson,NJ,40.976210,-74.026250
Englewood,NJ,40.892880,-73.972640
Englewood Cliffs,NJ,40.885380,-73.952360
Englishtown,NJ,40.297330,-74.358200
Erma,NJ,38.987760,-74.901700
Essex Fells,NJ,40.824540,-74.284590
Estell Manor,NJ,39.412060,-74.742390
Ewing,NJ,40.269830,-74.799880
Fair Haven,NJ,40.360670,-74.038190
Fair Lawn,NJ,40.940380,-74.131810
Fairfield,NJ,40.883710,-74.305980
Fairton,NJ,39.381780,-75.219910
Fairview,NJ,40.812600,-73.999030
Fanwood,NJ,40.640940,-74.383480
Farmingdale,NJ,40.196500,-74.168480
Finderne,NJ,40.563160,-74.577660
Flemington,NJ,40.512330,-74.859330
Florence,NJ,39.734280,-74.918220
Florham Park,NJ,40.787880,-74.388210
Folsom,NJ,39.602060,-74.842670
Fords,NJ,40.529270,-74.315980
Forked River,NJ,39.839840,-74.190140
Fort Dix,NJ,40.029840,-74.618490
Fort Lee,NJ,40.850930,-73.970140
Franklin,NJ,41.122040,-74.580440
Franklin Center,NJ,40.531530,-74.541410
Franklin Lakes,NJ,41.016760,-74.205700
Franklin Park,NJ,40.438990,-74.535150
Freehold,NJ,40.260110,-74.273760
Frenchtown,NJ,40.526210,-75.061560
Garfield,NJ,40.881490,-74.113200
Garwood,NJ,40.651770,-74.322930
Gibbsboro,NJ,39.838170,-74.964890
Gibbstown,NJ,39.825110,-75.283520
Gladstone,NJ,40.722600,-74.665440
Glassboro,NJ,39.702890,-75.111840
Glen Gardner,NJ,40.696770,-74.940720
Glen Ridge,NJ,40.805380,-74.203760
Glen Rock,NJ,40.962880,-74.132920
Glendora,NJ,39.839560,-75.073510
Gloucester City,NJ,39.892810,-75.120410
Golden Triangle,NJ,39.927890,-75.038780
Green Knoll,NJ,40.600100,-74.612100
Greentree,NJ,39.897060,-74.955720
Groveville,NJ,40.169830,-74.671550
Guttenberg,NJ,40.792050,-74.003750
Hackensack,NJ,40.885930,-74.043470
Hackettstown,NJ,40.853990,-74.829060
Haddon Heights,NJ,39.877340,-75.064620
Haddonfield,NJ,39.891500,-75.037670
Haledon,NJ,40.935650,-74.186260
Hamburg,NJ,41.153430,-74.576270
Hamilton Square,NJ,40.227330,-74.653210
Hammonton,NJ,39.636510,-74.802390
Hampton,NJ,40.707040,-74.956000
Hanover,NJ,40.804540,-74.366820
Hardwick,NJ,41.054540,-74.932120
Harrington Park,NJ,40.983710,-73.979860
Harrison,NJ,40.746490,-74.156260
Hasbrouck Heights,NJ,40.858160,-74.080700
Haskell,NJ,41.028430,-74.295980
Haworth,NJ,40.960930,-73.990140
Hawthorne,NJ,40.949260,-74.153750
Heathcote,NJ,40.388720,-74.575710
Helmetta,NJ,40.376770,-74.424600
High Bridge,NJ,40.667050,-74.895720
Highland Lake,NJ,41.176760,-74.456550
Highland Park,NJ,40.495940,-74.424320
Highlands,NJ,40.403720,-73.991530
Hightstown,NJ,40.269550,-74.523210
Hillsborough,NJ,40.477600,-74.626820
Hillsdale,NJ,41.002600,-74.040420
Hillside,NJ,40.701210,-74.230150
Ho-Ho-Kus,NJ,40.996490,-74.101250
Hoboken,NJ,40.743990,-74.032360
Holiday City South,NJ,39.953240,-74.237780
Holiday City-Berkeley,NJ,39.963800,-74.278030
Holiday Heights,NJ,39.945950,-74.254030
Hopatcong,NJ,40.932880,-74.659330
Hopatcong Hills,NJ,40.943990,-74.670720
Hopewell,NJ,40.389270,-74.761830
Irvington,NJ,40.732320,-74.234870
Iselin,NJ,40.575380,-74.322370
Island Heights,NJ,39.942060,-74.149860
Jackson,NJ,39.776500,-74.862380
Jamesburg,NJ,40.352610,-74.440150
Jersey City,NJ,40.728160,-74.077640
Keansburg,NJ,40.441770,-74.129860
Kearny,NJ,40.768430,-74.145420
Kendall Park,NJ,40.420940,-74.560710
Kenilworth,NJ,40.676490,-74.290700
Kenvil,NJ,40.879820,-74.618490
Keyport,NJ,40.433160,-74.199590
Kingston,NJ,40.375380,-74.613490
Kingston Estates,NJ,39.923720,-74.987950
Kinnelon,NJ,41.001760,-74.367100
Lake Como,NJ,40.159840,-74.028190
Lake Hiawatha,NJ,40.882600,-74.381540
Lake Hopatcong,NJ,40.948430,-74.617100
Lake Mohawk,NJ,41.018430,-74.660160
Lake Telemark,NJ,40.956770,-74.497930
Lakehurst,NJ,40.014560,-74.311260
Lakewood,NJ,40.097890,-74.217640
Lambertville,NJ,40.365940,-74.942940
Landing,NJ,40.905100,-74.665160
Laurel Lake,NJ,39.339560,-75.029900
Laurel Springs,NJ,39.820110,-75.006280
Laurence Harbor,NJ,40.456770,-74.246530
Lavallette,NJ,39.970400,-74.068750
Lawnside,NJ,39.866500,-75.028230
Lawrenceville,NJ,40.297330,-74.729600
Lebanon,NJ,40.641770,-74.836000
Leisure Knoll,NJ,40.019010,-74.292090
Leisure Village,NJ,40.042620,-74.184860
Leisure Village East,NJ,40.030120,-74.164310
Leisure Village West-Pine Lake Park,NJ,40.004160,-74.266290
Leisuretowne,NJ,39.892340,-74.702100
Leonardo,NJ,40.417330,-74.062080
Leonia,NJ,40.861490,-73.988190
Lincoln Park,NJ,40.924270,-74.302090
Lincroft,NJ,40.330670,-74.120970
Linden,NJ,40.622050,-74.244590
Lindenwold,NJ,39.824280,-74.997670
Linwood,NJ,39.339840,-74.575160
Little Falls,NJ,40.868990,-74.208200
Little Ferry,NJ,40.852880,-74.042080
Little Silver,NJ,40.336780,-74.047080
Livingston,NJ,40.795930,-74.314870
Lodi,NJ,40.882320,-74.083200
Long Branch,NJ,40.304280,-73.992360
Long Valley,NJ,40.785930,-74.780160
Lumberton,NJ,39.965950,-74.805160
Lyndhurst,NJ,40.812040,-74.124310
Madison,NJ,40.759820,-74.417100
Madison Park,NJ,40.451500,-74.307920
Magnolia,NJ,39.949840,-74.660710
Mahwah,NJ,41.088710,-74.143760
Manahawkin,NJ,39.695400,-74.258750
Manasquan,NJ,40.126230,-74.049300
Manville,NJ,40.540940,-74.587660
Maple Shade,NJ,39.952610,-74.992390
Maplewood,NJ,40.731210,-74.273480
Margate City,NJ,39.327890,-74.503490
Marlboro,NJ,40.315390,-74.246260
Marlton,NJ,39.891220,-74.921830
Martinsville,NJ,40.601210,-74.559050
Matawan,NJ,40.414830,-74.229590
Mays Landing,NJ,39.452340,-74.727660
Maywood,NJ,40.902600,-74.061810
McGuire AFB,NJ,40.039770,-74.581740
Medford Lakes,NJ,39.858450,-74.802940
Mendham,NJ,40.775930,-74.600710
Mercerville,NJ,40.237050,-74.686550
Mercerville-Hamilton Square,NJ,40.231260,-74.672230
Merchantville,NJ,39.947340,-75.066560
Metuchen,NJ,40.543160,-74.363200
Middlebush,NJ,40.497600,-74.529320
Middlesex,NJ,40.572600,-74.492650
Middletown,NJ,40.394280,-74.117090
Midland Park,NJ,40.989260,-74.140700
Milford,NJ,40.568710,-75.094620
Millburn,NJ,40.724820,-74.304040
Milltown,NJ,40.456220,-74.443210
Millville,NJ,39.402060,-75.039340
Monmouth Beach,NJ,40.330390,-73.981530
Monmouth Junction,NJ,40.379000,-74.546540
Montclair,NJ,40.825930,-74.209030
Montvale,NJ,41.046760,-74.022920
Moonachie,NJ,40.841210,-74.045140
Moorestown-Lenola,NJ,39.965910,-74.964410
Morganville,NJ,40.376500,-74.244310
Morris Plains,NJ,40.821770,-74.480990
Morristown,NJ,40.796770,-74.481540
Mount Arlington,NJ,40.925930,-74.634880
Mount Ephraim,NJ,39.878450,-75.092670
Mount Holly,NJ,39.992890,-74.787660
Mount Laurel,NJ,39.934000,-74.891000
Mountain Lakes,NJ,40.894820,-74.432930
Mountainside,NJ,40.672320,-74.357370
Mullica Hill,NJ,39.739280,-75.224070
Mystic Island,NJ,39.544280,-74.382370
National Park,NJ,39.865950,-75.178790
Navesink,NJ,40.399550,-74.035420
Neptune City,NJ,40.200110,-74.027920
Netcong,NJ,40.898990,-74.706550
New Brunswick,NJ,40.486220,-74.451820
New Egypt,NJ,40.067610,-74.530710
New Milford,NJ,40.935100,-74.019030
New Providence,NJ,40.698430,-74.401540
Newark,NJ,40.735660,-74.172370
Newfield,NJ,39.546880,-75.026360
Newton,NJ,41.058150,-74.752670
North Arlington,NJ,40.788430,-74.133200
North Beach Haven,NJ,39.573170,-74.231530
North Bergen,NJ,40.804270,-74.012080
North Brunswick,NJ,40.454000,-74.482000
North Caldwell,NJ,40.864820,-74.258200
North Cape May,NJ,38.982060,-74.957950
North Haledon,NJ,40.955100,-74.185980
North Middletown,NJ,40.439550,-74.119030
North Plainfield,NJ,40.630100,-74.427370
North Wildwood,NJ,39.000670,-74.799330
Northfield,NJ,39.370390,-74.550150
Northvale,NJ,41.006490,-73.949030
Norwood,NJ,40.998150,-73.961800
Nutley,NJ,40.822320,-74.159870
Oak Valley,NJ,39.801220,-75.162400
Oakhurst,NJ,40.270940,-74.016250
Oakland,NJ,41.013150,-74.264310
Oaklyn,NJ,39.900950,-75.084620
Ocean Acres,NJ,39.743450,-74.280980
Ocean City,NJ,39.277620,-74.574600
Ocean Gate,NJ,39.926790,-74.133750
Ocean Grove,NJ,40.212060,-74.006530
Oceanport,NJ,40.318170,-74.015140
Ogdensburg,NJ,41.081760,-74.592380
Old Bridge,NJ,40.414830,-74.365430
Old Tappan,NJ,41.010650,-73.991250
Olivet,NJ,39.548170,-75.154630
Oradell,NJ,40.958710,-74.036810
Orange,NJ,40.770660,-74.232650
Oxford,NJ,40.803150,-74.989620
Palisades Park,NJ,40.848160,-73.997640
Palmyra,NJ,40.007060,-75.028230
Paramus,NJ,40.944540,-74.075420
Park Ridge,NJ,41.037600,-74.040700
Parsippany,NJ,40.857880,-74.425990
Passaic,NJ,40.856770,-74.128480
Paterson,NJ,40.916770,-74.171810
Paulsboro,NJ,39.830390,-75.240460
Peapack,NJ,40.716770,-74.656550
Pemberton,NJ,39.972060,-74.682940
Pemberton Heights,NJ,39.962610,-74.678770
Pennington,NJ,40.328440,-74.790720
Penns Grove,NJ,39.729560,-75.467970
Pennsauken,NJ,39.956220,-75.057950
Pennsville,NJ,39.653450,-75.516590
Perth Amboy,NJ,40.506770,-74.265420
Phillipsburg,NJ,40.693710,-75.190180
Pine Beach,NJ,39.935950,-74.170970
Pine Hill,NJ,39.784280,-74.992110
Pine Lake Park,NJ,40.003170,-74.256530
Pine Ridge at Crestwood,NJ,39.954560,-74.315150
Piscataway,NJ,40.499270,-74.399040
Pitman,NJ,39.732890,-75.131570
Plainfield,NJ,40.633710,-74.407370
Plainsboro Center,NJ,40.331770,-74.594600
Pleasantville,NJ,39.389840,-74.524040
Point Pleasant,NJ,40.083170,-74.068190
Point Pleasant Beach,NJ,40.091230,-74.047910
Pomona,NJ,39.478450,-74.575160
Pompton Lakes,NJ,41.005380,-74.290700
Port Monmouth,NJ,40.430110,-74.098470
Port Norris,NJ,39.245950,-75.035180
Port Reading,NJ,40.565380,-74.260420
Port Republic,NJ,39.520670,-74.485710
Presidential Lakes Estates,NJ,39.913730,-74.564600
Princeton,NJ,40.348720,-74.659050
Princeton Junction,NJ,40.317330,-74.619880
Princeton Meadows,NJ,40.331770,-74.563770
Prospect Park,NJ,40.937040,-74.174310
Rahway,NJ,40.608160,-74.277650
Ramblewood,NJ,39.928720,-74.943780
Ramsey,NJ,41.057320,-74.140980
Ramtown,NJ,40.120950,-74.143750
Randolph,NJ,40.848290,-74.581480
Raritan,NJ,40.569550,-74.632940
Red Bank,NJ,40.347050,-74.064310
Richwood,NJ,39.722610,-75.165460
Ridgefield,NJ,40.834270,-74.008750
Ridgefield Park,NJ,40.857040,-74.021530
Ridgewood,NJ,40.979260,-74.116530
Ringwood,NJ,41.113430,-74.245430
Rio Grande,NJ,39.014560,-74.881560
River Edge,NJ,40.928710,-74.039860
River Vale,NJ,40.995380,-74.012080
Riverdale,NJ,40.993990,-74.303480
Riverton,NJ,40.011500,-75.014890
Robbinsville,NJ,40.214550,-74.619320
Robertsville,NJ,40.346220,-74.287920
Rochelle Park,NJ,40.907320,-74.075140
Rockaway,NJ,40.901210,-74.514320
Roebling,NJ,40.115940,-74.786270
Roseland,NJ,40.820660,-74.293760
Roselle,NJ,40.652230,-74.258820
Roselle Park,NJ,40.664550,-74.264310
Rosenhayn,NJ,39.478170,-75.131290
Rossmoor,NJ,40.336500,-74.473490
Rumson,NJ,40.372050,-73.999030
Runnemede,NJ,39.852340,-75.067950
Rutherford,NJ,40.826490,-74.106810
Saddle Brook,NJ,40.898990,-74.092640
Saddle River,NJ,41.031760,-74.102090
Salem,NJ,39.571780,-75.467140
Sayreville,NJ,40.459270,-74.360980
Sayreville Junction,NJ,40.465380,-74.330430
Scotch Plains,NJ,40.655380,-74.389870
Sea Bright,NJ,40.361500,-73.974030
Sea Girt,NJ,40.132060,-74.034580
Sea Isle City,NJ,39.153450,-74.692940
Seabrook Farms,NJ,39.500950,-75.217960
Seaside Heights,NJ,39.944290,-74.072910
Seaside Park,NJ,39.926790,-74.077080
Secaucus,NJ,40.789550,-74.056530
Sewaren,NJ,40.552050,-74.258760
Sewell,NJ,39.766500,-75.144340
Shark River Hills,NJ,40.194000,-74.048750
Ship Bottom,NJ,39.642900,-74.180420
Short Hills,NJ,40.747880,-74.325430
Shrewsbury,NJ,40.329550,-74.061530
Sicklerville,NJ,39.717340,-74.969330
Silver Ridge,NJ,39.963000,-74.238000
Singac,NJ,40.886770,-74.240980
Sixmile Run,NJ,40.457610,-74.511540
Smithville,NJ,39.494010,-74.457090
Society Hill,NJ,40.533990,-74.457930
Somerdale,NJ,39.844000,-75.022670
Somers Point,NJ,39.317620,-74.594600
Somerset,NJ,40.497600,-74.488490
Somerville,NJ,40.574270,-74.609880
South Amboy,NJ,40.477880,-74.290700
South Belmar,NJ,40.170950,-74.027360
South Bound Brook,NJ,40.553440,-74.531540
South Hackensack,NJ,40.862600,-74.047920
South Old Bridge,NJ,40.408160,-74.354320
South Orange,NJ,40.748990,-74.261260
South Plainfield,NJ,40.579270,-74.411540
South River,NJ,40.446490,-74.385980
South Toms River,NJ,39.942060,-74.204310
South Vineland,NJ,39.445950,-75.028790
Sparta,NJ,41.033430,-74.638490
Spotswood,NJ,40.391770,-74.398480
Spring Lake,NJ,40.153450,-74.028190
Spring Lake Heights,NJ,40.152000,-74.039000
Springdale,NJ,39.881000,-74.970000
Springfield,NJ,40.704910,-74.317230
Stanhope,NJ,40.902880,-74.709050
Stratford,NJ,39.826780,-75.015450
Strathmore,NJ,40.395940,-74.213480
Succasunna,NJ,40.868430,-74.640440
Summit,NJ,40.715620,-74.364680
Surf City,NJ,39.662060,-74.165140
Sussex,NJ,41.209820,-74.607660
Swedesboro,NJ,39.747610,-75.310470
Teaneck,NJ,40.897600,-74.015970
Ten Mile Run,NJ,40.413010,-74.602230
Tenafly,NJ,40.925380,-73.962920
Tinton Falls,NJ,40.304280,-74.100420
Toms River,NJ,39.953730,-74.197920
Totowa,NJ,40.905100,-74.209870
Trenton,NJ,40.217050,-74.742940
Tuckerton,NJ,39.603170,-74.340150
Turnersville,NJ,39.773170,-75.051280
Twin Rivers,NJ,40.264000,-74.491260
Union,NJ,40.697600,-74.263200
Union Beach,NJ,40.446500,-74.178200
Union City,NJ,40.779550,-74.023750
Upper Montclair,NJ,40.846210,-74.201260
Upper Pohatcong,NJ,40.677470,-75.155800
Upper Saddle River,NJ,41.058430,-74.098480
Ventnor City,NJ,39.340390,-74.477370
Vernon Center,NJ,41.188790,-74.504050
Vernon Valley,NJ,41.236760,-74.487100
Verona,NJ,40.829820,-74.240150
Victory Gardens,NJ,40.875930,-74.542380
Victory Lakes,NJ,39.633170,-74.966000
Villas,NJ,39.028720,-74.938510
Vincentown,NJ,39.934000,-74.748490
Vineland,NJ,39.486230,-75.025730
Vista Center,NJ,40.159280,-74.317920
Voorhees,NJ,40.479500,-74.490620
Waldwick,NJ,41.010650,-74.117920
Wallington,NJ,40.853160,-74.113750
Wanamassa,NJ,40.231780,-74.025420
Wanaque,NJ,41.038150,-74.294040
Waretown,NJ,39.791510,-74.195140
Warren Township,NJ,40.608220,-74.518030
Washington,NJ,40.758430,-74.979340
Watchung,NJ,40.637880,-74.450990
Wayne,NJ,40.925380,-74.276540
Weehawken,NJ,40.769550,-74.020420
Wenonah,NJ,39.794560,-75.148790
West Belmar,NJ,40.169280,-74.035420
West Caldwell,NJ,40.848520,-74.296950
West Cape May,NJ,38.938720,-74.941840
West Freehold,NJ,40.242060,-74.301260
West Long Branch,NJ,40.290390,-74.017640
West Milford,NJ,41.131210,-74.367370
West New York,NJ,40.787880,-74.014310
West Orange,NJ,40.798710,-74.239040
Westfield,NJ,40.658990,-74.347370
Weston,NJ,40.522000,-74.578000
Westville,NJ,40.844540,-74.299590
Westwood,NJ,40.991210,-74.032640
Wharton,NJ,40.893150,-74.581830
Whippany,NJ,40.824540,-74.417100
White Horse,NJ,40.190670,-74.702380
White Meadow Lake,NJ,40.923710,-74.510710
Whitehouse Station,NJ,40.615380,-74.770440
Whitesboro,NJ,39.039000,-74.856840
Whitesboro-Burleigh,NJ,39.043050,-74.865380
Whittingham,NJ,40.329820,-74.445110
Wildwood,NJ,38.991780,-74.814890
Wildwood Crest,NJ,38.974840,-74.833500
Williamstown,NJ,39.686230,-74.995170
Willingboro,NJ,40.027890,-74.869050
Winfield,NJ,40.642600,-74.285430
Wood-Lynne,NJ,39.917340,-75.096290
Wood-Ridge,NJ,40.845660,-74.087920
Woodbine,NJ,39.241780,-74.815170
Woodbridge,NJ,40.557600,-74.284590
Woodbury,NJ,39.838170,-75.152680
Woodbury Heights,NJ,39.817060,-75.155180
Woodcliff Lake,NJ,41.023430,-74.066530
Woodland Park,NJ,40.889820,-74.194870
Woodstown,NJ,39.651500,-75.328250
Wyckoff,NJ,41.009540,-74.172920
Yardville,NJ,40.181220,-74.664320
Yorketown,NJ,40.307890,-74.337650
Agua Fria,NM,35.654480,-106.022240
Alamo,NM,34.420890,-107.510880
Alamogordo,NM,32.899530,-105.960270
Albuquerque,NM,35.084490,-106.651140
Angel Fire,NM,36.393090,-105.285010
Anthony,NM,32.003990,-106.605830
Arenas Valley,NM,32.793960,-108.184210
Arroyo Seco,NM,36.516690,-105.569180
Artesia,NM,32.842330,-104.403300
Atoka,NM,32.769560,-104.388850
Aztec,NM,36.822230,-107.992850
Bayard,NM,32.761740,-108.130600
Belen,NM,34.662840,-106.776420
Berino,NM,32.070930,-106.621380
Bernalillo,NM,35.300040,-106.551140
Black Rock,NM,35.088370,-108.791190
Bloomfield,NM,36.711120,-107.984510
Boles Acres,NM,32.807030,-105.986100
Bosque Farms,NM,34.854780,-106.705300
Cannon Air Force Base,NM,34.396890,-103.324440
Capitan,NM,33.545360,-105.572200
Carlsbad,NM,32.420670,-104.228840
Carnuel,NM,35.063940,-106.457250
Carrizozo,NM,33.641740,-105.877210
Chama,NM,36.903070,-106.579480
Chaparral,NM,32.023760,-106.385660
Chimayo,NM,36.003910,-105.946970
Church Rock,NM,35.533910,-108.599800
Clayton,NM,36.451690,-103.184100
Clovis,NM,34.404800,-103.205230
Columbus,NM,31.827600,-107.640020
Corrales,NM,35.237820,-106.606690
Crownpoint,NM,35.678080,-108.151180
Deming,NM,32.268700,-107.758640
Dexter,NM,33.197330,-104.373020
Doña Ana,NM,32.389540,-106.813900
Dulce,NM,36.933620,-106.998930
Edgewood,NM,35.061440,-106.191410
El Cerro,NM,34.774000,-106.704000
El Cerro Mission,NM,34.762270,-106.644500
El Rancho,NM,35.889190,-106.079750
El Valle de Arroyo Seco,NM,35.962800,-106.029470
Eldorado at Santa Fe,NM,35.526420,-105.934740
Elephant Butte,NM,33.148680,-107.184750
Enchanted Hills,NM,35.336760,-106.592960
Española,NM,35.991130,-106.080580
Estancia,NM,34.758390,-106.055850
Eunice,NM,32.437340,-103.159080
Farmington,NM,36.728060,-108.218690
Flora Vista,NM,36.794450,-108.080350
Fort Sumner,NM,34.471730,-104.245530
Gallup,NM,35.528080,-108.742580
Grants,NM,35.147600,-107.852610
Hagerman,NM,33.115110,-104.326910
Hatch,NM,32.665360,-107.153070
Hobbs,NM,32.702610,-103.136040
Holloman Air Force Base,NM,32.848270,-106.099770
Hurley,NM,32.699240,-108.131990
Jal,NM,32.113180,-103.193510
Jarales,NM,34.613120,-106.763640
Jemez Pueblo,NM,35.614220,-106.728320
Keeler Farm,NM,32.316070,-107.760230
Kirtland,NM,36.734170,-108.359800
La Cienega,NM,35.562810,-106.130860
La Huerta,NM,32.442900,-104.221060
La Luz,NM,32.977870,-105.941930
La Mesilla,NM,35.948360,-106.070580
La Puebla,NM,35.989190,-105.996410
La Union,NM,31.950660,-106.661660
Laguna,NM,35.036710,-107.382820
Las Cruces,NM,32.312320,-106.778340
Las Maravillas,NM,34.738150,-106.668540
Las Vegas,NM,35.593930,-105.223900
Lee Acres,NM,35.148660,-106.646970
Lordsburg,NM,32.350360,-108.708660
Los Alamos,NM,35.888080,-106.306970
Los Chavez,NM,34.725710,-106.757260
Los Lunas,NM,34.806170,-106.733360
Los Ranchos de Albuquerque,NM,35.161990,-106.642800
Loving,NM,32.286230,-104.095770
Lovington,NM,32.944010,-103.348550
McIntosh,NM,34.864780,-106.051690
Meadow Lake,NM,34.801440,-106.543630
Mescalero,NM,33.157590,-105.774150
Mesilla,NM,32.270090,-106.800840
Mesquite,NM,32.164540,-106.696660
Milan,NM,35.169760,-107.890890
Monterey Park,NM,34.758980,-106.640850
Mora,NM,35.974200,-105.330010
Moriarty,NM,34.990050,-106.049190
Mosquero,NM,35.776980,-103.956640
Nambe,NM,35.893360,-105.982520
Navajo,NM,36.946120,-107.063090
North Valley,NM,35.173380,-106.623360
Ohkay Owingeh,NM,36.050820,-106.068970
Paradise Hills,NM,35.200600,-106.701140
Pecos,NM,35.574200,-105.675020
Peralta,NM,34.837000,-106.690580
Placitas,NM,35.306980,-106.424750
Pojoaque,NM,35.892800,-106.023080
Ponderosa Pine,NM,34.976990,-106.324190
Portales,NM,34.186190,-103.334400
Questa,NM,36.703910,-105.595010
Radium Springs,NM,32.501200,-106.928070
Ranchos de Taos,NM,36.358640,-105.609460
Raton,NM,36.903360,-104.439150
Reserve,NM,33.713110,-108.757840
Rio Communities,NM,34.649590,-106.734030
Rio Rancho,NM,35.233380,-106.664470
Roswell,NM,33.394370,-104.524910
Ruidoso,NM,33.331750,-105.673040
Ruidoso Downs,NM,33.328970,-105.604430
San Felipe Pueblo,NM,35.433920,-106.446690
San Miguel,NM,32.155380,-106.735000
San Ysidro,NM,32.350930,-106.811120
Sandia Heights,NM,35.176990,-106.491410
Sandia Knolls,NM,35.163930,-106.311410
Santa Clara,NM,32.779520,-108.150320
Santa Clara Pueblo,NM,35.965580,-106.088630
Santa Fe,NM,35.686980,-105.937800
Santa Rosa,NM,34.938670,-104.682490
Santa Teresa,NM,31.855940,-106.639160
Santo Domingo Pueblo,NM,35.514760,-106.365860
Shiprock,NM,36.785550,-108.687030
Silver City,NM,32.770070,-108.280330
Skyline-Ganipa,NM,35.032790,-107.613960
Socorro,NM,34.058400,-106.891420
South Valley,NM,35.010050,-106.678080
Spencerville,NM,36.820000,-108.058130
Sunland Park,NM,31.796500,-106.579990
Taos,NM,36.407250,-105.573070
Taos Pueblo,NM,36.438640,-105.544450
Texico,NM,34.388690,-103.051340
Thoreau,NM,35.402530,-108.223400
Tierra Amarilla,NM,36.700290,-106.549760
Tome,NM,34.740890,-106.728360
Truth or Consequences,NM,33.128400,-107.252810
Tucumcari,NM,35.171910,-103.726860
Tularosa,NM,33.073970,-106.018600
Twin Lakes,NM,35.709190,-108.774810
University Park,NM,32.283430,-106.753340
Upper Fruitland,NM,36.715840,-108.314240
Vado,NM,32.111760,-106.662500
Valencia,NM,34.799500,-106.700300
Waterflow,NM,36.759720,-108.481750
West Hammond,NM,36.680710,-108.049210
White Rock,NM,35.827530,-106.203910
White Sands,NM,32.380930,-106.479440
Zuni Pueblo,NM,35.072530,-108.850640
Alamo,NV,37.364960,-115.164460
Battle Mountain,NV,40.642130,-116.934270
Beatty,NV,36.908560,-116.759230
Boulder City,NV,35.978590,-114.832490
Bunkerville,NV,36.773030,-114.128020
Caliente,NV,37.614960,-114.511940
Carlin,NV,40.713810,-116.103970
Carson City,NV,39.163800,-119.767400
Cold Springs,NV,39.680190,-119.976590
Dayton,NV,39.237140,-119.592950
East Valley,NV,38.943400,-119.699230
Elko,NV,40.832420,-115.763120
Ely,NV,39.247440,-114.888630
Enterprise,NV,36.025250,-115.241940
Eureka,NV,39.512710,-115.960610
Fallon,NV,39.473530,-118.777370
Fernley,NV,39.607970,-119.251830
Gardnerville,NV,38.941300,-119.749620
Gardnerville Ranchos,NV,38.888240,-119.741290
Golden Valley,NV,39.615470,-119.826580
Goldfield,NV,37.708540,-117.235630
Hawthorne,NV,38.524640,-118.624580
Henderson,NV,36.039700,-114.981940
Incline Village,NV,39.251300,-119.972970
Indian Hills,NV,39.086020,-119.784070
Jackpot,NV,41.983240,-114.674760
Johnson Lane,NV,39.047960,-119.722120
Kingsbury,NV,38.977130,-119.906850
Las Vegas,NV,36.174970,-115.137220
Laughlin,NV,35.167780,-114.573020
Lemmon Valley,NV,39.636020,-119.843250
Lovelock,NV,40.179350,-118.473480
McGill,NV,39.404940,-114.778630
Mesquite,NV,36.805530,-114.067190
Minden,NV,38.954070,-119.765730
Moapa Town,NV,36.682190,-114.594160
Moapa Valley,NV,36.580530,-114.470260
Mogul,NV,39.513800,-119.926030
Nellis Air Force Base,NV,36.246070,-115.057210
North Las Vegas,NV,36.198860,-115.117500
Pahrump,NV,36.208290,-115.983910
Paradise,NV,36.097190,-115.146660
Pioche,NV,37.929690,-114.452210
Reno,NV,39.529630,-119.813800
Sandy Valley,NV,35.816920,-115.632230
Silver Springs,NV,39.415470,-119.224610
Smith,NV,38.800470,-119.327380
Smith Valley,NV,38.784210,-119.344250
Spanish Springs,NV,39.649080,-119.707410
Sparks,NV,39.534910,-119.752690
Spring Creek,NV,40.726590,-115.585900
Spring Valley,NV,36.108030,-115.245000
Stagecoach,NV,39.373800,-119.374060
Summerlin South,NV,36.117080,-115.330010
Sun Valley,NV,39.596300,-119.776020
Sunrise Manor,NV,36.211080,-115.073060
Tonopah,NV,38.067160,-117.230080
Topaz Ranch Estates,NV,38.735650,-119.500790
Verdi,NV,39.518240,-119.988810
Virginia City,NV,39.309630,-119.649620
Wells,NV,41.111590,-114.964490
West Wendover,NV,40.739100,-114.073350
Whitney,NV,36.098310,-115.036300
Winchester,NV,36.129970,-115.118890
Winnemucca,NV,40.972960,-117.735680
Yerington,NV,38.985750,-119.162930
Adams,NY,43.809230,-76.024090
Adams Center,NY,43.860060,-76.005480
Addison,NY,42.102850,-77.233590
Airmont,NY,41.100930,-74.116250
Akron,NY,43.020890,-78.495300
Alabama,NY,43.096450,-78.390860
Albany,NY,42.652580,-73.756230
Albertson,NY,40.773430,-73.643180
Albion,NY,43.246450,-78.193630
Alden,NY,42.900060,-78.491970
Alexandria Bay,NY,44.335880,-75.917730
Alfred,NY,42.254240,-77.790550
Allegany,NY,42.090060,-78.494190
Altamont,NY,42.700630,-74.033740
Amagansett,NY,40.973710,-72.143690
Amherst,NY,42.978390,-78.799760
Amityville,NY,40.678990,-73.417070
Amsterdam,NY,42.938690,-74.188190
Andover,NY,42.156460,-77.795550
Angola,NY,42.638390,-79.027820
Angola on the Lake,NY,42.654780,-79.048930
Apalachin,NY,42.069520,-76.154650
Aquebogue,NY,40.944540,-72.627040
Arcade,NY,42.533950,-78.423070
Ardsley,NY,41.010650,-73.843750
Arlington,NY,41.695930,-73.896800
Armonk,NY,41.126480,-73.714020
Arrochar,NY,40.598440,-74.072640
Arverne,NY,40.591220,-73.795970
Astoria,NY,40.772050,-73.930140
Athens,NY,42.260360,-73.809570
Atlantic Beach,NY,40.588990,-73.729020
Attica,NY,42.864230,-78.280290
Auburn,NY,42.931730,-76.566050
Augusta,NY,42.974790,-75.501290
Averill Park,NY,42.633970,-73.553730
Avon,NY,42.912010,-77.745560
Babylon,NY,40.695660,-73.325680
Bainbridge,NY,42.293410,-75.479350
Baiting Hollow,NY,40.956210,-72.744270
Baldwin,NY,40.656490,-73.609300
Baldwin Harbor,NY,40.639550,-73.608460
Baldwinsville,NY,43.158680,-76.332710
Ballston Lake,NY,42.911740,-73.868180
Ballston Spa,NY,43.000910,-73.849010
Balmville,NY,41.534820,-74.014860
Bardonia,NY,41.109540,-73.996250
Barnum Island,NY,40.604550,-73.644020
Barryville,NY,41.477590,-74.911000
Batavia,NY,42.998120,-78.187520
Bath,NY,42.337020,-77.317760
Bath Beach,NY,40.604550,-74.004310
Battery Park City,NY,40.711490,-74.016250
Baxter Estates,NY,40.834820,-73.695410
Bay Park,NY,40.633160,-73.670410
Bay Shore,NY,40.725100,-73.245390
Bay Wood,NY,40.750100,-73.291230
Baychester,NY,40.869280,-73.836450
Bayport,NY,40.738430,-73.050670
Bayside,NY,40.768440,-73.777080
Bayville,NY,40.910650,-73.562070
Beacon,NY,41.504820,-73.969580
Beaver Dam Lake,NY,41.447430,-74.114630
Beaverdam Lake-Salisbury Mills,NY,41.441620,-74.116290
Bedford,NY,41.204260,-73.643740
Bedford Hills,NY,41.236760,-73.694580
Bellaire,NY,40.713990,-73.754020
Belle Harbor,NY,40.575940,-73.848190
Bellerose,NY,40.724270,-73.715130
Bellerose Terrace,NY,40.720660,-73.725960
Bellmore,NY,40.668710,-73.527070
Bellport,NY,40.757040,-72.939270
Belmont,NY,42.223120,-78.034450
Bensonhurst,NY,40.601770,-73.994030
Bergen,NY,43.085340,-77.942230
Bergen Beach,NY,40.620380,-73.906800
Berne,NY,42.625350,-74.133460
Bernhards Bay,NY,43.244510,-75.933530
Bethpage,NY,40.744270,-73.482070
Big Flats,NY,42.137300,-76.936910
Big Flats Airport,NY,42.169300,-76.889770
Billington Heights,NY,42.784230,-78.626420
Binghamton,NY,42.098690,-75.917970
Black River,NY,44.012560,-75.794370
Blasdell,NY,42.797280,-78.823370
Blauvelt,NY,41.063430,-73.957640
Bloomfield,NY,40.612600,-74.178200
Blossvale,NY,43.279790,-75.643520
Blue Point,NY,40.743990,-73.034550
Bohemia,NY,40.769260,-73.115110
Bolivar,NY,43.071180,-75.888800
Boonville,NY,43.483680,-75.336560
Borough Park,NY,40.633990,-73.996810
Boston,NY,42.628950,-78.737530
Braman Corners,NY,42.808690,-74.218740
Branchport,NY,42.598680,-77.153860
Brentwood,NY,40.781210,-73.246230
Brewerton,NY,43.238120,-76.140760
Brewster,NY,41.397320,-73.617070
Brewster Hill,NY,41.423980,-73.604290
Briarcliff Manor,NY,41.145650,-73.823750
Briarwood,NY,40.709350,-73.815290
Bridgehampton,NY,40.937880,-72.300920
Bridgeport,NY,43.155350,-75.969360
Brighton,NY,43.147560,-77.550550
Brighton Beach,NY,40.577880,-73.959580
Brightwaters,NY,40.720930,-73.267340
Brinckerhoff,NY,41.543980,-73.868190
Broad Channel,NY,40.603160,-73.820410
Broadalbin,NY,43.058680,-74.196520
Brockport,NY,43.213670,-77.939180
Brocton,NY,42.388670,-79.441160
Bronxville,NY,40.938150,-73.832080
Brookhaven,NY,40.779270,-72.915380
Brooklyn,NY,40.650100,-73.949580
Brooklyn Heights,NY,40.695380,-73.993750
Brookville,NY,40.813160,-73.567350
Brownsville,NY,40.660940,-73.920140
Brownville,NY,44.007000,-75.984090
Buchanan,NY,41.262040,-73.938190
Buffalo,NY,42.886450,-78.878370
Bushwick,NY,40.694270,-73.918750
Byron,NY,43.079780,-78.063900
Cairo,NY,42.298970,-73.998470
Calcium,NY,44.021730,-75.846040
Caledonia,NY,42.973120,-77.852780
Calverton,NY,40.906490,-72.743430
Cambria Heights,NY,40.694550,-73.738470
Cambridge,NY,43.028130,-73.381220
Camden,NY,43.334510,-75.747960
Camillus,NY,43.039230,-76.304100
Canajoharie,NY,42.905630,-74.571810
Canandaigua,NY,42.874230,-77.288040
Canarsie,NY,40.643720,-73.900690
Canastota,NY,43.079510,-75.750740
Canisteo,NY,42.270350,-77.605820
Canton,NY,44.595620,-75.169090
Carle Place,NY,40.752600,-73.610410
Carmel,NY,41.430090,-73.680130
Carmel Hamlet,NY,41.414850,-73.685240
Carthage,NY,43.978120,-75.609360
Cassville,NY,42.945900,-75.254330
Castleton-on-Hudson,NY,42.518410,-73.751230
Catskill,NY,42.217310,-73.864570
Cayuga Heights,NY,42.460100,-76.487760
Cazenovia,NY,42.930070,-75.852690
Cedarhurst,NY,40.622880,-73.724300
Celoron,NY,42.109500,-79.283100
Center Moriches,NY,40.800380,-72.789820
Centereach,NY,40.858430,-73.099550
Centerport,NY,40.885380,-73.376230
Central Islip,NY,40.790650,-73.201780
Central Square,NY,43.286740,-76.146040
Central Valley,NY,41.331760,-74.120980
Chadwicks,NY,43.027850,-75.271550
Champlain,NY,44.986430,-73.446530
Chappaqua,NY,41.159540,-73.764850
Charleston,NY,40.536770,-74.237370
Chatham,NY,42.364250,-73.594840
Cheektowaga,NY,42.903390,-78.754750
Chelsea,NY,40.600660,-74.194870
Chenango Bridge,NY,42.166740,-75.862420
Chester,NY,41.362590,-74.271260
Chestnut Ridge,NY,41.084260,-74.055700
Chinatown,NY,40.716490,-73.996250
Chittenango,NY,43.045070,-75.866580
Churchville,NY,43.104230,-77.884450
Cicero,NY,43.175620,-76.119370
Cincinnatus,NY,42.542290,-75.895750
City Island,NY,40.847320,-73.786520
Clarence,NY,42.976730,-78.591970
Clarence Center,NY,43.010610,-78.637530
Clark Mills,NY,43.092290,-75.379620
Clarkson,NY,43.233120,-77.927510
Clay,NY,43.185900,-76.172430
Clayton,NY,44.239490,-76.085780
Clifton,NY,40.620100,-74.077090
Clifton Park,NY,42.865630,-73.770950
Clifton Springs,NY,42.961730,-77.139980
Clinton,NY,43.048400,-75.378500
Clinton Corners,NY,41.830090,-73.762350
Clintondale,NY,41.694820,-74.051250
Clyde,NY,43.084230,-76.869400
Clymer,NY,42.020890,-79.630050
Cobleskill,NY,42.677850,-74.485420
Cohoes,NY,42.774240,-73.700120
Cold Spring,NY,41.420090,-73.954580
Cold Spring Harbor,NY,40.871490,-73.456790
College Point,NY,40.787600,-73.845970
Colonie,NY,42.717860,-73.833460
Commack,NY,40.842880,-73.292890
Concord,NY,40.608160,-74.084310
Coney Island,NY,40.577880,-73.994030
Congers,NY,41.150650,-73.945420
Conklin,NY,42.034240,-75.803800
Constantia,NY,43.247850,-76.000200
Cooperstown,NY,42.700480,-74.924260
Copiague,NY,40.681490,-73.399840
Coram,NY,40.868710,-73.001490
Corinth,NY,43.244520,-73.832340
Corning,NY,42.142850,-77.054690
Cornwall,NY,41.444820,-74.015700
Corona,NY,40.747050,-73.860140
Cortland,NY,42.601180,-76.180480
Cortland West,NY,42.594310,-76.225870
Cortlandt Manor,NY,41.280000,-73.871640
Country Knolls,NY,42.915080,-73.805120
Coxsackie,NY,42.350920,-73.802900
Crompond,NY,41.288000,-73.848000
Cropseyville,NY,42.748970,-73.557340
Croton-on-Hudson,NY,41.208430,-73.891250
Crown Heights,NY,41.642000,-73.929000
Crown Point,NY,43.950340,-73.437070
Crugers,NY,41.233430,-73.922640
Cuba,NY,42.217570,-78.275290
Cumberland Head,NY,44.716430,-73.402630
Cutchogue,NY,41.010660,-72.485090
Cypress Hills,NY,40.677050,-73.891250
Dannemora,NY,44.721430,-73.723750
Dansville,NY,42.560900,-77.696110
Deansboro,NY,42.995070,-75.428510
Deer Park,NY,40.761770,-73.329290
Delevan,NY,42.489230,-78.480850
Delhi,NY,42.278140,-74.915990
Delmar,NY,42.622020,-73.832620
Depew,NY,42.903950,-78.692250
Deposit,NY,42.060080,-75.420000
Dexter,NY,44.007840,-76.044370
Dix Hills,NY,40.804820,-73.336230
Dobbs Ferry,NY,41.014540,-73.872640
Dolgeville,NY,43.100900,-74.772930
Dongan Hills,NY,40.588440,-74.096250
Douglaston,NY,40.768710,-73.747080
Dover Plains,NY,41.741210,-73.576520
Downtown Brooklyn,NY,40.693710,-73.985960
Dryden,NY,42.490910,-76.297160
Dundee,NY,42.523400,-76.976630
Dunkirk,NY,42.479500,-79.333930
Durham,NY,42.399530,-74.172360
Dyker Heights,NY,40.621490,-74.009580
East Amherst,NY,43.018390,-78.696700
East Atlantic Beach,NY,40.789820,-73.747080
East Aurora,NY,42.767840,-78.613360
East Elmhurst,NY,40.761210,-73.865140
East Farmingdale,NY,40.729270,-73.416790
East Flatbush,NY,40.653710,-73.930420
East Garden City,NY,40.730830,-73.598060
East Glenville,NY,42.894520,-73.927900
East Greenbush,NY,42.590910,-73.701790
East Hampton,NY,40.963430,-72.184800
East Hampton North,NY,40.972760,-72.189110
East Harlem,NY,40.794720,-73.942500
East Hills,NY,40.793710,-73.627070
East Islip,NY,40.732040,-73.185670
East Ithaca,NY,42.439520,-76.478550
East Massapequa,NY,40.673430,-73.436510
East Meadow,NY,40.713990,-73.559020
East Moriches,NY,40.805100,-72.760930
East New York,NY,40.666770,-73.882360
East Northport,NY,40.876760,-73.324560
East Norwich,NY,40.846770,-73.535120
East Patchogue,NY,40.767040,-72.996220
East Quogue,NY,40.840660,-72.581480
East Rochester,NY,43.108670,-77.487500
East Rockaway,NY,40.642050,-73.669570
East Setauket,NY,40.941490,-73.105940
East Shoreham,NY,40.944820,-72.879550
East Syracuse,NY,43.065340,-76.078530
East Tremont,NY,40.845380,-73.890970
East Village,NY,40.729270,-73.987360
East Williston,NY,40.758430,-73.634850
Eastchester,NY,40.958330,-73.808610
Eastport,NY,40.825930,-72.731770
Eatons Neck,NY,40.930650,-73.401510
Eden,NY,41.288710,-74.494330
Edgemere,NY,40.596220,-73.767630
Edinburg,NY,43.221740,-74.104020
Eggertsville,NY,42.963390,-78.803920
Elbridge,NY,43.034510,-76.447990
Elizabethtown,NY,44.216160,-73.590970
Ellenville,NY,41.717040,-74.395710
Elma Center,NY,42.829780,-78.636140
Elmhurst,NY,40.736490,-73.877910
Elmira,NY,42.089800,-76.807730
Elmira Heights,NY,42.129800,-76.820790
Elmont,NY,40.700940,-73.712910
Elmsford,NY,41.055100,-73.820130
Eltingville,NY,40.545380,-74.165700
Elwood,NY,40.845380,-73.335120
Emerson Hill,NY,40.608720,-74.095980
Endicott,NY,42.098410,-76.049370
Endwell,NY,42.112850,-76.021030
Fairmount,NY,43.047290,-76.238540
Fairport,NY,43.098670,-77.441940
Fairview,NY,41.723700,-73.919860
Falconer,NY,42.118670,-79.198380
Fallsburg,NY,41.732040,-74.601270
Far Rockaway,NY,40.605380,-73.755130
Farmingdale,NY,40.732600,-73.445400
Farmingville,NY,40.831210,-73.029550
Fayetteville,NY,43.029790,-76.004360
Financial District,NY,40.707890,-74.008570
Firthcliffe,NY,41.439260,-74.045140
Fishkill,NY,41.535650,-73.899030
Flanders,NY,40.903430,-72.617590
Flatbush,NY,40.652050,-73.959030
Flatlands,NY,40.621220,-73.934860
Floral Park,NY,40.723710,-73.704850
Florida,NY,41.331760,-74.356820
Flower Hill,NY,40.807320,-73.681240
Fonda,NY,42.954520,-74.376520
Fordham,NY,40.859270,-73.898470
Forest Hills,NY,40.716210,-73.850140
Fort Covington Hamlet,NY,44.971780,-74.507570
Fort Drum,NY,44.058430,-75.761890
Fort Edward,NY,43.267020,-73.584560
Fort Hamilton,NY,40.618720,-74.033200
Fort Montgomery,NY,41.331480,-73.986810
Fort Plain,NY,42.931460,-74.622640
Fort Salonga,NY,40.912600,-73.300950
Fort Wadsworth,NY,40.601130,-74.057380
Frankfort,NY,43.038960,-75.070440
Franklin Square,NY,40.707320,-73.675960
Franklinville,NY,42.337010,-78.458080
Fredonia,NY,42.440060,-79.331710
Freeport,NY,40.657600,-73.583180
Fresh Meadows,NY,40.734820,-73.793470
Frewsburg,NY,42.054500,-79.158100
Friendship,NY,42.206460,-78.137510
Fulton,NY,43.322850,-76.417160
Galeville,NY,43.090070,-76.172980
Gang Mills,NY,42.146190,-77.111640
Garden City,NY,40.726770,-73.634300
Garden City Park,NY,40.740930,-73.662630
Garden City South,NY,40.712320,-73.660960
Gardnertown,NY,41.535090,-74.070140
Gasport,NY,43.199220,-78.576140
Gates-North Gates,NY,43.165470,-77.700660
Geneseo,NY,42.795900,-77.816950
Geneva,NY,42.868960,-76.977740
Glasco,NY,42.043700,-73.947360
Glen Cove,NY,40.862320,-73.633740
Glen Head,NY,40.835380,-73.623740
Glen Oaks,NY,40.747050,-73.711520
Glendale,NY,40.701490,-73.886800
Glens Falls,NY,43.309520,-73.644010
Glens Falls North,NY,43.335060,-73.682510
Glenville,NY,42.929240,-74.052070
Glenwood Landing,NY,40.830660,-73.638740
Gloversville,NY,43.052850,-74.343750
Goldens Bridge,NY,41.293430,-73.676800
Gordon Heights,NY,40.858710,-72.970660
Goshen,NY,41.402040,-74.324320
Gouverneur,NY,44.336730,-75.462990
Gowanda,NY,42.463120,-78.935870
Gramercy Park,NY,40.737500,-73.986110
Grand Island,NY,43.033110,-78.962540
Grandyle Village,NY,42.996450,-78.955040
Graniteville,NY,40.624830,-74.148480
Grant City,NY,40.582050,-74.104860
Granville,NY,43.407850,-73.259550
Gravesend,NY,40.597600,-73.965140
Great Kills,NY,40.554270,-74.151530
Great Neck,NY,40.800660,-73.728460
Great Neck Estates,NY,40.787050,-73.736800
Great Neck Gardens,NY,40.797220,-73.723890
Great Neck Plaza,NY,40.786770,-73.726520
Great River,NY,40.721210,-73.157610
Greece,NY,43.209780,-77.693060
Green Island,NY,42.744240,-73.691510
Greenburgh,NY,41.032870,-73.842910
Greene,NY,42.329240,-75.769910
Greenlawn,NY,40.868990,-73.365120
Greenpoint,NY,40.723710,-73.950970
Greenport,NY,41.103430,-72.359250
Greenport West,NY,41.101780,-72.371950
Greenvale,NY,40.810660,-73.628460
Greenville,NY,40.993150,-73.819860
Greenwich,NY,43.090630,-73.498730
Greenwood Lake,NY,41.222590,-74.294320
Groton,NY,42.587850,-76.366880
Grymes Hill,NY,40.618720,-74.093480
Hadley,NY,43.317290,-73.848180
Hagaman,NY,42.974520,-74.150960
Halesite,NY,40.888430,-73.415400
Hamburg,NY,42.715890,-78.829480
Hamilton,NY,42.827010,-75.544620
Hamlin,NY,43.303120,-77.921120
Hampton Bays,NY,40.868990,-72.517590
Hampton Manor,NY,42.620910,-73.728450
Hannawa Falls,NY,44.612280,-74.971030
Harbor Isle,NY,40.603440,-73.664570
Harlem,NY,40.807880,-73.945420
Harriman,NY,41.308430,-74.144590
Harris Hill,NY,42.964780,-78.677530
Harrison,NY,40.968990,-73.712630
Hartford,NY,43.363680,-73.393720
Hartsdale,NY,41.018990,-73.798190
Hastings-on-Hudson,NY,40.994540,-73.878750
Hauppauge,NY,40.825650,-73.202610
Haverstraw,NY,41.197590,-73.964580
Haviland,NY,41.766760,-73.901520
Hawthorne,NY,41.107320,-73.795970
Head of the Harbor,NY,40.903430,-73.157890
Hell's Kitchen,NY,40.764960,-73.990900
Hempstead,NY,40.706210,-73.618740
Henrietta,NY,43.059230,-77.612220
Heritage Hills,NY,41.339540,-73.697350
Herkimer,NY,43.025630,-74.985990
Herricks,NY,40.755380,-73.666800
Hewlett,NY,40.643160,-73.695690
Hewlett Harbor,NY,40.636210,-73.681520
Hicksville,NY,40.768430,-73.525130
Highland,NY,41.720930,-73.960140
Highland Falls,NY,41.369260,-73.966250
Highland Mills,NY,41.347040,-74.126260
Hillcrest,NY,41.127870,-74.040970
Hillside,NY,40.707880,-73.786800
Hillside Lake,NY,41.614820,-73.798190
Hilton,NY,43.288120,-77.793340
Holbrook,NY,40.812320,-73.078440
Holcomb,NY,42.902290,-77.419710
Holland,NY,42.641170,-78.541690
Holley,NY,43.226450,-78.026680
Hollis,NY,40.713440,-73.767080
Holtsville,NY,40.815380,-73.045110
Homer,NY,42.637010,-76.178820
Honeoye Falls,NY,42.952290,-77.590280
Hoosick Falls,NY,42.901190,-73.351500
Hornell,NY,42.327850,-77.661100
Horseheads,NY,42.167020,-76.820510
Horseheads North,NY,42.192780,-76.807820
Houghton,NY,42.423400,-78.157230
Howard Beach,NY,40.657880,-73.836250
Hudson,NY,42.252860,-73.790960
Hudson Falls,NY,43.300630,-73.585950
Huguenot,NY,40.537330,-74.194590
Huntington,NY,40.868150,-73.425680
Huntington Bay,NY,40.899820,-73.414840
Huntington Station,NY,40.853430,-73.411510
Hunts Point,NY,40.812600,-73.884020
Hurley,NY,41.924540,-74.061250
Hyde Park,NY,41.784820,-73.933190
Ilion,NY,43.015070,-75.035430
Inwood,NY,40.865660,-73.926800
Ira,NY,43.221460,-76.556330
Irondequoit,NY,43.213400,-77.579720
Irvington,NY,41.039220,-73.868230
Island Park,NY,40.604270,-73.655410
Islandia,NY,40.804260,-73.169000
Islip,NY,40.729820,-73.210390
Islip Terrace,NY,40.743150,-73.192620
Ithaca,NY,42.440630,-76.496610
Jackson Heights,NY,40.755660,-73.885410
Jamaica,NY,40.691490,-73.805690
Jamesport,NY,40.949540,-72.581480
Jamestown,NY,42.097000,-79.235330
Jamestown West,NY,42.088510,-79.281100
Jefferson Heights,NY,42.233980,-73.882350
Jefferson Valley-Yorktown,NY,41.317970,-73.800660
Jericho,NY,40.792040,-73.539850
Johnson City,NY,42.115630,-75.958810
Johnstown,NY,43.006740,-74.367640
Jordan,NY,43.065340,-76.472990
Kaser,NY,41.121210,-74.067090
Katonah,NY,41.258980,-73.685410
Keeseville,NY,44.505050,-73.480130
Kenmore,NY,42.965890,-78.870040
Kensington,NY,40.646210,-73.970690
Kerhonkson,NY,41.774820,-74.298210
Keuka Park,NY,42.615350,-77.092190
Kew Gardens,NY,40.714270,-73.830970
Kew Gardens Hills,NY,40.730020,-73.823400
Kiantone,NY,42.022000,-79.198100
Kinderhook,NY,42.395360,-73.697900
Kings Bridge,NY,40.878710,-73.905140
Kings Park,NY,40.886210,-73.257340
Kings Point,NY,40.819820,-73.735130
Kingston,NY,41.927040,-73.997360
Kirkville,NY,43.075070,-75.951860
Kiryas Joel,NY,41.342040,-74.167920
Lackawanna,NY,42.825610,-78.823370
Lake Carmel,NY,41.461480,-73.670960
Lake Erie Beach,NY,42.624230,-79.066980
Lake Grove,NY,40.852880,-73.115110
Lake Katrine,NY,41.985650,-73.988190
Lake Luzerne,NY,43.312850,-73.834840
Lake Mohegan,NY,41.317870,-73.846250
Lake Placid,NY,44.279620,-73.981980
Lake Pleasant,NY,43.470900,-74.412650
Lake Ronkonkoma,NY,40.835100,-73.131220
Lake Success,NY,40.770660,-73.717630
Lakeland,NY,43.090340,-76.240480
Lakeview,NY,42.432020,-75.865470
Lakewood,NY,42.104220,-79.333100
Lancaster,NY,42.900610,-78.670310
Lansing,NY,42.484240,-76.479940
Larchmont,NY,40.927880,-73.751800
Latham,NY,42.747020,-73.759010
Lattingtown,NY,40.895380,-73.600960
Laurel,NY,40.969540,-72.562030
Laurel Hollow,NY,40.856770,-73.469570
Laurelton,NY,40.670190,-73.746590
Lawrence,NY,40.615660,-73.729580
Le Roy,NY,42.978390,-77.984180
Levittown,NY,40.725930,-73.514290
Lewiston,NY,43.172560,-79.035880
Liberty,NY,41.801200,-74.746550
Lido Beach,NY,40.588990,-73.625410
Lima,NY,42.904790,-77.611390
Lincoln Park,NY,41.950650,-73.994030
Lincolndale,NY,41.322870,-73.718190
Lindenhurst,NY,40.686770,-73.373450
Lindley,NY,42.028410,-77.139690
Little Falls,NY,43.043400,-74.859600
Little Neck,NY,40.762890,-73.732250
Little Valley,NY,42.252560,-78.805590
Liverpool,NY,43.106460,-76.217700
Livingston Manor,NY,41.900370,-74.828220
Livonia,NY,42.821450,-77.668610
Lloyd Harbor,NY,40.903430,-73.459840
Lockport,NY,43.170610,-78.690310
Locust Valley,NY,40.875930,-73.597070
Long Beach,NY,40.588440,-73.657910
Long Island City,NY,40.744820,-73.948750
Lorenz Park,NY,42.263700,-73.768460
Lowville,NY,43.786740,-75.491850
Lynbrook,NY,40.654830,-73.671800
Lyncourt,NY,43.081460,-76.125760
Lyons,NY,43.064230,-76.990250
Macedon,NY,43.069230,-77.298870
Mahopac,NY,41.372320,-73.733460
Malone,NY,44.848660,-74.294900
Malverne,NY,40.678990,-73.674020
Mamaroneck,NY,40.948710,-73.732630
Manchester,NY,42.969790,-77.230260
Manhasset,NY,40.797880,-73.699570
Manhasset Hills,NY,40.759270,-73.679850
Manhattan,NY,40.783430,-73.966250
Manhattan Valley,NY,40.793890,-73.965000
Manlius,NY,43.002010,-75.976860
Manorhaven,NY,40.843160,-73.714850
Manorville,NY,40.873710,-72.807880
Marbletown,NY,41.883430,-74.113200
Marcellus,NY,42.982840,-76.340490
Mariners Harbor,NY,40.636770,-74.158750
Marion,NY,43.143400,-77.189150
Marlboro,NY,41.605650,-73.971530
Maspeth,NY,40.723160,-73.912640
Massapequa,NY,40.680660,-73.474290
Massapequa Park,NY,40.680380,-73.455120
Massena,NY,44.928100,-74.891860
Mastic,NY,40.802040,-72.840940
Mastic Beach,NY,40.766770,-72.852050
Mattituck,NY,40.991210,-72.534250
Mattydale,NY,43.097840,-76.145200
Maybrook,NY,41.483980,-74.217650
Mayville,NY,42.253950,-79.504490
McGraw,NY,42.596180,-76.093260
McKownville,NY,42.683970,-73.847620
Mechanicstown,NY,41.442870,-74.388490
Mechanicville,NY,42.902850,-73.687340
Medford,NY,40.817600,-73.000110
Medina,NY,43.220060,-78.386970
Melrose,NY,40.824550,-73.910410
Melrose Park,NY,42.908680,-76.540220
Melville,NY,40.793430,-73.415120
Menands,NY,42.692020,-73.724560
Merrick,NY,40.662880,-73.551520
Merritt Park,NY,41.538480,-73.872380
Mexico,NY,43.459510,-76.228820
Middle Island,NY,40.884270,-72.937330
Middle Village,NY,40.716490,-73.881250
Middleburgh,NY,42.598690,-74.332920
Middleport,NY,42.790620,-75.559900
Middletown,NY,41.445930,-74.422930
Midland Beach,NY,40.573160,-74.094590
Mill Neck,NY,40.887040,-73.555120
Millbrook,NY,41.785090,-73.694020
Miller Place,NY,40.959820,-72.996210
Milton,NY,43.033690,-73.852620
Mineola,NY,40.749270,-73.640680
Minetto,NY,43.398120,-76.477440
Mineville,NY,44.092830,-73.518180
Minoa,NY,43.076180,-76.000750
Mohawk,NY,43.011460,-75.004040
Monroe,NY,41.330650,-74.186810
Monsey,NY,41.111210,-74.068480
Montauk,NY,41.035940,-71.954510
Montebello,NY,41.135930,-74.118480
Montgomery,NY,41.527590,-74.236820
Monticello,NY,41.655650,-74.689330
Montour Falls,NY,42.347300,-76.845240
Montrose,NY,41.252320,-73.931530
Moravia,NY,42.712570,-76.421600
Moriches,NY,40.807320,-72.821210
Morningside Heights,NY,40.810000,-73.962500
Morris Heights,NY,40.849820,-73.919860
Morris Park,NY,40.852320,-73.853470
Morrisania,NY,40.829270,-73.906530
Morrisonville,NY,44.693100,-73.562080
Morrisville,NY,42.898680,-75.640180
Mott Haven,NY,40.808990,-73.922910
Mount Ivy,NY,41.186760,-74.034860
Mount Kisco,NY,41.204260,-73.727080
Mount Morris,NY,42.725620,-77.874170
Mount Sinai,NY,40.947040,-73.029550
Mount Vernon,NY,40.912600,-73.837080
Mountain Lodge Park,NY,41.388430,-74.141810
Munsey Park,NY,40.798710,-73.679850
Munsons Corners,NY,42.582290,-76.209100
Muttontown,NY,40.823990,-73.547630
Myers Corner,NY,41.606200,-73.872910
Nanuet,NY,41.088710,-74.013470
Napanoch,NY,41.743980,-74.371540
Naples,NY,42.615350,-77.402490
Nassau,NY,42.515910,-73.610120
Nedrow,NY,42.975070,-76.141310
Neponsit,NY,40.571770,-73.861520
Nesconset,NY,40.852040,-73.154000
New Brighton,NY,40.642330,-74.092920
New Cassel,NY,40.758990,-73.569570
New City,NY,41.147600,-73.989310
New Dorp,NY,40.573990,-74.115980
New Dorp Beach,NY,40.565380,-74.102920
New Hartford,NY,43.073400,-75.287670
New Hempstead,NY,41.149820,-74.033750
New Hyde Park,NY,40.735100,-73.687910
New Paltz,NY,41.747590,-74.086810
New Rochelle,NY,40.911490,-73.782350
New Springville,NY,40.593440,-74.163200
New Square,NY,41.139560,-74.029420
New Windsor,NY,41.476760,-74.023750
New York City,NY,40.714270,-74.005970
New York Mills,NY,43.105350,-75.291280
Newark,NY,43.046730,-77.095250
Newburgh,NY,41.503430,-74.010420
Newfane,NY,43.286720,-78.710310
Niagara Falls,NY,43.094500,-79.056710
Niskayuna,NY,42.779800,-73.845680
Nissequogue,NY,40.903990,-73.197890
Niverville,NY,42.440920,-73.660950
Norfolk,NY,44.800890,-74.991030
North Amityville,NY,40.697600,-73.425120
North Babylon,NY,40.716490,-73.321790
North Ballston Spa,NY,43.019690,-73.851090
North Bay Shore,NY,40.753000,-73.260200
North Bellmore,NY,40.691490,-73.533460
North Bellport,NY,40.774270,-72.942880
North Boston,NY,42.685620,-78.776700
North Castle,NY,41.140000,-73.683890
North Collins,NY,42.595340,-78.941150
North Elba,NY,44.243380,-73.954310
North Gates,NY,43.176450,-77.701390
North Great River,NY,40.747320,-73.169840
North Hills,NY,40.780930,-73.676520
North Lindenhurst,NY,40.714270,-73.381510
North Massapequa,NY,40.700930,-73.462070
North Merrick,NY,40.691210,-73.563180
North New Hyde Park,NY,40.743160,-73.693190
North Patchogue,NY,40.787040,-73.009000
North Sea,NY,40.932880,-72.414250
North Syracuse,NY,43.134790,-76.129920
North Tonawanda,NY,43.038670,-78.864200
North Valley Stream,NY,40.685100,-73.701800
North Wantagh,NY,40.693430,-73.507630
Northeast Ithaca,NY,42.470320,-76.462280
Northport,NY,40.900930,-73.343170
Northumberland,NY,43.127300,-73.588170
Northville,NY,40.970100,-72.618980
Northwest Harbor,NY,41.009820,-72.221190
Northwest Ithaca,NY,42.470590,-76.541450
Norwich,NY,42.531180,-75.523510
Norwood,NY,44.751450,-74.994360
Noyack,NY,40.995660,-72.341190
Nunda,NY,42.579510,-77.942500
Nyack,NY,41.090650,-73.917910
Oakdale,NY,42.251200,-73.780130
Oakfield,NY,43.065890,-78.269740
Oakwood,NY,40.563990,-74.115980
Oceanside,NY,40.638710,-73.640130
Ogdensburg,NY,44.694230,-75.486340
Olcott,NY,43.337830,-78.714760
Old Bethpage,NY,40.762600,-73.453180
Old Brookville,NY,40.832040,-73.604850
Old Westbury,NY,40.788710,-73.599570
Olean,NY,42.077560,-78.429740
Oneida,NY,43.092570,-75.651290
Oneonta,NY,42.452860,-75.063770
Ontario,NY,43.220900,-77.283040
Orange Lake,NY,41.539820,-74.098200
Orangeburg,NY,41.046490,-73.949580
Orchard Park,NY,42.767560,-78.743920
Oriskany,NY,43.157290,-75.332670
Ossining,NY,41.162870,-73.861520
Oswego,NY,43.455350,-76.510500
Otisville,NY,41.473430,-74.538490
Owego,NY,42.103410,-76.262150
Oxford,NY,42.442020,-75.597690
Oyster Bay,NY,40.865650,-73.532070
Oyster Bay Cove,NY,40.870930,-73.510960
Ozone Park,NY,40.676770,-73.843750
Painted Post,NY,42.162020,-77.094140
Palenville,NY,42.174530,-74.020140
Palmyra,NY,43.063950,-77.233320
Park Slope,NY,40.670100,-73.985970
Parkchester,NY,40.838990,-73.860410
Patchogue,NY,40.765650,-73.015110
Pawling,NY,41.562040,-73.602630
Peach Lake,NY,41.367590,-73.577900
Pearl River,NY,41.058990,-74.021810
Peekskill,NY,41.290090,-73.920420
Pelham,NY,40.909820,-73.807910
Pelham Manor,NY,40.895380,-73.807080
Penn Yan,NY,42.660900,-77.053860
Perry,NY,42.715620,-78.005560
Perth,NY,43.017570,-74.194020
Peru,NY,44.578380,-73.526800
Phelps,NY,42.957560,-77.057470
Philadelphia,NY,44.154500,-75.708820
Philmont,NY,42.248420,-73.653180
Phoenix,NY,43.231180,-76.300760
Piermont,NY,41.042040,-73.918190
Pine Bush,NY,41.608150,-74.299040
Pine Plains,NY,41.979810,-73.655960
Pittsford,NY,43.090620,-77.515000
Plainedge,NY,40.717320,-73.483740
Plainview,NY,40.776490,-73.467350
Plandome,NY,40.806770,-73.703460
Plandome Heights,NY,40.802600,-73.704300
Plattekill,NY,41.617590,-74.075980
Plattsburgh,NY,44.699490,-73.452910
Plattsburgh West,NY,44.683150,-73.502950
Pleasant Valley,NY,41.744540,-73.821240
Pleasantville,NY,41.132870,-73.792630
Poestenkill,NY,42.690360,-73.564560
Point Lookout,NY,40.592330,-73.580680
Pomona,NY,41.167040,-74.043200
Port Byron,NY,43.034510,-76.623830
Port Chester,NY,41.001760,-73.665680
Port Dickinson,NY,42.133410,-75.896310
Port Ewen,NY,41.905370,-73.976250
Port Henry,NY,44.048390,-73.459850
Port Jefferson,NY,40.946490,-73.069270
Port Jefferson Station,NY,40.925380,-73.047330
Port Jervis,NY,41.375090,-74.692660
Port Morris,NY,40.801490,-73.909580
Port Richmond,NY,40.633160,-74.136530
Port Washington,NY,40.825660,-73.698190
Port Washington North,NY,40.844820,-73.701800
Portland,NY,42.379780,-79.467550
Potsdam,NY,44.669780,-74.981310
Poughkeepsie,NY,41.700370,-73.920970
Pound Ridge,NY,41.208710,-73.574850
Pulaski,NY,43.567010,-76.127700
Purchase,NY,41.040930,-73.714570
Putnam Lake,NY,41.462040,-73.546240
Queens,NY,40.681490,-73.836520
Queens Village,NY,40.726770,-73.741520
Queensbury,NY,43.377290,-73.613170
Randolph,NY,42.162010,-78.975320
Ransomville,NY,43.238670,-78.909760
Rapids,NY,43.098390,-78.640860
Ravena,NY,42.468410,-73.816240
Red Hook,NY,41.995090,-73.875410
Red Oaks Mill,NY,41.655650,-73.874860
Rego Park,NY,40.726490,-73.852640
Remsenburg-Speonk,NY,40.826420,-72.696730
Rensselaer,NY,42.642580,-73.742900
Rhinebeck,NY,41.926760,-73.912640
Richfield Springs,NY,42.853410,-74.985430
Richland,NY,43.569510,-76.047700
Richmond Hill,NY,40.699830,-73.831250
Ridge,NY,40.893990,-72.895940
Ridgewood,NY,40.700100,-73.905690
Riverdale,NY,40.900560,-73.906390
Riverhead,NY,40.917040,-72.662040
Riverside,NY,40.911000,-72.655000
Rochester,NY,43.154780,-77.615560
Rock Hill,NY,41.625930,-74.597660
Rockaway Point,NY,40.560660,-73.915140
Rockville Centre,NY,40.658710,-73.641240
Rocky Point,NY,40.952600,-72.925380
Roessleville,NY,42.695080,-73.807070
Rome,NY,43.212850,-75.455730
Ronkonkoma,NY,40.821000,-73.143000
Roosevelt,NY,40.678710,-73.589020
Roosevelt Island,NY,40.764030,-73.948200
Rosebank,NY,40.613990,-74.066250
Rosedale,NY,40.662050,-73.735410
Rosendale Village,NY,41.850380,-74.073790
Roslyn,NY,40.799820,-73.650960
Roslyn Estates,NY,40.794270,-73.660410
Roslyn Harbor,NY,40.816490,-73.637070
Roslyn Heights,NY,40.788710,-73.647350
Rossville,NY,40.549290,-74.210190
Rotterdam,NY,42.787020,-73.970960
Rouses Point,NY,44.993930,-73.364860
Rush,NY,42.995900,-77.645560
Rye,NY,40.980650,-73.683740
Rye Brook,NY,41.019260,-73.683460
Sackets Harbor,NY,43.946170,-76.119090
Sag Harbor,NY,40.997880,-72.292580
Saint Bonaventure,NY,42.080340,-78.475020
Saint James,NY,40.878990,-73.156780
Saint Johnsville,NY,42.998130,-74.682920
Salamanca,NY,42.157840,-78.715030
Salisbury,NY,40.745660,-73.560130
Sanborn,NY,43.136720,-78.884760
Sands Point,NY,40.851770,-73.718740
Saranac Lake,NY,44.329500,-74.131270
Saratoga Springs,NY,43.083130,-73.784570
Saugerties,NY,42.077590,-73.952910
Saugerties South,NY,42.061390,-73.950670
Sayville,NY,40.735930,-73.082060
Scarsdale,NY,41.005100,-73.784580
Schenectady,NY,42.814240,-73.939570
Schoharie,NY,42.665910,-74.309580
Schuylerville,NY,43.100080,-73.581780
Scotchtown,NY,41.481480,-74.360150
Scotia,NY,42.826470,-73.964290
Scottsville,NY,43.025900,-77.745280
Sea Cliff,NY,40.848990,-73.644850
Seaford,NY,40.665930,-73.488180
Searingtown,NY,40.774820,-73.655680
Seaside,NY,40.583160,-73.828190
Selden,NY,40.866490,-73.035660
Seneca Falls,NY,42.910620,-76.796620
Seneca Knolls,NY,43.120070,-76.286320
Setauket-East Setauket,NY,40.930640,-73.101790
Sheepshead Bay,NY,40.591220,-73.944580
Shelter Island,NY,41.068150,-72.338690
Shelter Island Heights,NY,41.083990,-72.355920
Shenorock,NY,41.331760,-73.738190
Sherburne,NY,42.678130,-75.498510
Sherrill,NY,43.073680,-75.598240
Shinnecock Hills,NY,40.890930,-72.463700
Shirley,NY,40.801490,-72.867600
Shokan,NY,41.973430,-74.212090
Shortsville,NY,42.955900,-77.220810
Shrub Oak,NY,41.327590,-73.819580
Sidney,NY,42.314800,-75.391570
Silver Creek,NY,42.544230,-79.166710
Skaneateles,NY,42.947010,-76.429100
Sleepy Hollow,NY,41.085650,-73.858470
Sloan,NY,42.893390,-78.793920
Sloatsburg,NY,41.154540,-74.192920
Smithtown,NY,40.855930,-73.200670
Sodus,NY,43.237840,-77.061360
Solvay,NY,43.058120,-76.207430
Sound Beach,NY,40.956210,-72.967880
South Beach,NY,40.583290,-74.076090
South Blooming Grove,NY,41.373370,-74.178430
South Corning,NY,42.121740,-77.037190
South Fallsburg,NY,41.708000,-74.632000
South Farmingdale,NY,40.720660,-73.440120
South Floral Park,NY,40.714270,-73.700130
South Glens Falls,NY,43.299240,-73.635120
South Hempstead,NY,40.680940,-73.615410
South Hill,NY,42.429240,-76.494940
South Huntington,NY,40.823710,-73.398730
South Lockport,NY,43.150060,-78.696700
South Nyack,NY,41.083150,-73.920140
South Ozone Park,NY,40.670100,-73.819020
South Valley Stream,NY,40.655940,-73.717630
Southampton,NY,40.884270,-72.389530
Southold,NY,41.064820,-72.426200
Southport,NY,42.054800,-76.819120
Spackenkill,NY,41.655930,-73.913470
Sparkill,NY,41.031210,-73.927080
Sparrow Bush,NY,41.400090,-74.723220
Spencerport,NY,43.186450,-77.803900
Spring Valley,NY,41.113150,-74.043750
Springfield,NY,42.836180,-74.853480
Springfield Gardens,NY,40.663120,-73.762210
Springs,NY,41.016210,-72.159240
Springville,NY,42.508400,-78.667250
Spuyten Duyvil,NY,40.881210,-73.917360
Stamford,NY,42.407300,-74.614320
Stapleton,NY,40.626490,-74.077640
Staten Island,NY,40.562330,-74.139860
Steinway,NY,40.774550,-73.903750
Stewart Manor,NY,40.719270,-73.688460
Stillwater,NY,42.938410,-73.653170
Stone Ridge,NY,41.853150,-74.139030
Stony Brook,NY,40.925650,-73.140940
Stony Point,NY,41.229540,-73.987080
Stottville,NY,42.286200,-73.738730
Suffern,NY,41.114820,-74.149590
Sunnyside,NY,40.739820,-73.935420
Sunset Park,NY,40.645480,-74.012410
Sylvan Beach,NY,42.464790,-77.108300
Syosset,NY,40.826210,-73.502070
Syracuse,NY,43.048120,-76.147420
Tappan,NY,41.022040,-73.947360
Tarrytown,NY,41.076210,-73.858750
Terrace Heights,NY,40.721490,-73.769300
Terryville,NY,40.908990,-73.065110
The Bronx,NY,40.849850,-73.866410
Thiells,NY,41.210650,-74.017640
Thomaston,NY,40.786210,-73.713740
Thornwood,NY,41.123430,-73.779020
Throgs Neck,NY,40.822600,-73.819580
Ticonderoga,NY,43.848670,-73.423450
Tillson,NY,41.828980,-74.068480
Times Square,NY,40.756360,-73.986440
Tivoli,NY,42.058420,-73.909300
Tompkinsville,NY,40.638120,-74.077950
Tonawanda,NY,43.020330,-78.880310
Town Line,NY,42.890610,-78.577800
Tremont,NY,40.849540,-73.905690
Tribeca,NY,40.715380,-74.009310
Tribes Hill,NY,42.955350,-74.285130
Troy,NY,42.728410,-73.691790
Trumansburg,NY,42.542290,-76.666060
Tuckahoe,NY,40.950380,-73.827360
Tupper Lake,NY,44.223950,-74.464060
Unadilla,NY,42.325360,-75.312400
Union Springs,NY,42.839790,-76.693280
Uniondale,NY,40.700380,-73.592910
Unionport,NY,40.827320,-73.850130
University Gardens,NY,40.777320,-73.722630
University Heights,NY,40.860100,-73.909300
Upper Brookville,NY,40.838710,-73.565130
Upper Nyack,NY,41.107040,-73.920140
Upper West Side,NY,40.787050,-73.975420
Utica,NY,43.100900,-75.232660
Vails Gate,NY,41.454260,-74.057640
Valatie,NY,42.413420,-73.673170
Valhalla,NY,41.074820,-73.775130
Valley Cottage,NY,41.118150,-73.955420
Valley Stream,NY,40.664270,-73.708460
Van Nest,NY,40.848430,-73.863750
Vernon,NY,43.079510,-75.539340
Verplanck,NY,41.252870,-73.959860
Vestal,NY,42.085070,-76.053810
Victor,NY,42.982560,-77.408880
Village Green,NY,43.133400,-76.312990
Village of the Branch,NY,40.856210,-73.187330
Viola,NY,41.136480,-74.082360
Volney,NY,43.342850,-76.357710
Voorheesville,NY,42.653970,-73.928740
Wading River,NY,40.950380,-72.842600
Wakefield,NY,40.897880,-73.852360
Walden,NY,41.561200,-74.188480
Wallkill,NY,41.605650,-74.184040
Walton,NY,42.169530,-75.129340
Walton Park,NY,41.309820,-74.229040
Wampsville,NY,43.075350,-75.706850
Wanakah,NY,42.746170,-78.903090
Wantagh,NY,40.683710,-73.510130
Wappingers Falls,NY,41.596480,-73.910970
Warrensburg,NY,43.496740,-73.776230
Warsaw,NY,42.740060,-78.132790
Warwick,NY,41.256480,-74.359880
Washington Heights,NY,40.850100,-73.935410
Washington Mills,NY,43.050070,-75.272940
Washingtonville,NY,41.427870,-74.165980
Watchtower,NY,41.637760,-74.260270
Water Mill,NY,40.919590,-72.342740
Waterford,NY,42.792580,-73.681230
Waterloo,NY,42.904790,-76.862740
Watertown,NY,43.974780,-75.910760
Waterville,NY,42.931180,-75.379890
Watervliet,NY,42.730080,-73.701230
Watkins Glen,NY,42.380630,-76.873290
Waverly,NY,42.010350,-76.527170
Wawarsing,NY,41.758980,-74.357380
Wayland,NY,42.567840,-77.589710
Webster,NY,43.212290,-77.429990
Weedsport,NY,43.048680,-76.562720
Wellsville,NY,42.875910,-74.272350
Wesley Hills,NY,41.159260,-74.069860
West Albany,NY,42.683130,-73.778450
West Babylon,NY,40.718160,-73.354290
West Bay Shore,NY,40.708710,-73.281230
West Carthage,NY,43.974230,-75.615190
West Elmira,NY,42.078130,-76.845240
West End,NY,42.468690,-75.093780
West Glens Falls,NY,43.300070,-73.684010
West Haverstraw,NY,41.209540,-73.985420
West Hempstead,NY,40.704820,-73.650130
West Henrietta,NY,43.040060,-77.661670
West Hills,NY,40.816210,-73.432340
West Hurley,NY,41.997310,-74.104860
West Islip,NY,40.706210,-73.306230
West Nyack,NY,41.096490,-73.972920
West Point,NY,41.391480,-73.955970
West Sand Lake,NY,42.643410,-73.608730
West Sayville,NY,40.727880,-73.097610
West Seneca,NY,42.850060,-78.799750
West Village,NY,40.733610,-74.009170
Westbury,NY,40.755660,-73.587630
Westerleigh,NY,40.621210,-74.131810
Westfield,NY,42.322280,-79.578100
Westhampton,NY,40.824540,-72.666210
Westhampton Beach,NY,40.803160,-72.614540
Westmere,NY,42.691190,-73.868730
Weston Mills,NY,42.075900,-78.372520
Westons Mills,NY,42.062290,-78.377240
Westvale,NY,43.047570,-76.220480
Wheatley Heights,NY,40.763710,-73.369840
White Plains,NY,41.033990,-73.762910
Whitehall,NY,43.555620,-73.403720
Whitesboro,NY,43.122010,-75.291560
Whitestone,NY,40.794550,-73.818470
Williamsburg,NY,40.714270,-73.953470
Williamson,NY,43.223950,-77.186090
Williamsville,NY,42.963950,-78.737810
Williston Park,NY,40.756490,-73.644850
Willowbrook,NY,40.603160,-74.138480
Wilson,NY,43.309780,-78.826150
Wilton,NY,43.180070,-73.744290
Wolcott,NY,43.220620,-76.814960
Woodbury,NY,41.364540,-74.105980
Woodhaven,NY,40.689270,-73.857910
Woodlawn,NY,40.898160,-73.867360
Woodmere,NY,40.632050,-73.712630
Woodrow,NY,40.541500,-74.191060
Woodside,NY,40.745380,-73.905410
Woodstock,NY,42.040920,-74.118200
Worcester,NY,42.591460,-74.750430
Wurtsboro,NY,41.576760,-74.487100
Wyandanch,NY,40.753990,-73.360400
Wykagyl,NY,40.941490,-73.799020
Wynantskill,NY,42.696750,-73.644280
Yaphank,NY,40.836770,-72.917050
Yonkers,NY,40.930400,-73.897890
Yorkshire,NY,42.530060,-78.472800
Yorktown Heights,NY,41.270930,-73.777630
Yorkville,NY,43.112850,-75.271000
Youngstown,NY,43.247280,-79.050050
Zena,NY,42.016760,-74.076250
Aberdeen,OH,38.655630,-83.761030
Ada,OH,40.769500,-83.822710
Akron,OH,41.081440,-81.519010
Alliance,OH,40.915340,-81.105930
Amberley,OH,39.204780,-84.428000
Amelia,OH,39.028400,-84.217710
Amherst,OH,41.397820,-82.222380
Andover,OH,41.606720,-80.572300
Anna,OH,40.394490,-84.172720
Ansonia,OH,40.214490,-84.636900
Antwerp,OH,41.181440,-84.740510
Apple Creek,OH,40.751720,-81.839300
Apple Valley,OH,40.438900,-82.353910
Arcanum,OH,39.990050,-84.553290
Archbold,OH,41.521440,-84.307170
Arlington,OH,40.893660,-83.650210
Ashland,OH,40.868670,-82.318220
Ashley,OH,40.408950,-82.955460
Ashtabula,OH,41.865050,-80.789810
Ashville,OH,39.715620,-82.952960
Athens,OH,39.329240,-82.101260
Aurora,OH,41.317550,-81.345390
Austintown,OH,41.101720,-80.764520
Avon,OH,41.451710,-82.035420
Avon Center,OH,41.459760,-82.019590
Avon Lake,OH,41.505320,-82.028200
Bainbridge,OH,41.386440,-81.339550
Ballville,OH,41.327830,-83.132140
Baltimore,OH,39.845340,-82.600720
Barberton,OH,41.012830,-81.605120
Barnesville,OH,39.988130,-81.176500
Batavia,OH,39.077010,-84.176880
Bay Village,OH,41.484770,-81.922080
Beach City,OH,40.653120,-81.580960
Beachwood,OH,41.464500,-81.508730
Beavercreek,OH,39.709230,-84.063270
Beckett Ridge,OH,39.347000,-84.435220
Bedford,OH,41.393110,-81.536510
Bedford Heights,OH,41.417000,-81.527340
Beechwood Trails,OH,40.023670,-82.650720
Bellaire,OH,40.016180,-80.742310
Bellbrook,OH,39.635620,-84.070770
Bellefontaine,OH,40.361160,-83.759660
Bellevue,OH,41.273660,-82.841580
Bellville,OH,40.620060,-82.510720
Belpre,OH,39.273960,-81.572900
Berea,OH,41.366160,-81.854300
Bethel,OH,38.963680,-84.080770
Bethesda,OH,40.016180,-81.072600
Beverly,OH,39.547850,-81.639570
Bexley,OH,39.968950,-82.937680
Blacklick Estates,OH,39.905060,-82.864340
Blanchester,OH,39.293120,-83.988820
Blue Ash,OH,39.232000,-84.378270
Bluffton,OH,40.895330,-83.888830
Boardman,OH,41.024230,-80.662850
Bolindale,OH,41.207280,-80.777580
Boston Heights,OH,41.264780,-81.513170
Botkins,OH,40.467830,-84.180500
Bowling Green,OH,41.374770,-83.651320
Bradford,OH,40.132270,-84.430780
Bradner,OH,41.324220,-83.438540
Bratenahl,OH,41.542550,-81.626240
Brecksville,OH,41.319780,-81.626790
Bremen,OH,39.701730,-82.426820
Brewster,OH,40.707000,-81.598180
Bridgeport,OH,40.069790,-80.740080
Bridgetown,OH,39.153110,-84.637170
Brilliant,OH,40.264790,-80.626190
Brimfield,OH,41.100060,-81.346500
Broadview Heights,OH,41.313940,-81.685130
Brook Park,OH,41.398380,-81.804580
Brookfield Center,OH,41.240610,-80.557850
Brooklyn,OH,41.439770,-81.735410
Brooklyn Heights,OH,41.425330,-81.688180
Brookville,OH,39.836720,-84.411340
Brunswick,OH,41.238110,-81.841800
Bryan,OH,41.474770,-84.552450
Buckeye Lake,OH,39.933680,-82.472380
Bucyrus,OH,40.808390,-82.975460
Burlington,OH,38.407300,-82.535710
Burton,OH,41.470610,-81.145100
Byesville,OH,39.969790,-81.536510
Cadiz,OH,40.272850,-80.996760
Calcutta,OH,40.673400,-80.576460
Caldwell,OH,39.747850,-81.516510
Cambridge,OH,40.031180,-81.588460
Camden,OH,41.237830,-82.305720
Campbell,OH,41.078390,-80.599240
Canal Fulton,OH,40.889780,-81.597620
Canal Winchester,OH,39.842840,-82.804620
Canfield,OH,41.025060,-80.760910
Canton,OH,40.798950,-81.378450
Cardington,OH,40.500620,-82.893510
Carey,OH,40.952560,-83.382420
Carlisle,OH,39.582000,-84.320220
Carrollton,OH,40.572840,-81.085650
Cedarville,OH,39.744230,-83.808540
Celina,OH,40.548940,-84.570230
Centerburg,OH,40.304510,-82.696280
Centerville,OH,39.628390,-84.159380
Chagrin Falls,OH,41.436160,-81.386500
Champion Heights,OH,41.289990,-80.845950
Chardon,OH,41.614220,-81.148990
Chauncey,OH,39.397850,-82.129310
Cherry Grove,OH,39.072560,-84.321880
Chesterland,OH,41.522270,-81.337890
Cheviot,OH,39.157000,-84.613280
Chillicothe,OH,39.333120,-82.982400
Choctaw Lake,OH,39.960060,-83.484920
Churchill,OH,41.162000,-80.664800
Cincinnati,OH,39.127110,-84.514390
Circleville,OH,39.600620,-82.946010
Clark-Fulton,OH,41.464020,-81.709790
Clayton,OH,39.863110,-84.360500
Cleveland,OH,41.499500,-81.695410
Cleveland Heights,OH,41.520050,-81.556240
Cleves,OH,39.161720,-84.749120
Clinton,OH,40.926720,-81.630400
Clyde,OH,41.304220,-82.975190
Coal Grove,OH,38.503410,-82.647110
Coldwater,OH,40.479770,-84.628290
Collinwood,OH,41.558380,-81.569290
Columbiana,OH,40.888390,-80.693960
Columbus,OH,39.961180,-82.998790
Columbus Grove,OH,40.919500,-84.056890
Commercial Point,OH,39.768400,-83.057130
Conneaut,OH,41.947560,-80.554240
Continental,OH,41.100330,-84.266340
Convoy,OH,40.916720,-84.702740
Copley,OH,41.098940,-81.644570
Cortland,OH,41.330330,-80.725360
Coshocton,OH,40.272020,-81.859580
Covedale,OH,39.121170,-84.606330
Covington,OH,40.117270,-84.353840
Craig Beach,OH,41.117000,-80.983420
Crestline,OH,40.787560,-82.736570
Creston,OH,40.987000,-81.893750
Cridersville,OH,40.654220,-84.150780
Crooksville,OH,39.768960,-82.092090
Crystal Lakes,OH,39.889230,-84.026600
Curtice,OH,41.618380,-83.367710
Cuyahoga Falls,OH,41.133940,-81.484560
Dalton,OH,40.798940,-81.695410
Danville,OH,40.447560,-82.260160
Day Heights,OH,39.173950,-84.226330
Dayton,OH,39.758950,-84.191610
De Graff,OH,40.312000,-83.915770
Deer Park,OH,39.205340,-84.394660
Defiance,OH,41.284490,-84.355780
Delaware,OH,40.298670,-83.067970
Delhi Hills,OH,39.092840,-84.612720
Delphos,OH,40.843380,-84.341620
Delta,OH,41.573660,-84.005220
Dennison,OH,40.393400,-81.333720
Dent,OH,39.185890,-84.651340
Deshler,OH,41.207550,-83.899110
Detroit-Shoreway,OH,41.477720,-81.729910
Devola,OH,39.473690,-81.479010
Dillonvale,OH,39.218110,-84.402160
Dover,OH,40.520620,-81.474010
Doylestown,OH,40.970050,-81.696520
Dresden,OH,40.121460,-82.010690
Drexel,OH,39.746450,-84.286610
Dry Ridge,OH,39.259220,-84.619110
Dry Run,OH,39.104230,-84.330490
Dublin,OH,40.099230,-83.114080
Dunlap,OH,39.292280,-84.618000
East Canton,OH,40.787280,-81.282610
East Cleveland,OH,41.533110,-81.579010
East Liverpool,OH,40.618680,-80.577290
East Palestine,OH,40.833950,-80.540350
Eastlake,OH,41.653940,-81.450390
Eaton,OH,39.743940,-84.636620
Eaton Estates,OH,41.308940,-82.005700
Edgerton,OH,41.448660,-84.748010
Edgewood,OH,41.872830,-80.772860
Elida,OH,40.788660,-84.203840
Elmore,OH,41.476160,-83.295760
Elmwood Place,OH,39.187280,-84.488000
Elyria,OH,41.368380,-82.107650
Englewood,OH,39.877560,-84.302170
Enon,OH,39.878120,-83.936880
Etna,OH,39.957290,-82.681830
Euclid,OH,41.593100,-81.526790
Evendale,OH,39.256170,-84.418000
Fairborn,OH,39.820890,-84.019380
Fairfax,OH,39.145340,-84.393270
Fairfield,OH,39.345890,-84.560500
Fairfield Beach,OH,39.915900,-82.475160
Fairlawn,OH,41.127830,-81.609840
Fairport Harbor,OH,41.750040,-81.273990
Fairview Park,OH,41.441440,-81.864300
Farmersville,OH,39.679500,-84.429110
Fayette,OH,41.673380,-84.326890
Findlay,OH,41.044220,-83.649930
Finneytown,OH,39.200340,-84.520500
Five Points,OH,39.568670,-84.192990
Forest,OH,40.801720,-83.510480
Forest Park,OH,39.290340,-84.504110
Forestville,OH,39.075060,-84.344940
Fort Loramie,OH,40.351440,-84.373840
Fort McKinley,OH,39.797560,-84.253550
Fort Recovery,OH,40.412820,-84.776350
Fort Shawnee,OH,40.686720,-84.137730
Fostoria,OH,41.157000,-83.416870
Frankfort,OH,39.401450,-83.180740
Franklin,OH,39.558950,-84.304110
Franklin Furnace,OH,38.626000,-82.847000
Frazeysburg,OH,40.117290,-82.119310
Fredericktown,OH,40.481170,-82.540720
Fremont,OH,41.350330,-83.121860
Fruit Hill,OH,39.075620,-84.364380
Gahanna,OH,40.019230,-82.879340
Galion,OH,40.733670,-82.789900
Gallipolis,OH,38.809800,-82.202370
Gambier,OH,40.375620,-82.397100
Garfield Heights,OH,41.417000,-81.605960
Garrettsville,OH,41.284220,-81.096490
Gates Mills,OH,41.517550,-81.403450
Geneva,OH,39.662010,-82.433490
Geneva-on-the-Lake,OH,41.859500,-80.953980
Genoa,OH,40.782840,-81.466510
Georgetown,OH,38.864510,-83.904090
Germantown,OH,39.626170,-84.369390
Gibsonburg,OH,41.384500,-83.320480
Girard,OH,41.153950,-80.701470
Glandorf,OH,41.028940,-84.079110
Glendale,OH,41.397000,-81.542340
Glenmoor,OH,40.666170,-80.623130
Glenville,OH,41.533380,-81.617350
Glouster,OH,39.503130,-82.084590
Gnadenhutten,OH,40.358400,-81.434280
Golf Manor,OH,39.187280,-84.446330
Goshen,OH,39.233390,-84.161320
Grafton,OH,41.272550,-82.054590
Grandview,OH,39.194220,-84.724390
Grandview Heights,OH,39.979790,-83.040740
Granville,OH,40.068120,-82.519600
Granville South,OH,40.052070,-82.541660
Green,OH,40.945890,-81.483170
Green Meadows,OH,39.868950,-83.944380
Green Springs,OH,41.256160,-83.051580
Greenfield,OH,39.352010,-83.382690
Greenhills,OH,39.268110,-84.523000
Greensburg,OH,40.931720,-81.464840
Greentown,OH,40.927560,-81.402610
Greenville,OH,40.102830,-84.633010
Greenwich,OH,41.030050,-82.515730
Groesbeck,OH,39.223110,-84.586890
Grove City,OH,39.881450,-83.092960
Groveport,OH,39.878400,-82.883790
Hamilton,OH,39.399500,-84.561340
Hanover,OH,40.079790,-82.260980
Harbor Hills,OH,39.936730,-82.435150
Harrison,OH,39.262000,-84.819950
Hartville,OH,40.963670,-81.331220
Haskins,OH,41.464770,-83.706050
Heath,OH,40.022840,-82.444600
Hebron,OH,39.961730,-82.491270
Hicksville,OH,41.293110,-84.761900
Highland Heights,OH,41.552000,-81.478450
Highpoint,OH,39.288390,-84.350220
Hilliard,OH,40.033400,-83.158250
Hillsboro,OH,39.202290,-83.611590
Hiram,OH,41.312560,-81.143710
Holgate,OH,41.248940,-84.133000
Holiday Valley,OH,39.856170,-83.968540
Holland,OH,41.621720,-83.711600
Hough,OH,41.512000,-81.636520
Howland Center,OH,41.251170,-80.745360
Hubbard,OH,41.156450,-80.569240
Huber Heights,OH,39.843950,-84.124660
Huber Ridge,OH,40.088670,-82.916570
Hudson,OH,41.240060,-81.440670
Hunter,OH,39.492840,-84.289660
Huron,OH,41.395050,-82.555170
Independence,OH,41.368660,-81.637900
Ironton,OH,38.536750,-82.682940
Jackson,OH,39.052020,-82.636550
Jackson Center,OH,40.439490,-84.040220
Jamestown,OH,39.658120,-83.734920
Jefferson,OH,41.738670,-80.769810
Jeffersonville,OH,39.653670,-83.563810
Johnstown,OH,40.153670,-82.685170
Kalida,OH,40.982830,-84.199390
Kent,OH,41.153670,-81.357890
Kenton,OH,40.647000,-83.609650
Kenwood,OH,39.210610,-84.367160
Kettering,OH,39.689500,-84.168830
Kings Mills,OH,39.355610,-84.248550
Kingston,OH,39.473950,-82.910730
Kirtland,OH,41.628940,-81.361500
La Croft,OH,40.645900,-80.597850
Lagrange,OH,41.237280,-82.119870
Lake Darby,OH,39.957280,-83.228800
Lake Lakengren,OH,39.688430,-84.693470
Lake Mohawk,OH,40.666730,-81.199270
Lakemore,OH,41.020890,-81.435950
Lakeview,OH,40.484770,-83.923000
Lakewood,OH,41.481990,-81.798190
Lancaster,OH,39.713680,-82.599330
Landen,OH,39.312000,-84.282990
Leavittsburg,OH,41.247830,-80.877030
Lebanon,OH,39.435340,-84.202990
Leesburg,OH,39.345060,-83.552970
Leetonia,OH,40.877280,-80.755360
Leipsic,OH,41.098380,-83.984670
Lewis Center,OH,40.198400,-83.010180
Lewisburg,OH,39.846160,-84.539670
Lexington,OH,40.678670,-82.582390
Liberty Center,OH,41.443380,-84.008830
Lima,OH,40.742550,-84.105230
Lincoln Heights,OH,40.771450,-82.484330
Lincoln Village,OH,39.954790,-83.130740
Lisbon,OH,39.860890,-83.635200
Lithopolis,OH,39.802840,-82.806280
Lockland,OH,39.229220,-84.457720
Lodi,OH,41.033390,-82.012090
Logan,OH,39.540070,-82.407100
Logan Elm Village,OH,39.569780,-82.951850
London,OH,39.886450,-83.448250
Lorain,OH,41.452820,-82.182370
Lordstown,OH,41.165610,-80.857580
Loudonville,OH,40.635340,-82.233210
Louisville,OH,40.837280,-81.259550
Loveland,OH,39.268950,-84.263830
Loveland Park,OH,39.299780,-84.263270
Lowellville,OH,41.035340,-80.536460
Lucasville,OH,38.879520,-82.996840
Luckey,OH,41.450610,-83.487430
Lynchburg,OH,39.241730,-83.791310
Lyndhurst,OH,41.520050,-81.488730
Macedonia,OH,41.313670,-81.508450
Mack,OH,39.158110,-84.649670
Madeira,OH,39.190890,-84.363550
Madison,OH,41.771160,-81.049820
Malvern,OH,40.691730,-81.181210
Manchester,OH,40.937000,-81.569290
Mansfield,OH,40.758390,-82.515450
Mantua,OH,41.283940,-81.223990
Maple Heights,OH,41.415330,-81.565960
Mariemont,OH,39.145060,-84.374380
Marietta,OH,39.415350,-81.454840
Marion,OH,40.588670,-83.128520
Martins Ferry,OH,40.095910,-80.724530
Marysville,OH,40.236450,-83.367140
Mason,OH,39.360060,-84.309940
Massillon,OH,40.796720,-81.521510
Masury,OH,41.211170,-80.537850
Maumee,OH,41.562830,-83.653820
Mayfield,OH,41.552000,-81.439280
Mayfield Heights,OH,41.519220,-81.457900
McArthur,OH,39.246460,-82.478490
McComb,OH,41.107550,-83.792710
McConnelsville,OH,39.648680,-81.853190
McDonald,OH,41.163670,-80.724240
McKinley Heights,OH,41.183670,-80.717300
Mechanicsburg,OH,40.072000,-83.556310
Medina,OH,41.138390,-81.863750
Mentor,OH,41.666160,-81.339550
Mentor-on-the-Lake,OH,41.705040,-81.360390
Miami Heights,OH,39.165060,-84.720500
Miamisburg,OH,39.642840,-84.286610
Miamitown,OH,39.215890,-84.704110
Middleburg Heights,OH,41.361440,-81.812910
Middlefield,OH,41.462000,-81.073710
Middleport,OH,39.001750,-82.048750
Middletown,OH,39.515060,-84.398280
Milan,OH,41.297550,-82.605450
Milford,OH,39.175340,-84.294380
Millbury,OH,41.566160,-83.424650
Millersburg,OH,40.554510,-81.917920
Millersport,OH,39.900060,-82.534050
Mineral Ridge,OH,41.140060,-80.768970
Minerva,OH,40.729780,-81.105380
Minerva Park,OH,40.076450,-82.943790
Mingo Junction,OH,40.321740,-80.609800
Minster,OH,40.393100,-84.376060
Mogadore,OH,41.046450,-81.397890
Monfort Heights,OH,39.188390,-84.595220
Monroe,OH,39.440340,-84.362160
Monroeville,OH,41.244220,-82.696290
Montgomery,OH,39.228110,-84.354110
Montpelier,OH,41.584500,-84.605510
Montrose-Ghent,OH,41.153800,-81.643780
Moraine,OH,39.706170,-84.219380
Moreland Hills,OH,41.447830,-81.427620
Morgandale,OH,41.265610,-80.782860
Morrow,OH,39.354500,-84.127160
Mount Carmel,OH,39.105890,-84.304100
Mount Gilead,OH,40.549230,-82.827400
Mount Healthy,OH,39.233670,-84.545780
Mount Healthy Heights,OH,39.270330,-84.568000
Mount Orab,OH,39.027570,-83.919650
Mount Repose,OH,39.200620,-84.224380
Mount Sterling,OH,39.719510,-83.265190
Mount Vernon,OH,40.393400,-82.485720
Mulberry,OH,39.193390,-84.242160
Munroe Falls,OH,41.144500,-81.439830
Napoleon,OH,41.392270,-84.125220
Navarre,OH,40.724500,-81.522070
Nelsonville,OH,39.458680,-82.231820
New Albany,OH,40.081170,-82.808790
New Boston,OH,38.752300,-82.936840
New Bremen,OH,40.436990,-84.379670
New Burlington,OH,39.259500,-84.557170
New California,OH,40.156170,-83.236580
New Carlisle,OH,39.936170,-84.025490
New Concord,OH,39.993680,-81.734020
New Franklin,OH,40.941720,-81.541510
New Lebanon,OH,39.745330,-84.384950
New Lexington,OH,39.713960,-82.208480
New London,OH,41.085050,-82.399890
New Matamoras,OH,39.524520,-81.067050
New Miami,OH,39.434780,-84.536890
New Middletown,OH,40.961170,-80.557570
New Paris,OH,39.856990,-84.793290
New Philadelphia,OH,40.489790,-81.445670
New Richmond,OH,38.948680,-84.279940
New Vienna,OH,39.323670,-83.691030
New Waterford,OH,40.845060,-80.614520
Newark,OH,40.058120,-82.401260
Newburgh Heights,OH,41.450050,-81.663460
Newcomerstown,OH,40.272290,-81.605950
Newport,OH,39.390910,-81.226780
Newton Falls,OH,41.188390,-80.978150
Newtown,OH,39.124500,-84.361610
Niles,OH,41.182840,-80.765360
North Baltimore,OH,41.182830,-83.678270
North Canton,OH,40.875890,-81.402340
North College Hill,OH,39.218390,-84.550780
North Fork Village,OH,39.335900,-83.029070
North Kingsville,OH,41.905890,-80.690360
North Lewisburg,OH,40.223110,-83.557430
North Madison,OH,41.825000,-81.056000
North Olmsted,OH,41.415600,-81.923470
North Randall,OH,41.434780,-81.525680
North Ridgeville,OH,41.389490,-82.019030
North Royalton,OH,41.313660,-81.724570
North Zanesville,OH,39.978680,-82.003470
Northbrook,OH,39.246450,-84.583560
Northfield,OH,41.345050,-81.528450
Northgate,OH,39.252830,-84.592450
Northridge,OH,39.807560,-84.196890
Northwood,OH,40.472830,-83.732430
Norton,OH,41.029220,-81.638180
Norwalk,OH,41.242550,-82.615730
Norwood,OH,39.155610,-84.459660
Oak Harbor,OH,41.506720,-83.146590
Oak Hill,OH,40.414230,-82.240990
Oakwood,OH,39.725340,-84.174110
Oberlin,OH,41.293940,-82.217380
Obetz,OH,39.878950,-82.950740
Olmsted Falls,OH,41.375050,-81.908190
Ontario,OH,40.759500,-82.590170
Orange,OH,41.449780,-81.480670
Oregon,OH,41.643660,-83.486880
Orrville,OH,40.843670,-81.764020
Orwell,OH,41.535060,-80.868140
Ottawa,OH,41.019220,-84.047170
Ottawa Hills,OH,41.664220,-83.643270
Oxford,OH,39.507000,-84.745230
Painesville,OH,41.724490,-81.245660
Pandora,OH,40.948110,-83.961050
Park Layne,OH,39.886450,-84.039660
Parma,OH,41.404770,-81.722910
Parma Heights,OH,41.390050,-81.759580
Pataskala,OH,39.995620,-82.674330
Paulding,OH,41.138110,-84.580510
Payne,OH,41.077550,-84.727180
Peebles,OH,38.948960,-83.405750
Pemberville,OH,41.410890,-83.461040
Pepper Pike,OH,41.478390,-81.463730
Perry,OH,41.760330,-81.140930
Perry Heights,OH,40.795340,-81.473450
Perrysburg,OH,41.557000,-83.627160
Pickerington,OH,39.884230,-82.753500
Piketon,OH,39.068130,-83.014340
Pioneer,OH,41.680050,-84.553010
Piqua,OH,40.144770,-84.242440
Plain City,OH,40.107560,-83.267420
Pleasant Grove,OH,39.952010,-81.959020
Pleasant Hill,OH,40.051720,-84.344390
Pleasant Run,OH,39.299780,-84.563560
Pleasant Run Farm,OH,39.303110,-84.548000
Plymouth,OH,40.995610,-82.667120
Poland,OH,41.024230,-80.614800
Pomeroy,OH,39.027580,-82.033750
Port Clinton,OH,41.512000,-82.937690
Portage Lakes,OH,41.007280,-81.527060
Portsmouth,OH,38.731740,-82.997670
Powell,OH,40.157840,-83.075190
Powhatan Point,OH,39.860080,-80.815370
Prospect,OH,40.450340,-83.188530
Ravenna,OH,41.157560,-81.242050
Reading,OH,39.223670,-84.442160
Reminderville,OH,41.345890,-81.395110
Reno,OH,39.372850,-81.395670
Reynoldsburg,OH,39.954790,-82.812120
Richfield,OH,41.239780,-81.638180
Richmond Heights,OH,41.552830,-81.510120
Richville,OH,40.751170,-81.477900
Richwood,OH,40.426450,-83.296860
Ripley,OH,38.745630,-83.844920
Rittman,OH,40.978110,-81.782080
Riverside,OH,39.779780,-84.124100
Roaming Shores,OH,41.643110,-80.823420
Rockford,OH,40.687830,-84.646630
Rocky River,OH,41.475600,-81.839300
Rosemount,OH,38.786190,-82.979060
Roseville,OH,39.807290,-82.071250
Ross,OH,39.312280,-84.650500
Rossford,OH,41.609770,-83.564380
Rossmoyne,OH,39.213670,-84.386880
Russells Point,OH,40.471160,-83.892720
Sabina,OH,39.488670,-83.636870
Saint Bernard,OH,39.167000,-84.498550
Saint Clairsville,OH,40.080630,-80.900090
Saint Henry,OH,40.417550,-84.639680
Saint Marys,OH,40.542270,-84.389400
Saint Paris,OH,40.128390,-83.959660
Salem,OH,40.900890,-80.856750
Salem Heights,OH,39.071730,-84.378270
Salineville,OH,40.622560,-80.837860
Sandusky,OH,41.448940,-82.707960
Sawyerwood,OH,41.037830,-81.440950
Sciotodale,OH,38.754800,-82.868780
Sebring,OH,40.922840,-81.018980
Seven Hills,OH,41.395330,-81.676240
Seville,OH,41.010060,-81.862360
Shadyside,OH,39.970910,-80.750640
Shaker Heights,OH,41.473940,-81.537070
Sharonville,OH,39.268110,-84.413270
Shawnee Hills,OH,39.652840,-83.786870
Sheffield,OH,41.421150,-82.096260
Sheffield Lake,OH,41.487540,-82.101540
Shelby,OH,40.881450,-82.661840
Sherwood,OH,39.084780,-84.360770
Shiloh,OH,39.818670,-84.228550
Shreve,OH,40.681450,-82.021810
Sidney,OH,40.284220,-84.155500
Silver Lake,OH,41.158950,-81.454280
Silverton,OH,39.192840,-84.400500
Sixteen Mile Stand,OH,39.272840,-84.327440
Skyline Acres,OH,39.228670,-84.566890
Smithville,OH,40.862280,-81.861800
Solon,OH,41.389780,-81.441230
Somerset,OH,39.807010,-82.297090
South Amherst,OH,41.355880,-82.253770
South Bloomfield,OH,39.718400,-82.986850
South Canal,OH,41.177280,-80.986760
South Charleston,OH,39.825340,-83.634370
South Euclid,OH,41.523110,-81.518460
South Lebanon,OH,39.370890,-84.213270
South Point,OH,38.417860,-82.586270
South Russell,OH,41.431440,-81.365390
South Zanesville,OH,39.899230,-82.006250
Spencerville,OH,40.708940,-84.353560
Springboro,OH,39.552280,-84.233270
Springdale,OH,39.287000,-84.485220
Springfield,OH,39.924230,-83.808820
Steubenville,OH,40.369790,-80.633960
Stony Prairie,OH,41.345000,-83.141000
Stow,OH,41.159500,-81.440390
Strasburg,OH,40.594780,-81.526790
Streetsboro,OH,41.239220,-81.345940
Strongsville,OH,41.314500,-81.835690
Struthers,OH,41.052560,-80.607850
Stryker,OH,41.503660,-84.414120
Sugarcreek,OH,40.503120,-81.640960
Sugarcreek Police Dept,OH,40.502530,-81.641760
Summerside,OH,39.104780,-84.288270
Sunbury,OH,40.242560,-82.859070
Swanton,OH,41.588660,-83.891050
Sylvania,OH,41.718940,-83.712990
Tallmadge,OH,41.101450,-81.441780
Terrace Park,OH,39.159230,-84.307160
The Plains,OH,39.368960,-82.132370
The Village of Indian Hill,OH,39.179490,-84.335170
Thornport,OH,39.913120,-82.410990
Tiffin,OH,41.114500,-83.177970
Tiltonsville,OH,40.166740,-80.699800
Tipp City,OH,39.958390,-84.172160
Toledo,OH,41.663940,-83.555210
Toronto,OH,40.464230,-80.600910
Trenton,OH,39.480890,-84.457720
Trotwood,OH,39.797280,-84.311330
Troy,OH,40.039500,-84.203280
Turpin Hills,OH,39.110060,-84.379940
Tuscarawas,OH,40.394790,-81.407060
Twinsburg,OH,41.312560,-81.440110
Uhrichsville,OH,40.393120,-81.346500
Union,OH,39.897830,-84.306330
Union City,OH,40.199380,-84.803530
Uniontown,OH,40.975060,-81.408170
University Heights,OH,41.497830,-81.537350
Upper Arlington,OH,39.994510,-83.062410
Upper Sandusky,OH,40.827280,-83.281310
Urbana,OH,40.108390,-83.752430
Urbancrest,OH,39.897560,-83.086850
Utica,OH,40.234230,-82.451270
Valley View,OH,41.387830,-81.604570
Van Wert,OH,40.869490,-84.584120
Vandalia,OH,39.890610,-84.198830
Vermilion,OH,41.421990,-82.364610
Vermilion-on-the-Lake,OH,41.428380,-82.323770
Versailles,OH,40.222550,-84.484400
Wadsworth,OH,41.025610,-81.729850
Wakeman,OH,41.254500,-82.399610
Walbridge,OH,41.587830,-83.493270
Walnut Hills,OH,39.127000,-84.484110
Walton Hills,OH,41.365610,-81.561230
Wapakoneta,OH,40.567830,-84.193560
Warren,OH,41.237560,-80.818420
Warrensville Heights,OH,41.435050,-81.536230
Washington Court House,OH,39.536450,-83.439080
Waterville,OH,41.500890,-83.718270
Wauseon,OH,41.549220,-84.141610
Waverly,OH,39.126730,-82.985460
Waynesville,OH,39.529780,-84.086600
Wellington,OH,41.168940,-82.217940
Wellston,OH,39.123410,-82.532940
Wellsville,OH,40.602840,-80.648960
West Alexandria,OH,39.744500,-84.532170
West Carrollton City,OH,39.672280,-84.252160
West Hill,OH,41.232830,-80.519240
West Jefferson,OH,39.944780,-83.268800
West Lafayette,OH,40.275350,-81.750960
West Liberty,OH,40.252280,-83.755770
West Milton,OH,39.962550,-84.328000
West Portsmouth,OH,38.758410,-83.029060
West Salem,OH,40.971440,-82.109870
West Union,OH,38.794520,-83.545190
West Unity,OH,41.586160,-84.434950
Westerville,OH,40.126170,-82.929070
Westfield Center,OH,41.026440,-81.933200
Westlake,OH,41.455320,-81.917920
Weston,OH,41.344770,-83.797160
Wetherington,OH,39.363670,-84.377440
Wheelersburg,OH,38.730350,-82.855450
White Oak,OH,39.213110,-84.599390
Whitehall,OH,39.966730,-82.885460
Whitehouse,OH,41.518940,-83.803830
Wickliffe,OH,41.605330,-81.453450
Wilberforce,OH,39.716170,-83.877710
Willard,OH,41.053110,-82.726290
Williamsburg,OH,39.054230,-84.052990
Williamsport,OH,39.585900,-83.120460
Willoughby,OH,41.639770,-81.406500
Willoughby Hills,OH,41.598380,-81.418450
Willowick,OH,41.633100,-81.468730
Wilmington,OH,39.445340,-83.828540
Winchester,OH,38.941740,-83.650750
Windham,OH,41.235060,-81.049260
Wintersville,OH,40.375350,-80.703690
Withamsville,OH,39.062280,-84.288270
Wolfhurst,OH,40.069240,-80.783700
Woodlawn,OH,39.252000,-84.470220
Woodsfield,OH,39.762570,-81.115380
Woodville,OH,41.451440,-83.365760
Wooster,OH,40.805170,-81.936460
Worthington,OH,40.093120,-83.017960
Wright-Patterson AFB,OH,39.811130,-84.057310
Wyoming,OH,39.231170,-84.465780
Xenia,OH,39.684780,-83.929650
Yellow Springs,OH,39.806450,-83.886870
Yorkville,OH,40.154520,-80.710360
Youngstown,OH,41.099780,-80.649520
Zanesville,OH,39.940350,-82.013190
Ada,OK,34.774530,-96.678340
Afton,OK,36.693690,-94.963020
Altus,OK,34.638130,-99.333980
Alva,OK,36.804990,-98.667180
Anadarko,OK,35.072560,-98.243660
Antlers,OK,34.231210,-95.620250
Apache,OK,34.893680,-98.365890
Arapaho,OK,35.577830,-98.964530
Ardmore,OK,34.174260,-97.143630
Arkoma,OK,35.354540,-94.434100
Arnett,OK,36.135040,-99.774840
Atoka,OK,34.385930,-96.128330
Barnsdall,OK,36.562020,-96.161670
Bartlesville,OK,36.747310,-95.980820
Beaver,OK,36.816140,-100.519870
Beggs,OK,35.742600,-96.070270
Bethany,OK,35.518670,-97.632260
Bethel Acres,OK,35.308680,-97.025580
Bixby,OK,35.942040,-95.883320
Blackwell,OK,36.804480,-97.282820
Blanchard,OK,35.137840,-97.658090
Boise City,OK,36.729470,-102.513240
Boley,OK,35.493410,-96.483620
Bray,OK,34.637860,-97.817530
Bristow,OK,35.830630,-96.391120
Broken Arrow,OK,36.052600,-95.790820
Broken Bow,OK,34.029280,-94.739100
Buffalo,OK,36.835590,-99.630400
Burns Flat,OK,35.348940,-99.170360
Bushyhead,OK,36.461480,-95.494140
Byng,OK,34.861200,-96.665570
Cache,OK,34.629520,-98.628670
Caddo,OK,34.126760,-96.263320
Calera,OK,33.934540,-96.428600
Carnegie,OK,35.103670,-98.603670
Catoosa,OK,36.188990,-95.745820
Central High,OK,34.623130,-98.089760
Chandler,OK,35.701730,-96.880860
Checotah,OK,35.470100,-95.523040
Chelsea,OK,36.535650,-95.432470
Cherokee,OK,36.754470,-98.356740
Cheyenne,OK,35.613940,-99.671490
Chickasha,OK,35.052570,-97.936430
Choctaw,OK,35.497560,-97.268920
Chouteau,OK,36.185930,-95.343020
Claremore,OK,36.312600,-95.616090
Cleora,OK,36.578970,-94.971070
Cleveland,OK,36.310320,-96.465840
Clinton,OK,35.515610,-98.967310
Coalgate,OK,34.538150,-96.218610
Colbert,OK,33.853160,-96.502490
Collinsville,OK,36.364540,-95.838880
Comanche,OK,34.368970,-97.963920
Commerce,OK,36.933400,-94.873010
Copeland,OK,36.655910,-94.828290
Cordell,OK,35.290610,-98.988410
Coweta,OK,35.951770,-95.650810
Crescent,OK,35.952540,-97.594770
Cushing,OK,35.985060,-96.766970
Cyril,OK,34.896460,-98.200600
Davis,OK,34.504530,-97.119460
Del City,OK,35.442010,-97.440870
Dewey,OK,36.795920,-95.935540
Dickson,OK,34.187320,-96.984460
Drumright,OK,35.988400,-96.601130
Duncan,OK,34.502300,-97.957810
Durant,OK,33.993990,-96.370820
Edmond,OK,35.652830,-97.478100
El Reno,OK,35.532270,-97.955050
Elgin,OK,34.780350,-98.292270
Elk City,OK,35.411990,-99.404260
Enid,OK,36.395590,-97.878390
Erick,OK,35.215330,-99.866490
Eufaula,OK,35.287220,-95.582500
Fairfax,OK,36.573660,-96.704200
Fairland,OK,36.751180,-94.847460
Fairview,OK,36.268920,-98.479800
Fletcher,OK,34.823120,-98.244220
Forest Park,OK,35.504230,-97.446150
Fort Gibson,OK,35.797600,-95.250520
Frederick,OK,34.392030,-99.018410
Geary,OK,35.631160,-98.317290
Geronimo,OK,34.481190,-98.383110
Glenpool,OK,35.955370,-96.008880
Goldsby,OK,35.141180,-97.476980
Goodwell,OK,36.595300,-101.636550
Granite,OK,34.962280,-99.380640
Grove,OK,36.593690,-94.769120
Guthrie,OK,35.878940,-97.425320
Guymon,OK,36.682800,-101.481550
Hall Park,OK,35.237010,-97.406420
Harrah,OK,35.489510,-97.163640
Hartshorne,OK,34.845100,-95.557480
Haskell,OK,35.820380,-95.674150
Healdton,OK,34.233150,-97.487800
Heavener,OK,34.889270,-94.600780
Helena,OK,36.546140,-98.270070
Hennessey,OK,36.109200,-97.898670
Henryetta,OK,35.439830,-95.981940
Hinton,OK,35.471440,-98.355620
Hobart,OK,35.029500,-99.093130
Holdenville,OK,35.080360,-96.399180
Hollis,OK,34.688390,-99.912050
Hominy,OK,36.414240,-96.395300
Hooker,OK,36.860030,-101.213500
Hugo,OK,34.010660,-95.509680
Idabel,OK,33.895660,-94.826330
Inola,OK,36.151210,-95.509420
Jay,OK,36.421190,-94.796900
Jenks,OK,36.022870,-95.968330
Jones,OK,35.565890,-97.286980
Justice,OK,36.292870,-95.566640
Kellyville,OK,35.943700,-96.213610
Kenwood,OK,36.314530,-94.985790
Kiefer,OK,35.944820,-96.065280
Kingfisher,OK,35.861430,-97.931720
Kingston,OK,33.998710,-96.719720
Konawa,OK,34.959530,-96.752800
Krebs,OK,34.927870,-95.715820
Langston,OK,35.945050,-97.255310
Laverne,OK,36.709750,-99.893460
Lawton,OK,34.608690,-98.390330
Lexington,OK,35.014790,-97.335580
Lindsay,OK,34.834800,-97.602530
Locust Grove,OK,36.200090,-95.167740
Lone Grove,OK,34.175370,-97.262790
Longtown,OK,35.245380,-95.512760
Luther,OK,35.661730,-97.195590
Madill,OK,34.090380,-96.771670
Mangum,OK,34.872000,-99.504260
Mannford,OK,36.133410,-96.354460
Marietta,OK,33.937040,-97.116680
Marlow,OK,34.648130,-97.958090
Maud,OK,35.130360,-96.775850
Maysville,OK,34.817300,-97.405860
McAlester,OK,34.933430,-95.769710
McCord,OK,36.678470,-97.040000
McLoud,OK,35.435900,-97.091420
Medford,OK,36.806970,-97.733660
Meeker,OK,35.503400,-96.902800
Meridian,OK,34.427310,-97.978090
Miami,OK,36.874510,-94.877460
Midwest City,OK,35.449510,-97.396700
Minco,OK,35.312840,-97.944490
Moore,OK,35.339510,-97.486700
Mooreland,OK,36.439200,-99.204820
Morris,OK,35.607600,-95.860270
Mounds,OK,35.876480,-96.061110
Muldrow,OK,35.406200,-94.598830
Muskogee,OK,35.747880,-95.369690
Mustang,OK,35.384230,-97.724490
Newcastle,OK,35.247290,-97.599760
Newkirk,OK,36.882250,-97.053370
Nichols Hills,OK,35.550890,-97.548930
Nicoma Park,OK,35.491170,-97.323090
Ninnekah,OK,34.947850,-97.923930
Noble,OK,35.139240,-97.394750
Norman,OK,35.222570,-97.439480
Nowata,OK,36.700650,-95.638030
Oakhurst,OK,36.075370,-96.064440
Oakland,OK,34.100100,-96.793890
Oilton,OK,36.084510,-96.583630
Okarche,OK,35.725880,-97.976440
Okeene,OK,36.116150,-98.317020
Okemah,OK,35.432590,-96.305010
Oklahoma City,OK,35.467560,-97.516430
Okmulgee,OK,35.623440,-95.960550
Oologah,OK,36.447040,-95.708320
Owasso,OK,36.269540,-95.854710
Panama,OK,35.167320,-94.672450
Park Hill,OK,35.861200,-94.958840
Pauls Valley,OK,34.740080,-97.222250
Pawhuska,OK,36.667840,-96.337230
Pawnee,OK,36.337830,-96.803920
Perkins,OK,35.973940,-97.033640
Perry,OK,36.289490,-97.288100
Piedmont,OK,35.642000,-97.746430
Pink,OK,35.260630,-97.119750
Pocola,OK,35.231210,-94.478000
Ponca City,OK,36.706980,-97.085590
Poteau,OK,35.053710,-94.623560
Prague,OK,35.486740,-96.685020
Pryor,OK,36.308430,-95.316910
Pryor Creek,OK,36.308620,-95.317770
Purcell,OK,35.013680,-97.361140
Quinton,OK,35.122880,-95.371090
Ringling,OK,34.178430,-97.592530
Roland,OK,35.421200,-94.514660
Rush Springs,OK,34.782570,-97.956980
Salina,OK,36.292870,-95.153300
Sallisaw,OK,35.460370,-94.787450
Sand Springs,OK,36.139810,-96.108890
Sapulpa,OK,35.998700,-96.114170
Sayre,OK,35.291160,-99.640100
Seminole,OK,35.224520,-96.670570
Shattuck,OK,36.276140,-99.882760
Shawnee,OK,35.327290,-96.925300
Skiatook,OK,36.368420,-96.001380
Slaughterville,OK,35.087290,-97.335030
Snyder,OK,34.658960,-98.951740
Spencer,OK,35.522840,-97.377260
Sperry,OK,36.297310,-95.991390
Spiro,OK,35.241210,-94.619940
Stigler,OK,35.253710,-95.123020
Stillwater,OK,36.115610,-97.058370
Stilwell,OK,35.814530,-94.628560
Stratford,OK,34.796750,-96.959460
Stroud,OK,35.748680,-96.658070
Sulphur,OK,34.507870,-96.968350
Tahlequah,OK,35.915370,-94.969960
Talihina,OK,34.751490,-95.048020
Taloga,OK,36.038650,-98.963710
Tecumseh,OK,35.257850,-96.936690
Texanna,OK,35.347320,-95.436920
The Village,OK,35.560890,-97.551430
Thomas,OK,35.744220,-98.747580
Tishomingo,OK,34.236210,-96.678610
Tonkawa,OK,36.678370,-97.310040
Tulsa,OK,36.153980,-95.992770
Turley,OK,36.242040,-95.975830
Tuttle,OK,35.290890,-97.812270
Union City,OK,35.391720,-97.941440
Verdigris,OK,36.234820,-95.691090
Vian,OK,35.498430,-94.969670
Vinita,OK,36.638690,-95.154130
Wagoner,OK,35.959540,-95.369410
Walters,OK,34.359810,-98.307830
Warner,OK,35.494260,-95.305520
Warr Acres,OK,35.522560,-97.618930
Watonga,OK,35.844770,-98.413130
Waukomis,OK,36.280310,-97.898110
Waurika,OK,34.167040,-97.997540
Weatherford,OK,35.526160,-98.707570
Westville,OK,35.992580,-94.568000
Wetumka,OK,35.237590,-96.241670
Wewoka,OK,35.158690,-96.493350
Wilburton,OK,34.918710,-95.309140
Wilson,OK,34.162040,-97.425860
Wister,OK,34.967320,-94.724670
Woodward,OK,36.433650,-99.390390
Wynnewood,OK,34.643420,-97.164470
Yale,OK,36.114230,-96.699190
Yukon,OK,35.506720,-97.762540
Agate Beach,OR,44.677340,-124.061780
Albany,OR,44.636510,-123.105930
Aloha,OR,45.494280,-122.867050
Altamont,OR,42.206810,-121.737220
Amity,OR,45.115670,-123.207330
Ashland,OR,42.194580,-122.709480
Astoria,OR,46.187880,-123.831250
Athena,OR,45.811800,-118.490530
Aumsville,OR,44.840950,-122.870920
Baker City,OR,44.774870,-117.834380
Bandon,OR,43.119000,-124.408450
Banks,OR,45.618720,-123.114280
Barview,OR,43.354280,-124.313170
Bay City,OR,45.522600,-123.889300
Beavercreek,OR,45.287900,-122.535640
Beaverton,OR,45.487060,-122.803710
Bend,OR,44.058170,-121.315310
Bethany,OR,45.557890,-122.867600
Boardman,OR,45.839860,-119.700580
Brookings,OR,42.052610,-124.283980
Brownsville,OR,44.393460,-122.984810
Bunker Hill,OR,43.355950,-124.204830
Burns,OR,43.586260,-119.054100
Canby,OR,45.262900,-122.692590
Cannon Beach,OR,45.891770,-123.961530
Canyon City,OR,44.389600,-118.950230
Canyonville,OR,42.927340,-123.281170
Carlton,OR,45.294280,-123.176490
Cascade Locks,OR,45.669840,-121.890640
Cave Junction,OR,42.162890,-123.648120
Cedar Hills,OR,45.504840,-122.798430
Cedar Mill,OR,45.524840,-122.810930
Central Point,OR,42.375960,-122.916430
Chenoweth,OR,45.627620,-121.243410
Clackamas,OR,45.407620,-122.570370
Clatskanie,OR,46.101220,-123.206790
Coburg,OR,44.137070,-123.066480
Columbia City,OR,45.890110,-122.807050
Condon,OR,45.234300,-120.185030
Coos Bay,OR,43.366500,-124.217890
Coquille,OR,43.177050,-124.187610
Cornelius,OR,45.519840,-123.059830
Corvallis,OR,44.564570,-123.262040
Cottage Grove,OR,43.797620,-123.059520
Creswell,OR,43.917900,-123.024530
Culp Creek,OR,43.703460,-122.847570
Culver,OR,44.525680,-121.213100
Dallas,OR,44.919280,-123.317050
Damascus,OR,45.417620,-122.458980
Dayton,OR,45.220670,-123.076210
Depoe Bay,OR,44.808450,-124.063170
Deschutes River Woods,OR,43.991510,-121.358360
Donald,OR,45.222340,-122.839260
Drain,OR,43.658730,-123.318700
Dundee,OR,45.278170,-123.010940
Dunes City,OR,43.883180,-124.115120
Durham,OR,45.402060,-122.752870
Eagle Point,OR,42.472630,-122.802820
Elgin,OR,45.564860,-117.917430
Enterprise,OR,45.426260,-117.278780
Estacada,OR,45.289570,-122.333700
Eugene,OR,44.052070,-123.086750
Fairview,OR,45.538450,-122.433980
Florence,OR,43.982620,-124.099840
Forest Grove,OR,45.519840,-123.110660
Fossil,OR,44.998190,-120.216140
Four Corners,OR,44.927900,-122.983710
Fruitdale,OR,42.422060,-123.308110
Garden Home-Whitford,OR,45.464000,-122.758910
Gearhart,OR,46.024270,-123.911250
Gervais,OR,45.108180,-122.897600
Gladstone,OR,45.380680,-122.594810
Glide,OR,43.301510,-123.101180
Gold Beach,OR,42.407330,-124.421770
Gold Hill,OR,42.431790,-123.050600
Grand Ronde,OR,45.060110,-123.609280
Grants Pass,OR,42.439330,-123.330670
Green,OR,43.160390,-123.367850
Gresham,OR,45.498180,-122.431480
Happy Valley,OR,45.446790,-122.530370
Harbor,OR,42.053170,-124.267590
Harrisburg,OR,44.274010,-123.170650
Hayesville,OR,44.985950,-122.982870
Heppner,OR,45.353180,-119.557800
Hermiston,OR,45.840410,-119.289460
Hillsboro,OR,45.522890,-122.989830
Hines,OR,43.564040,-119.081050
Hood River,OR,45.705400,-121.521460
Hubbard,OR,45.182340,-122.807870
Independence,OR,44.851230,-123.186770
Irrigon,OR,45.895690,-119.491410
Island City,OR,45.340970,-118.044660
Jacksonville,OR,42.313460,-122.966990
Jefferson,OR,44.719570,-123.010370
Jennings Lodge,OR,45.391230,-122.612590
John Day,OR,44.415990,-118.953010
Joseph,OR,45.354320,-117.229610
Junction City,OR,44.219290,-123.205650
Keizer,OR,44.990120,-123.026210
Kenton,OR,45.581780,-122.681490
King City,OR,45.391000,-122.815780
Klamath Falls,OR,42.224870,-121.781670
La Grande,OR,45.324580,-118.087720
La Pine,OR,43.670400,-121.503640
Lafayette,OR,45.244280,-123.114830
Lake Oswego,OR,45.420670,-122.670650
Lakeside,OR,43.575670,-124.175110
Lakeview,OR,42.188770,-120.345790
Lebanon,OR,44.536510,-122.907030
Lents,OR,45.479840,-122.567310
Lincoln Beach,OR,44.850390,-124.046780
Lincoln City,OR,44.958160,-124.017890
Lowell,OR,43.918460,-122.783680
Lyons,OR,44.774570,-122.615090
Madras,OR,44.633450,-121.129490
McMinnville,OR,45.210120,-123.198720
Medford,OR,42.326520,-122.875590
Merlin,OR,42.517340,-123.419790
Metzger,OR,45.446510,-122.758990
Mill City,OR,44.754010,-122.478140
Millersburg,OR,44.680950,-123.061480
Milton-Freewater,OR,45.932630,-118.387740
Milwaukie,OR,45.446230,-122.639260
Mission,OR,45.670410,-118.683590
Molalla,OR,45.147340,-122.577030
Monmouth,OR,44.848450,-123.233990
Moro,OR,45.484010,-120.731170
Mount Angel,OR,45.067900,-122.800090
Mount Hood Village,OR,45.355400,-121.980640
Mulino,OR,45.221510,-122.582030
Myrtle Creek,OR,43.020120,-123.293120
Myrtle Point,OR,43.064830,-124.138990
New Hope,OR,42.362340,-123.367840
Newberg,OR,45.300120,-122.973160
Newport,OR,44.636780,-124.053450
North Bend,OR,43.406500,-124.224280
North Plains,OR,45.597060,-122.993440
North Portland,OR,45.610390,-122.703430
Nyssa,OR,43.876830,-116.994880
Oak Grove,OR,45.416790,-122.640090
Oak Hills,OR,45.541230,-122.841210
Oakridge,OR,43.746510,-122.461720
Oatfield,OR,45.414180,-122.600070
Odell,OR,45.627060,-121.543130
Ontario,OR,44.026550,-116.962940
Oregon City,OR,45.357340,-122.606760
Pacific City,OR,45.202330,-123.962890
Pendleton,OR,45.672070,-118.788600
Philomath,OR,44.540120,-123.367600
Phoenix,OR,42.275410,-122.818090
Pilot Rock,OR,45.483180,-118.829980
Port Orford,OR,42.745660,-124.497330
Portland,OR,45.523450,-122.676210
Prineville,OR,44.299850,-120.834470
Rainier,OR,46.089000,-122.935940
Raleigh Hills,OR,45.480670,-122.762040
Redmond,OR,44.272620,-121.173920
Redwood,OR,42.422060,-123.387280
Reedsport,OR,43.702340,-124.096780
Riddle,OR,42.950950,-123.364230
Rockaway Beach,OR,45.613440,-123.942910
Rockcreek,OR,45.550120,-122.877050
Rogue River,OR,42.435950,-123.172000
Rose Lodge,OR,45.010390,-123.880390
Roseburg,OR,43.216500,-123.341740
Roseburg North,OR,43.269000,-123.351000
Saint Helens,OR,45.864000,-122.806490
Salem,OR,44.942900,-123.035100
Sandy,OR,45.397340,-122.261480
Scappoose,OR,45.754280,-122.877600
Seaside,OR,45.993160,-123.922640
Shady Cove,OR,42.610680,-122.812540
Sheridan,OR,45.099280,-123.394830
Sherwood,OR,45.356510,-122.840100
Siletz,OR,44.721780,-123.920110
Silverton,OR,45.005120,-122.783150
Sisters,OR,44.290950,-121.549210
South Lebanon,OR,44.506230,-122.903140
Springfield,OR,44.046240,-123.022030
Stafford,OR,45.381000,-122.704000
Stanfield,OR,45.780410,-119.217240
Stayton,OR,44.800680,-122.794530
Sublimity,OR,44.829570,-122.794530
Sunriver,OR,43.884010,-121.438640
Sutherlin,OR,43.390120,-123.312580
Sweet Home,OR,44.397620,-122.736200
Talent,OR,42.245680,-122.788650
Tangent,OR,44.541230,-123.108150
Terrebonne,OR,44.352900,-121.177810
The Dalles,OR,45.594560,-121.178680
Three Rivers,OR,43.820120,-121.469190
Tigard,OR,45.431230,-122.771490
Tillamook,OR,45.456400,-123.845530
Toledo,OR,44.621510,-123.938450
Tri-City,OR,42.984560,-123.311730
Troutdale,OR,45.539290,-122.387310
Tualatin,OR,45.384010,-122.763990
Turner,OR,44.843180,-122.952870
Umatilla,OR,45.917350,-119.342520
Union,OR,45.208470,-117.865210
Vale,OR,43.982110,-117.238230
Veneta,OR,44.048730,-123.350930
Vernonia,OR,45.858720,-123.192890
Waldport,OR,44.426790,-124.068730
Warm Springs,OR,44.763450,-121.266160
Warren,OR,45.819000,-122.848990
Warrenton,OR,46.165100,-123.923760
West Haven,OR,45.517620,-122.769540
West Haven-Sylvan,OR,45.516130,-122.768090
West Linn,OR,45.365680,-122.612310
West Slope,OR,45.498730,-122.764540
White City,OR,42.437350,-122.832000
Willamina,OR,45.078730,-123.485940
Williams,OR,42.218730,-123.273940
Wilsonville,OR,45.299840,-122.773710
Winston,OR,43.122340,-123.412570
Wood Village,OR,45.534290,-122.418700
Woodburn,OR,45.143730,-122.855370
Yamhill,OR,45.341500,-123.187330
Yoncalla,OR,43.598450,-123.283420
Abbottstown,PA,39.886490,-76.984700
Abington,PA,40.120670,-75.117950
Academy Garden,PA,40.061780,-74.996280
Acme,PA,40.126740,-79.428650
Adamstown,PA,40.241200,-76.056330
Airville,PA,39.832320,-76.406350
Akron,PA,40.156760,-76.202170
Albion,PA,40.958950,-78.946980
Alburtis,PA,40.510930,-75.602970
Aldan,PA,39.921500,-75.287960
Aliquippa,PA,40.636730,-80.240060
Allegheny West,PA,40.008450,-75.177960
Alleghenyville,PA,40.234260,-75.988550
Allen Lane,PA,40.056500,-75.197400
Allentown,PA,40.608430,-75.490180
Allison Park,PA,40.559510,-79.958670
Almedia,PA,41.014530,-76.381050
Altoona,PA,40.518680,-78.394740
Ambler,PA,40.154550,-75.221570
Ambridge,PA,40.589230,-80.225060
Amity Gardens,PA,40.274260,-75.735190
Ancient Oaks,PA,40.547320,-75.589350
Andorra,PA,40.072610,-75.231290
Angora,PA,39.944000,-75.237680
Annville,PA,40.329540,-76.515240
Apollo,PA,40.581450,-79.566430
Archbald,PA,41.494800,-75.536850
Ardmore,PA,40.006780,-75.285460
Arlington Heights,PA,40.990090,-75.216290
Arnold,PA,40.580070,-79.766720
Ashland,PA,40.781750,-76.345780
Ashley,PA,41.210360,-75.896590
Aspinwall,PA,40.491460,-79.904770
Atglen,PA,39.949270,-75.973560
Athens,PA,41.957300,-76.518000
Audubon,PA,40.127880,-75.431850
Avalon,PA,40.500900,-80.067560
Avis,PA,41.184790,-77.313860
Avoca,PA,41.339800,-75.736300
Avon,PA,40.345650,-76.389960
Avondale,PA,39.823440,-75.783270
Avonia,PA,42.045610,-80.269790
Back Mountain,PA,41.335910,-75.996310
Baden,PA,40.635070,-80.228120
Baidland,PA,40.194790,-79.970880
Bainbridge,PA,40.090930,-76.667470
Bakerstown,PA,40.650900,-79.936440
Bala Cynwyd,PA,40.007610,-75.234070
Baldwin,PA,40.338130,-79.978940
Bally,PA,40.402320,-75.587130
Bangor,PA,40.865650,-75.206570
Barnesboro,PA,40.662570,-78.780030
Bartram Village,PA,39.930300,-75.216900
Bath,PA,40.725650,-75.394070
Bear Rocks,PA,40.122850,-79.461700
Beaver,PA,40.695340,-80.304780
Beaver Falls,PA,40.752010,-80.319230
Beaverdale,PA,40.322020,-78.696960
Bedford,PA,40.018690,-78.503910
Bedminster,PA,40.425940,-75.179060
Beech Mountain Lakes,PA,41.041580,-75.935450
Belfast,PA,40.780650,-75.277960
Bell Acres,PA,40.590070,-80.166450
Bell Road (historical),PA,39.906780,-75.233790
Bella Vista,PA,39.935390,-75.157120
Belle Vernon,PA,40.125070,-79.866440
Bellefonte,PA,40.913390,-77.778330
Belleville,PA,40.605070,-77.725550
Bellevue,PA,40.493960,-80.051720
Bellwood,PA,40.603400,-78.324740
Belmont,PA,39.965670,-75.202400
Ben Avon,PA,40.508120,-80.083110
Bensalem,PA,40.104550,-74.951280
Bentleyville,PA,40.116740,-80.008390
Berlin,PA,39.920640,-78.957800
Berwick,PA,41.054530,-76.233270
Berwyn,PA,40.044830,-75.438810
Bessemer,PA,40.974780,-80.493680
Bethel Park,PA,40.327570,-80.039500
Bethlehem,PA,40.625930,-75.370460
Big Bass Lake,PA,41.253830,-75.476440
Big Beaver,PA,40.824510,-80.362840
Biglerville,PA,39.930370,-77.248040
Birchwood Lakes,PA,41.254540,-74.918500
Birdsboro,PA,40.264540,-75.804090
Black Lick,PA,40.472500,-79.186880
Blairsville,PA,40.431180,-79.260870
Blakely,PA,41.480910,-75.594630
Blandon,PA,40.441200,-75.886870
Blawnox,PA,40.493400,-79.860610
Bloomfield,PA,40.460900,-79.950890
Bloomsburg,PA,41.003700,-76.454950
Blossburg,PA,41.679520,-77.063860
Blue Ball,PA,40.118710,-76.047170
Blue Bell,PA,40.152330,-75.266290
Blue Grass,PA,40.065670,-75.027390
Boalsburg,PA,40.775620,-77.792500
Boiling Springs,PA,40.149810,-77.128310
Bonneauville,PA,39.812040,-77.137210
Boothwyn,PA,39.830110,-75.441580
Boswell,PA,40.161470,-79.028920
Bowmansville,PA,40.196760,-76.017440
Boyertown,PA,40.333710,-75.637410
Brackenridge,PA,40.608120,-79.741160
Braddock,PA,40.403400,-79.868380
Braddock Hills,PA,40.417290,-79.865050
Bradford,PA,41.955900,-78.643920
Bradford Woods,PA,40.637570,-80.081720
Breinigsville,PA,40.536760,-75.631300
Brentwood,PA,40.370630,-79.974770
Bressler,PA,40.229530,-76.819970
Brewerytown,PA,39.977060,-75.181850
Brickerville,PA,40.225930,-76.302460
Bridesburg,PA,40.000390,-75.069620
Bridgeport,PA,40.105110,-75.345180
Bridgeville,PA,40.356180,-80.110060
Bristol,PA,40.100670,-74.851830
Brittany Farms-Highlands,PA,40.269010,-75.214010
Brockway,PA,41.249230,-78.799470
Brodheadsville,PA,40.924540,-75.393790
Brookhaven,PA,39.869280,-75.382410
Brookville,PA,41.161170,-79.083090
Broomall,PA,39.981500,-75.356580
Brownstown,PA,40.123710,-76.213840
Brownsville,PA,40.023690,-79.883940
Browntown,PA,41.309800,-75.787420
Bryn Athyn,PA,40.131500,-75.067390
Bryn Mawr,PA,40.303960,-80.086720
Burgettstown,PA,40.382010,-80.392840
Burnham,PA,40.638680,-77.568610
Bustleton,PA,40.082610,-75.031560
Butler,PA,40.861180,-79.895330
California,PA,40.065630,-79.891710
Caln,PA,39.990940,-75.780220
Calumet,PA,40.210900,-79.485320
Cambridge Springs,PA,41.803670,-80.056440
Camp Hill,PA,40.239810,-76.919970
Campbelltown,PA,40.277590,-76.585250
Canadensis,PA,41.192040,-75.251290
Canonsburg,PA,40.262570,-80.187280
Canton,PA,41.656460,-76.853290
Carbondale,PA,41.573690,-75.501850
Carlisle,PA,40.201480,-77.188870
Carnegie,PA,40.408680,-80.083390
Carnot-Moon,PA,40.518560,-80.217360
Carpenter,PA,40.052330,-75.200180
Carroll Park,PA,39.970950,-75.236570
Carroll Valley,PA,39.749260,-77.383040
Castanea,PA,41.124790,-77.429700
Castle Shannon,PA,40.364790,-80.022280
Catasauqua,PA,40.654820,-75.474630
Catawissa,PA,40.952030,-76.459670
Cecil-Bishop,PA,40.318190,-80.193310
Cedar Park,PA,39.950390,-75.227400
Cedarbrook,PA,40.077990,-75.176750
Cementon,PA,40.689260,-75.507680
Center City,PA,39.951200,-75.159230
Centerville,PA,40.045350,-79.975610
Central City,PA,40.110630,-78.801970
Centre Hall,PA,40.847560,-77.686110
Cetronia,PA,40.586760,-75.529630
Chalfont,PA,40.288440,-75.209060
Chambersburg,PA,39.937590,-77.661100
Charleroi,PA,40.137850,-79.898100
Cheltenham,PA,40.060940,-75.094060
Cherryville,PA,40.753980,-75.538520
Chester,PA,39.847530,-75.357850
Chester Heights,PA,39.890110,-75.475480
Chester Springs,PA,40.095100,-75.616870
Chesterbrook,PA,40.075660,-75.459080
Chestnut Hill,PA,40.077060,-75.207400
Cheswick,PA,40.541730,-79.799220
Chevy Chase Heights,PA,40.636730,-79.144200
Chicora,PA,40.948120,-79.742830
Chinatown,PA,39.953450,-75.154620
Chinchilla,PA,41.475080,-75.677130
Christiana,PA,39.954830,-75.996890
Church Hill,PA,40.682010,-77.598610
Churchill,PA,40.438400,-79.843100
Churchville,PA,40.194000,-75.004000
Clairton,PA,40.292290,-79.881710
Clarion,PA,41.214790,-79.385320
Clarks Green,PA,41.492860,-75.699640
Clarks Summit,PA,41.488690,-75.708520
Clay,PA,40.218430,-76.255510
Claysburg,PA,40.296740,-78.449740
Clearfield,PA,41.027280,-78.439190
Cleona,PA,40.337310,-76.475520
Clifton Heights,PA,39.929280,-75.296300
Clymer,PA,40.668120,-79.011700
Coaldale,PA,40.822870,-75.906870
Coatesville,PA,39.983160,-75.823840
Cobbs Creek,PA,39.947610,-75.240180
Cochranton,PA,41.520050,-80.048390
Collegeville,PA,40.185660,-75.451570
Collingdale,PA,39.911780,-75.277130
Collinsburg,PA,40.224240,-79.768380
Colonial Park,PA,40.300640,-76.809690
Colony Park,PA,40.346830,-75.982400
Columbia,PA,40.033710,-76.504410
Colwyn,PA,39.912340,-75.253790
Conashaugh Lakes,PA,41.305930,-74.989620
Conemaugh,PA,40.326000,-78.897000
Conestoga,PA,39.940660,-76.346350
Conneaut Lakeshore,PA,41.627110,-80.310080
Connellsville,PA,40.017850,-79.589480
Conshohocken,PA,40.079280,-75.301570
Conway,PA,40.659790,-80.239230
Conyngham,PA,40.992030,-76.056590
Coopersburg,PA,40.511490,-75.390460
Coplay,PA,40.670100,-75.495460
Coraopolis,PA,40.518400,-80.166720
Cornwall,PA,40.273700,-76.406070
Cornwells Heights,PA,40.076780,-74.948780
Corry,PA,41.920330,-79.640330
Coudersport,PA,41.774790,-78.020560
Crafton,PA,40.435070,-80.066170
Cranberry Township,PA,40.684960,-80.107140
Cresco,PA,41.153980,-75.280460
Cresson,PA,40.459790,-78.591680
Cressona,PA,40.626760,-76.192720
Croydon,PA,40.087330,-74.903500
Curtisville,PA,40.642290,-79.850890
Curwensville,PA,40.975610,-78.525020
Dale,PA,40.312850,-78.904190
Dallas,PA,41.336190,-75.963250
Dallastown,PA,39.899540,-76.640250
Dalton,PA,41.534240,-75.736030
Danville,PA,40.963420,-76.612730
Darby,PA,39.918450,-75.259070
Davidsville,PA,40.227020,-78.936410
Delmont,PA,40.413120,-79.570320
Denver,PA,40.233150,-76.137170
Derry,PA,40.333960,-79.299760
Devon,PA,40.049280,-75.429080
Dewart,PA,41.109250,-76.876630
Dickson City,PA,41.471470,-75.607690
Dillsburg,PA,40.110930,-77.034980
Donora,PA,40.173400,-79.857550
Dormont,PA,40.395900,-80.033110
Dorneyville,PA,40.575100,-75.519630
Dover,PA,40.001760,-76.850250
Downingtown,PA,40.006500,-75.703270
Doylestown,PA,40.310110,-75.129890
Dravosburg,PA,40.350630,-79.886160
Dresher,PA,40.140940,-75.166840
Drexel Hill,PA,39.947060,-75.292130
Dublin,PA,40.371770,-75.201560
DuBois,PA,41.119230,-78.760030
Duboistown,PA,41.222580,-77.036910
Dunbar,PA,39.977850,-79.614480
Duncannon,PA,40.398140,-77.023030
Duncansville,PA,40.423410,-78.433900
Dunmore,PA,41.419800,-75.632410
Dunnstown,PA,41.145900,-77.421370
Dupont,PA,41.325080,-75.745470
Duquesne,PA,40.381460,-79.859770
Duryea,PA,41.343970,-75.738530
Eagleview,PA,40.059380,-75.680760
Eagleville,PA,40.159550,-75.408240
Earlston,PA,40.006190,-78.370010
East Bangor,PA,40.879540,-75.183790
East Berlin,PA,39.937600,-76.978590
East Berwick,PA,41.062030,-76.222430
East Conemaugh,PA,40.348680,-78.883640
East Earl,PA,40.110100,-76.032720
East Falls,PA,40.014560,-75.191570
East Greenville,PA,40.406490,-75.501850
East Lansdowne,PA,39.945670,-75.261290
East McKeesport,PA,40.383120,-79.806440
East Mount Airy,PA,40.064500,-75.187500
East Norriton,PA,40.150430,-75.336370
East Oak Lane,PA,40.050110,-75.132950
East Petersburg,PA,40.100100,-76.354130
East Pittsburgh,PA,40.395620,-79.838660
East Stroudsburg,PA,40.999540,-75.181290
East Uniontown,PA,39.899800,-79.697820
East Washington,PA,40.173680,-80.237560
East York,PA,39.973710,-76.686360
Eastlawn Gardens,PA,40.750650,-75.295730
Easton,PA,40.688430,-75.220730
Eastwick,PA,39.890390,-75.242400
Ebensburg,PA,40.485070,-78.724740
Economy,PA,40.600070,-80.224780
Eddington,PA,40.084560,-74.944890
Eddystone,PA,39.860110,-75.344360
Edgewood,PA,40.432010,-79.881440
Edgeworth,PA,40.551180,-80.192840
Edinboro,PA,41.874220,-80.131720
Edwardsville,PA,41.269530,-75.916310
Effort,PA,40.939260,-75.434910
Egypt,PA,40.680100,-75.529910
Elim,PA,40.297850,-78.942530
Elizabeth,PA,40.269240,-79.889770
Elizabethtown,PA,40.152870,-76.602750
Elizabethville,PA,40.548970,-76.811920
Elkins Park,PA,40.077060,-75.126840
Elkland,PA,41.986180,-77.310810
Ellport,PA,40.863950,-80.258950
Ellwood City,PA,40.861730,-80.286450
Elmwood,PA,39.917890,-75.227960
Elverson,PA,40.156760,-75.832710
Elysburg,PA,40.864530,-76.552460
Emerald Lakes,PA,41.088420,-75.419630
Emigsville,PA,40.021760,-76.728020
Emmaus,PA,40.539540,-75.496850
Emporium,PA,41.511450,-78.235290
Emsworth,PA,40.510070,-80.094500
Enhaut,PA,40.231760,-76.826920
Enlow,PA,40.454230,-80.233110
Enola,PA,40.290090,-76.933860
Ephrata,PA,40.179820,-76.178840
Erie,PA,42.129220,-80.085060
Espy,PA,41.006200,-76.409940
Etna,PA,40.504240,-79.948940
Evans City,PA,40.769230,-80.062840
Evansburg,PA,40.180940,-75.429070
Everett,PA,40.011470,-78.373350
Exeter,PA,41.320640,-75.819080
Exton,PA,40.029000,-75.620770
Factoryville,PA,41.563130,-75.782690
Fairchance,PA,39.824800,-79.754490
Fairdale,PA,39.887020,-79.968110
Fairhope,PA,40.113680,-79.839770
Fairless Hills,PA,40.179550,-74.855160
Fairmount,PA,39.972330,-75.181010
Fairview,PA,42.031450,-80.255340
Fairview-Ferndale,PA,40.780370,-76.575280
Falls Creek,PA,41.145060,-78.804470
Farrell,PA,41.212280,-80.496740
Faxon,PA,41.248410,-76.977190
Fayetteville,PA,39.911200,-77.549990
Feasterville,PA,40.150000,-74.997000
Fellsburg,PA,40.183130,-79.824210
Ferndale,PA,40.288960,-78.914750
Fernway,PA,40.694790,-80.130890
Fishtown,PA,39.965110,-75.135450
Fivepointville,PA,40.182870,-76.051060
Fleetwood,PA,40.453980,-75.817980
Flemington,PA,41.126460,-77.471650
Flourtown,PA,40.103440,-75.212400
Flying Hills,PA,40.276760,-75.914100
Folcroft,PA,39.890950,-75.283800
Folsom,PA,39.889830,-75.325190
Ford City,PA,40.772290,-79.529770
Forest City,PA,41.651470,-75.466570
Forest Hills,PA,40.419790,-79.850050
Fort Washington,PA,40.141780,-75.209060
Forty Fort,PA,41.278970,-75.878250
Foster Brook,PA,41.975060,-78.617250
Fountain Hill,PA,40.601490,-75.395180
Fox Chapel,PA,40.513400,-79.879770
Fox Chase,PA,40.081220,-75.080170
Fox Run,PA,40.702290,-80.082840
Frackville,PA,40.783980,-76.230220
Frankford,PA,40.013840,-75.078590
Franklin,PA,41.397840,-79.831440
Franklin Park,PA,40.583400,-80.087840
Fredericksburg,PA,40.443700,-76.428290
Freedom,PA,40.685620,-80.251730
Freeland,PA,41.016750,-75.897140
Freemansburg,PA,40.626490,-75.345740
Freeport,PA,40.673950,-79.684770
Friedens,PA,40.050080,-78.998360
Fullerton,PA,40.631760,-75.473240
Galeton,PA,41.733120,-77.641930
Gallitzin,PA,40.482290,-78.551680
Gap,PA,39.987320,-76.020510
Garden Court,PA,39.953090,-75.221410
Garden View,PA,41.254240,-77.046080
Gastonville,PA,40.257290,-79.995880
Geistown,PA,40.290910,-78.868910
Georgetown,PA,41.227300,-75.868810
Germantown,PA,40.043440,-75.180180
Gettysburg,PA,39.830930,-77.231100
Gibsonia,PA,40.630070,-79.969500
Gilbertsville,PA,40.320100,-75.610180
Girard,PA,42.000330,-80.318120
Girard Estate,PA,39.923450,-75.184620
Girardville,PA,40.791480,-76.283560
Glassport,PA,40.324790,-79.892270
Glen Lyon,PA,41.175080,-76.074650
Glen Rock,PA,39.793160,-76.730250
Glen Willow,PA,40.034830,-75.225740
Glenolden,PA,39.900110,-75.289070
Glenshaw,PA,40.532850,-79.967550
Glenside,PA,40.102330,-75.152120
Gold Key Lake,PA,41.305930,-74.938500
Grantley,PA,39.940380,-76.729130
Grays Ferry,PA,39.935110,-75.192120
Green Tree,PA,40.411740,-80.045610
Greencastle,PA,39.790370,-77.727770
Greenfields,PA,40.359900,-75.951990
Greenock,PA,40.312290,-79.806710
Greensburg,PA,40.301460,-79.538930
Greenville,PA,41.404500,-80.391180
Greenwood,PA,40.535900,-78.357510
Grill,PA,40.298700,-75.940490
Grove City,PA,41.157840,-80.088670
Guilford,PA,39.915410,-77.601050
Guilford Siding,PA,39.865370,-77.612490
Haddington,PA,39.965780,-75.237640
Halfway House,PA,40.282040,-75.643240
Hallam,PA,40.004820,-76.604130
Hallstead,PA,41.961190,-75.743240
Hamburg,PA,40.555650,-75.981880
Hanover,PA,39.800660,-76.983040
Harleigh,PA,40.980640,-75.971310
Harleysville,PA,40.279550,-75.387120
Harrisburg,PA,40.273700,-76.884420
Hartranft,PA,39.984830,-75.147120
Harveys Lake,PA,41.383410,-76.024650
Hasson Heights,PA,41.448950,-79.677000
Hastings,PA,40.665070,-78.712250
Hatboro,PA,40.174280,-75.106840
Hatfield,PA,40.279830,-75.299340
Havertown,PA,39.980950,-75.308520
Hawley,PA,41.475920,-75.182120
Hawthorne,PA,39.935950,-75.167120
Hazleton,PA,40.958420,-75.974650
Hebron,PA,40.338980,-76.399400
Heidelberg,PA,40.392290,-80.090890
Hellertown,PA,40.579540,-75.340730
Hemlock Farms,PA,41.326760,-75.036560
Hermitage,PA,41.233390,-80.448680
Hershey,PA,40.285920,-76.650250
Highland Park,PA,40.620910,-77.568050
Highspire,PA,40.210920,-76.791080
Hilldale,PA,41.289250,-75.836310
Hiller,PA,40.010350,-79.900880
Hokendauqua,PA,40.662040,-75.491020
Hollidaysburg,PA,40.427290,-78.388900
Holmesburg,PA,40.041500,-75.027950
Homeacre-Lyndora,PA,40.872060,-79.920600
Homer City,PA,40.543400,-79.162260
Homestead,PA,40.405900,-79.911990
Hometown,PA,40.823700,-75.980200
Honesdale,PA,41.576760,-75.258790
Honey Brook,PA,40.094270,-75.911330
Hopwood,PA,39.877020,-79.701990
Horsham,PA,40.178440,-75.128510
Houserville,PA,40.823950,-77.828890
Houston,PA,40.246460,-80.211450
Hudson,PA,41.274800,-75.836030
Hughestown,PA,41.327020,-75.773250
Hughesville,PA,41.241190,-76.723850
Hummels Wharf,PA,40.831750,-76.835800
Hummelstown,PA,40.265370,-76.708300
Hunting Park,PA,40.016500,-75.143790
Huntingdon,PA,40.484800,-78.010280
Hyde,PA,41.002560,-78.462520
Hyde Park,PA,40.377320,-75.925210
Imperial,PA,40.449510,-80.244500
Indian Mountain Lake,PA,41.003140,-75.508240
Indiana,PA,40.621460,-79.152530
Industry,PA,40.264510,-79.792270
Ingram,PA,40.446180,-80.067550
Inkerman,PA,41.298970,-75.812690
Intercourse,PA,40.037600,-76.104950
Irwin,PA,40.324510,-79.701150
Ivyland,PA,40.207890,-75.072670
Jacksonwald,PA,40.324540,-75.849650
Jacobus,PA,39.883160,-76.710520
Jeannette,PA,40.328120,-79.615320
Jefferson Hills,PA,40.291180,-79.931990
Jenkintown,PA,40.095940,-75.125170
Jermyn,PA,41.530910,-75.545460
Jerome,PA,40.208960,-78.983640
Jersey Shore,PA,41.202020,-77.264420
Jessup,PA,41.468690,-75.562130
Jim Thorpe,PA,40.875920,-75.732410
Johnsonburg,PA,40.886180,-78.877810
Johnstown,PA,40.326740,-78.921970
Jonestown,PA,40.413700,-76.478300
Juniata Park,PA,40.008450,-75.108790
Kane,PA,41.662840,-78.811140
Kenhorst,PA,40.310650,-75.939380
Kenilworth,PA,40.231490,-75.634080
Kenmar,PA,41.253410,-76.959410
Kennedy Township,PA,40.477630,-80.103130
Kennett Square,PA,39.846780,-75.711600
Kensington,PA,39.985950,-75.131840
King of Prussia,PA,40.089270,-75.396020
Kingsessing,PA,39.936780,-75.229630
Kingston,PA,41.261750,-75.896860
Kittanning,PA,40.816450,-79.521990
Knox,PA,41.234510,-79.537270
Kulpmont,PA,40.793420,-76.472450
Kulpsville,PA,40.242880,-75.336560
Kutztown,PA,40.517320,-75.777420
Lafayette Hill,PA,40.092450,-75.253300
Laflin,PA,41.288970,-75.805470
Lake City,PA,42.014220,-80.345340
Lake Heritage,PA,39.809540,-77.183870
Lake Latonka,PA,41.290390,-80.181290
Lake Meade,PA,39.985100,-77.037200
Lake Wynonah,PA,40.599260,-76.163830
Lakemont,PA,40.472850,-78.388350
Lampeter,PA,39.990100,-76.239680
Lancaster,PA,40.037880,-76.305510
Landenberg,PA,39.777330,-75.771330
Landisville,PA,40.095370,-76.409960
Langhorne,PA,40.174550,-74.922670
Langhorne Manor,PA,40.167050,-74.917670
Lansdale,PA,40.241500,-75.283790
Lansdowne,PA,39.938170,-75.271850
Lansford,PA,40.831760,-75.882420
Laporte,PA,41.423970,-76.494110
Larksville,PA,41.245080,-75.930750
Latrobe,PA,40.321180,-79.379480
Laureldale,PA,40.388150,-75.917980
Laurys Station,PA,40.723150,-75.530180
Lawndale,PA,40.050390,-75.091560
Lawnton,PA,40.258420,-76.803860
Lawrence Park,PA,42.152280,-80.023110
Lawson Heights,PA,40.291740,-79.389200
Lebanon,PA,40.340930,-76.411350
Lebanon South,PA,40.328040,-76.406440
Leechburg,PA,40.627010,-79.605600
Leesport,PA,40.447040,-75.966320
Leetsdale,PA,40.563120,-80.208390
Lehighton,PA,40.833700,-75.713800
Leith-Hatfield,PA,39.877440,-79.731330
Lemont,PA,40.810620,-77.818330
Lemoyne,PA,40.241200,-76.894140
Lenape Heights,PA,40.764230,-79.520600
Leola,PA,40.087870,-76.184950
Level Green,PA,40.393400,-79.720320
Levittown,PA,40.155110,-74.828770
Lewisburg,PA,40.964530,-76.884410
Lewistown,PA,40.599240,-77.571380
Lexington Park,PA,40.053440,-75.046280
Liberty,PA,40.325350,-79.856160
Light Street,PA,41.036200,-76.423560
Ligonier,PA,40.243130,-79.237530
Lima,PA,39.917330,-75.440470
Limerick,PA,40.230930,-75.522120
Lincoln,PA,40.318960,-79.854770
Lincoln Park,PA,40.314810,-75.985490
Linglestown,PA,40.333980,-76.789140
Linntown,PA,40.958970,-76.899130
Linwood,PA,39.826500,-75.425470
Lionville,PA,40.053720,-75.659930
Lititz,PA,40.157320,-76.306900
Littlestown,PA,39.744540,-77.088040
Lock Haven,PA,41.137010,-77.446930
Logan,PA,40.028450,-75.151570
Logan Square,PA,39.955690,-75.170540
Loganville,PA,39.855660,-76.707470
Lorane,PA,40.288430,-75.854650
Loretto,PA,40.503130,-78.630300
Lower Allen,PA,40.226480,-76.900530
Lower Burrell,PA,40.553120,-79.757270
Lower Moyamensing,PA,39.919560,-75.164750
Loyalhanna,PA,40.322570,-79.362260
Ludlow,PA,39.972060,-75.146290
Luzerne,PA,41.285640,-75.901030
Lykens,PA,40.566750,-76.700520
Lynnwood-Pricedale,PA,40.130710,-79.851350
Macungie,PA,40.515930,-75.555190
Mahanoy City,PA,40.812590,-76.141600
Malvern,PA,40.036220,-75.513810
Manayunk,PA,40.024560,-75.214070
Manchester,PA,40.063150,-76.718300
Manheim,PA,40.163430,-76.394960
Manor,PA,40.333960,-79.670040
Mansfield,PA,41.807300,-77.077470
Mantua,PA,39.962610,-75.191290
Maple Glen,PA,40.015630,-79.976720
Marcus Hook,PA,39.819280,-75.418530
Marianne,PA,41.246450,-79.428930
Marienville,PA,41.468950,-79.123100
Marietta,PA,40.057040,-76.552190
Mars,PA,40.695900,-80.011730
Marshallton,PA,40.786750,-76.539400
Martinsburg,PA,40.311190,-78.324180
Marysville,PA,40.342590,-76.929970
Masontown,PA,39.846740,-79.899780
Matamoras,PA,40.440090,-76.933310
Mayfield,PA,41.538140,-75.536020
Maytown,PA,40.075370,-76.582190
McAdoo,PA,40.901270,-75.991060
McConnellsburg,PA,39.932590,-77.998890
McConnellstown,PA,40.452570,-78.081670
McDonald,PA,40.370900,-80.234780
McGovern,PA,40.228960,-80.216450
McKees Rocks,PA,40.465620,-80.065610
McKeesport,PA,40.347850,-79.864220
McMurray,PA,40.277850,-80.083940
McSherrystown,PA,39.807320,-77.011370
Meadowood,PA,40.842010,-79.893940
Meadville,PA,41.641440,-80.151450
Mechanicsburg,PA,40.214260,-77.008590
Mechanicsville,PA,40.966480,-76.586620
Media,PA,39.916780,-75.387690
Mercer,PA,41.227000,-80.239790
Mercersburg,PA,39.827870,-77.903330
Meridian,PA,40.848400,-79.962000
Mermaid,PA,40.079000,-75.178230
Meyersdale,PA,39.813690,-79.024750
Middleburg,PA,40.785920,-77.047200
Middletown,PA,40.199810,-76.731080
Midland,PA,40.258960,-80.218110
Midway,PA,39.808430,-77.002760
Mifflinburg,PA,40.917580,-77.047750
Mifflintown,PA,40.569800,-77.396930
Mifflinville,PA,41.032310,-76.307990
Milesburg,PA,40.941730,-77.785000
Milford,PA,39.953130,-79.104190
Mill Creek,PA,39.966220,-75.215460
Mill Hall,PA,41.107290,-77.484430
Millbourne,PA,39.963450,-75.250180
Millersburg,PA,40.539530,-76.960810
Millersville,PA,39.997880,-76.354130
Millvale,PA,40.480070,-79.978390
Milroy,PA,40.713960,-77.590550
Milton,PA,41.012030,-76.847740
Minersville,PA,40.690650,-76.262170
Modena Park,PA,40.078440,-74.987950
Mohnton,PA,40.285930,-75.984380
Monaca,PA,40.687290,-80.271450
Monessen,PA,40.148410,-79.887830
Monongahela,PA,40.203130,-79.926160
Monroeville,PA,40.421180,-79.788100
Mont Alto,PA,39.844260,-77.558320
Montgomery,PA,41.170360,-76.876910
Montgomeryville,PA,40.247330,-75.243790
Montoursville,PA,41.254250,-76.920520
Montrose,PA,40.306480,-75.987710
Moosic,PA,41.353410,-75.738250
Morrell Park,PA,40.073440,-74.988500
Morrisville,PA,40.211500,-74.787940
Morton,PA,40.041780,-75.182960
Moscow,PA,41.336750,-75.518520
Mount Carmel,PA,40.797030,-76.411900
Mount Cobb,PA,41.413420,-75.493240
Mount Holly Springs,PA,40.118420,-77.189980
Mount Joy,PA,40.109820,-76.503300
Mount Lebanon,PA,40.355350,-80.049500
Mount Oliver,PA,40.414240,-79.987830
Mount Penn,PA,40.328150,-75.890760
Mount Pleasant,PA,40.060110,-75.182950
Mount Pocono,PA,41.122030,-75.364630
Mount Union,PA,40.384520,-77.882220
Mount Wolf,PA,40.063150,-76.703860
Mountain Top,PA,41.169530,-75.877420
Mountainhome,PA,41.173700,-75.271020
Mountville,PA,40.039260,-76.430800
Muhlenberg Park,PA,40.384820,-75.941320
Muncy,PA,41.205640,-76.785520
Mundys Corner,PA,40.444790,-78.841130
Munhall,PA,40.392290,-79.900050
Murrysville,PA,40.428400,-79.697550
Muse,PA,40.292850,-80.200340
Myerstown,PA,40.374540,-76.302730
Nanticoke,PA,41.205360,-76.004920
Nanty Glo,PA,40.472290,-78.833360
Narberth,PA,40.008450,-75.260460
Natrona Heights,PA,40.623400,-79.729770
Nazareth,PA,40.740380,-75.309620
Nescopeck,PA,41.052030,-76.220770
Nesquehoning,PA,40.864530,-75.811030
New Beaver,PA,40.876450,-80.370620
New Berlinville,PA,40.345370,-75.632960
New Bloomfield,PA,40.419810,-77.186370
New Brighton,PA,40.730340,-80.310060
New Britain,PA,40.299000,-75.181010
New Castle,PA,41.003670,-80.347010
New Castle Northwest,PA,41.022080,-80.356820
New Columbia,PA,41.040920,-76.866910
New Cumberland,PA,40.232310,-76.884700
New Eagle,PA,40.207850,-79.946990
New Freedom,PA,39.737880,-76.701360
New Holland,PA,40.101760,-76.085230
New Hope,PA,40.364270,-74.951280
New Kensington,PA,40.569790,-79.764770
New Oxford,PA,39.863710,-77.055810
New Philadelphia,PA,40.719530,-76.115770
New Stanton,PA,40.219240,-79.609480
New Wilmington,PA,41.122280,-80.332840
Newmanstown,PA,40.349540,-76.213280
Newport,PA,40.477860,-77.130540
Newtown,PA,40.229280,-74.936830
Newtown Grant,PA,40.260110,-74.954890
Newville,PA,40.173140,-77.398600
Nicetown,PA,40.013170,-75.156840
Nicetown-Tioga,PA,40.009890,-75.163870
Nixon,PA,40.783400,-79.929500
Normandy,PA,40.103440,-74.995720
Norristown,PA,40.121500,-75.339900
North Apollo,PA,40.596180,-79.555600
North Belle Vernon,PA,40.129240,-79.868100
North Braddock,PA,40.398960,-79.840880
North Catasauqua,PA,40.659820,-75.476850
North Charleroi,PA,40.151180,-79.907550
North East,PA,42.215610,-79.834220
North Versailles,PA,40.379790,-79.809490
North Wales,PA,40.210940,-75.278230
North Warren,PA,41.874230,-79.152270
North York,PA,39.978150,-76.733020
Northampton,PA,40.686210,-75.496850
Northern Cambria,PA,40.659230,-78.781690
Northern Liberties,PA,39.965950,-75.146290
Northumberland,PA,40.891750,-76.797470
Northwest Harborcreek,PA,42.149440,-79.994630
Norwood,PA,39.891780,-75.299630
Oak Hills,PA,40.824790,-79.913110
Oakdale,PA,40.398120,-80.185610
Oakland,PA,40.306460,-78.887520
Oakmont,PA,40.521730,-79.842270
Oakwood,PA,41.010620,-80.379510
Ogontz,PA,40.051780,-75.151290
Ohioville,PA,40.679230,-80.494790
Oil City,PA,41.433950,-79.706440
Old City,PA,39.946500,-75.146840
Old Forge,PA,41.371190,-75.734910
Old Orchard,PA,40.657880,-75.262120
Oley,PA,40.387590,-75.789640
Oliver,PA,39.918690,-79.717820
Olney,PA,40.041220,-75.123790
Olyphant,PA,41.468410,-75.602970
Orchard Hills,PA,40.586180,-79.531430
Oreland,PA,40.118440,-75.177680
Orwigsburg,PA,40.654810,-76.100770
Osceola Mills,PA,40.850060,-78.270570
Overbrook,PA,39.989280,-75.243240
Oxford,PA,39.785390,-75.978830
Oxford Circle,PA,40.050110,-75.071840
Palmdale,PA,40.297870,-76.618580
Palmer Heights,PA,40.687320,-75.262400
Palmerton,PA,40.801400,-75.611900
Palmyra,PA,40.308980,-76.593300
Palo Alto,PA,40.687310,-76.172160
Paoli,PA,40.042050,-75.476310
Paradise,PA,40.009820,-76.128570
Park Forest Village,PA,40.806730,-77.916950
Parkesburg,PA,39.958720,-75.919390
Parkside,PA,39.864280,-75.378530
Parkville,PA,39.781210,-76.963310
Parkwood Manor,PA,40.093440,-74.967950
Paschall,PA,39.924280,-75.238520
Patton,PA,40.633960,-78.650300
Paxtang,PA,40.258980,-76.831920
Paxtonia,PA,40.317310,-76.794420
Pen Argyl,PA,40.868710,-75.254900
Penbrook,PA,40.275370,-76.848030
Penn Estates,PA,41.037500,-75.239560
Penn Hills,PA,40.501180,-79.839220
Penn Wynne,PA,39.986220,-75.275460
Penndel,PA,40.152050,-74.916560
Pennsburg,PA,40.390930,-75.492120
Pennside,PA,40.337320,-75.878540
Pennsport,PA,39.927610,-75.150450
Pennville,PA,39.789540,-76.998040
Pennypack,PA,40.066780,-75.045450
Pennypack Woods,PA,40.054280,-75.016000
Penryn,PA,40.205090,-76.368290
Perkasie,PA,40.372050,-75.292680
Perryopolis,PA,40.087020,-79.750600
Philadelphia,PA,39.952380,-75.163620
Philipsburg,PA,40.896450,-78.220570
Phoenixville,PA,40.130380,-75.514910
Pine Grove,PA,40.548420,-76.384680
Pine Grove Mills,PA,40.733670,-77.885560
Pine Ridge,PA,41.145980,-74.991160
Pitcairn,PA,40.403120,-79.778100
Pittsburgh,PA,40.440620,-79.995890
Pittston,PA,41.325910,-75.789360
Pittville,PA,40.057330,-75.144620
Plains,PA,41.275360,-75.850200
Pleasant Gap,PA,40.868120,-77.746670
Pleasant Hill,PA,40.336200,-76.441630
Pleasant Hills,PA,40.335630,-79.960610
Plum,PA,40.500350,-79.749490
Plumsteadville,PA,40.387330,-75.146560
Plymouth,PA,41.240360,-75.944640
Plymouth Meeting,PA,40.102330,-75.274350
Pocono Pines,PA,41.106750,-75.454350
Pocono Ranch Lands,PA,41.164540,-74.952120
Point Breeze,PA,39.933450,-75.177960
Point Marion,PA,39.738970,-79.898670
Poplar,PA,39.965390,-75.153790
Port Allegany,PA,41.810900,-78.279740
Port Carbon,PA,40.696480,-76.168830
Port Richmond,PA,39.993450,-75.100170
Port Vue,PA,40.335900,-79.869770
Portage,PA,40.388680,-78.672240
Pottsgrove,PA,40.264820,-75.611850
Pottstown,PA,40.245370,-75.649630
Pottsville,PA,40.685650,-76.195500
Progress,PA,40.285090,-76.831360
Prospect,PA,40.904510,-80.046450
Prospect Park,PA,39.887890,-75.308240
Punxsutawney,PA,40.943680,-78.970870
Pymatuning Central,PA,41.585460,-80.479600
Quakertown,PA,40.441770,-75.341570
Quarryville,PA,39.897050,-76.163570
Queen Village,PA,39.934280,-75.148510
Radnor,PA,40.046220,-75.359910
Rankin,PA,40.412570,-79.879220
Raubsville,PA,40.635660,-75.192950
Reading,PA,40.335650,-75.926870
Reamstown,PA,40.211480,-76.123280
Red Hill,PA,40.372880,-75.481010
Red Lion,PA,39.900930,-76.605800
Reiffton,PA,40.319810,-75.873540
Reinholds,PA,40.266760,-76.115500
Rennerdale,PA,40.398400,-80.141450
Renovo,PA,41.326460,-77.750820
Republic,PA,39.962580,-79.876710
Reservoir,PA,40.406740,-78.380290
Reynolds Heights,PA,41.345060,-80.394230
Reynoldsville,PA,41.097010,-78.888640
Rhawnhurst,PA,40.061780,-75.055730
Rheems,PA,40.130090,-76.570520
Richboro,PA,40.215110,-75.010720
Richland,PA,40.359260,-76.258280
Richlandtown,PA,40.470100,-75.320460
Ridgway,PA,41.420340,-78.728640
Ridley Park,PA,39.881220,-75.323800
Rittenhouse,PA,39.948450,-75.172120
River View Park,PA,40.392590,-75.958820
Riverside,PA,40.955360,-76.628850
Roaring Spring,PA,40.335910,-78.390850
Robesonia,PA,40.351760,-76.134390
Rochester,PA,40.702290,-80.286450
Rockledge,PA,40.081220,-75.089620
Roseto,PA,40.880650,-75.214620
Rothsville,PA,40.151210,-76.251070
Roxborough,PA,40.038170,-75.222400
Royalton,PA,40.187310,-76.729970
Royersford,PA,40.184270,-75.537960
Russell,PA,41.941450,-79.135050
Russellton,PA,40.611460,-79.837000
Rutherford,PA,40.268980,-76.768030
Ryers,PA,40.063720,-75.087120
Saint Clair,PA,40.720650,-76.191050
Saint Lawrence,PA,40.327040,-75.871870
Saint Marys,PA,41.427840,-78.560860
Salix,PA,40.300080,-78.765300
Salunga,PA,40.100930,-76.424690
Sanatoga,PA,40.245100,-75.595180
Sand Hill,PA,40.359540,-76.431630
Sandy,PA,41.107840,-78.771140
Saw Creek,PA,41.112590,-75.050730
Saxonburg,PA,40.753950,-79.810050
Saylorsburg,PA,40.895650,-75.323520
Sayre,PA,41.978960,-76.515500
Schlusser,PA,40.241750,-77.176930
Schnecksville,PA,40.675140,-75.620440
Schoeneck,PA,40.241480,-76.174110
Schuylkill,PA,39.942330,-75.187120
Schuylkill Haven,PA,40.630650,-76.171050
Schwenksville,PA,40.256210,-75.463790
Scotland,PA,39.968700,-77.587210
Scottdale,PA,40.100350,-79.586980
Scranton,PA,41.409160,-75.664900
Selinsgrove,PA,40.798970,-76.862190
Sellersville,PA,40.353990,-75.304900
Seneca,PA,41.378670,-79.703940
Seven Fields,PA,40.691730,-80.062560
Sewickley,PA,40.536460,-80.184500
Shamokin,PA,40.788970,-76.558850
Shamokin Dam,PA,40.848700,-76.819690
Shanor-Northvue,PA,40.910450,-79.915620
Sharon,PA,41.233110,-80.493400
Sharon Hill,PA,39.906500,-75.271570
Sharpsburg,PA,40.494510,-79.926440
Sharpsville,PA,41.259220,-80.472010
Shavertown,PA,41.319800,-75.937980
Shawmont,PA,40.052890,-75.236010
Sheffield,PA,41.703950,-79.035600
Shenandoah,PA,40.820370,-76.200770
Shenandoah Heights,PA,40.827590,-76.206880
Shillington,PA,40.307870,-75.965490
Shiloh,PA,39.978150,-76.797190
Shinglehouse,PA,41.963680,-78.190840
Shippensburg,PA,40.050650,-77.520260
Shiremanstown,PA,40.223420,-76.953590
Shoemakersville,PA,40.500930,-75.969930
Shrewsbury,PA,39.768710,-76.679690
Sierra View,PA,41.012070,-75.459000
Simpson,PA,41.591750,-75.485180
Sinking Spring,PA,40.327310,-76.011050
Skippack,PA,40.222880,-75.398790
Skyline View,PA,40.339260,-76.725530
Slatington,PA,40.748430,-75.611850
Slippery Rock,PA,41.063950,-80.056450
Smethport,PA,41.811170,-78.444740
Somerset,PA,40.008410,-79.078080
Somerton,PA,40.123440,-75.014890
Souderton,PA,40.311770,-75.325180
South Coatesville,PA,39.974270,-75.819950
South Connellsville,PA,39.996740,-79.585870
South Greensburg,PA,40.278400,-79.544760
South Park Township,PA,40.298640,-79.994050
South Pottstown,PA,40.239540,-75.651020
South Temple,PA,40.400000,-75.922000
South Uniontown,PA,39.892850,-79.746990
South Waverly,PA,41.997570,-76.537170
South Williamsport,PA,41.232020,-76.999130
Southmont,PA,40.310630,-78.938640
Southwest Center City Philadelphia,PA,39.942810,-75.180860
Southwest Greensburg,PA,40.291180,-79.546980
Southwest Schuylkill,PA,39.944830,-75.203790
Spangler,PA,40.642850,-78.772800
Speers,PA,40.124520,-79.879770
Spinnerstown,PA,40.438990,-75.437120
Spring City,PA,40.176770,-75.547690
Spring Grove,PA,39.874540,-76.865810
Spring House,PA,40.185390,-75.227680
Spring Mount,PA,40.275660,-75.456570
Spring Ridge,PA,40.352870,-75.989940
Springdale,PA,40.540900,-79.783940
Springfield,PA,39.930670,-75.320190
Spruce Hill,PA,39.952730,-75.210340
Spry,PA,39.918430,-76.684970
State College,PA,40.793390,-77.860000
State Line,PA,39.724820,-77.724440
Steelton,PA,40.235370,-76.841360
Stewartstown,PA,39.753710,-76.591360
Stiles,PA,40.665370,-75.508240
Stoneboro,PA,41.339220,-80.105060
Stony Creek Mills,PA,40.345650,-75.869930
Stonybrook,PA,39.987040,-76.644130
Stormstown,PA,40.793390,-78.016670
Stowe,PA,40.252600,-75.677410
Strasburg,PA,39.983160,-76.184120
Strawberry Mansion,PA,39.983450,-75.182680
Stroudsburg,PA,40.986760,-75.194620
Sturgeon,PA,40.384790,-80.210890
Sugarcreek,PA,41.421450,-79.881170
Summit Hill,PA,40.824810,-75.871030
Sun Valley,PA,40.982030,-75.466020
Sunbury,PA,40.862590,-76.794410
Sunrise Lake,PA,41.309810,-74.966560
Susquehanna,PA,41.943410,-75.599630
Susquehanna Trails,PA,39.758720,-76.368020
Swarthmore,PA,39.902060,-75.349910
Swartzville,PA,40.233150,-76.078280
Swissvale,PA,40.423680,-79.882830
Swoyersville,PA,41.291750,-75.874640
Sykesville,PA,41.050340,-78.822250
Tacony,PA,40.031220,-75.044340
Tamaqua,PA,40.797310,-75.969370
Tannersville,PA,41.040090,-75.305740
Tarentum,PA,40.601460,-79.759770
Tatamy,PA,40.740930,-75.257120
Taylor,PA,41.394800,-75.706580
Telford,PA,40.322050,-75.327950
Temple,PA,40.408700,-75.921600
Terre Hill,PA,40.157320,-76.050500
The Hideout,PA,41.427360,-75.352550
Thompsonville,PA,40.290900,-80.108110
Thorndale,PA,39.992880,-75.745220
Throop,PA,41.451470,-75.611850
Tinicum,PA,40.448440,-75.107670
Tionesta,PA,41.495340,-79.455880
Tipton,PA,40.635900,-78.295850
Titusville,PA,41.627000,-79.673660
Toftrees,PA,40.826040,-77.881100
Topton,PA,40.503430,-75.701300
Torresdale,PA,40.054830,-75.004340
Toughkenamon,PA,39.831500,-75.757440
Towamensing Trails,PA,41.007870,-75.584630
Towanda,PA,41.767580,-76.442720
Tower City,PA,40.589250,-76.552460
Trafford,PA,40.385620,-79.758930
Trainer,PA,39.827610,-75.414360
Trappe,PA,40.198990,-75.476290
Treasure Lake,PA,41.173390,-78.715860
Tremont,PA,40.628420,-76.387180
Trevorton,PA,40.781200,-76.673020
Trevose,PA,40.146000,-74.985000
Trexlertown,PA,40.548150,-75.605740
Trooper,PA,40.149830,-75.401850
Troy,PA,40.915060,-78.216400
Trucksville,PA,41.303970,-75.932140
Tullytown,PA,40.139280,-74.814610
Tulpehocken,PA,40.038170,-75.195460
Tunkhannock,PA,41.538690,-75.946590
Turtle Creek,PA,40.405900,-79.825050
Tyrone,PA,40.670620,-78.238620
Union City,PA,41.899500,-79.845330
Uniontown,PA,39.900080,-79.716430
University City,PA,39.950710,-75.194760
Upland,PA,39.852610,-75.382690
Upper Roxborough,PA,40.059560,-75.238510
Upper Saint Clair,PA,40.335900,-80.083390
Valley Green,PA,40.157310,-76.792750
Valley View,PA,39.950100,-76.701080
Vandergrift,PA,40.602840,-79.564770
Verona,PA,40.506460,-79.843100
Versailles,PA,40.315630,-79.831160
Village Green-Green Ridge,PA,39.863630,-75.425480
Village Shires,PA,40.203160,-74.970450
Vinco,PA,40.405070,-78.855580
Wallenpaupack Lake Estates,PA,41.398980,-75.274020
Walnutport,PA,40.754260,-75.598800
Warminster Heights,PA,40.187050,-75.081560
Warren,PA,41.843950,-79.145040
Washington,PA,40.173960,-80.246170
Washington Square,PA,39.950020,-75.162060
Waterford,PA,41.942830,-79.984500
Watsontown,PA,41.084530,-76.863850
Waymart,PA,41.580360,-75.408240
Wayne,PA,40.044000,-75.387690
Wayne Heights,PA,39.743710,-77.553880
Waynesboro,PA,39.755930,-77.577770
Waynesburg,PA,39.896460,-80.179230
Weatherly,PA,40.941750,-75.829640
Weigelstown,PA,39.983710,-76.822470
Weissport East,PA,40.836970,-75.686430
Wellsboro,PA,41.748680,-77.300530
Wernersville,PA,40.330090,-76.080500
Wescosville,PA,40.566760,-75.552960
Wesleyville,PA,42.140330,-80.015060
West Chester,PA,39.960970,-75.608040
West Conshohocken,PA,40.069830,-75.316300
West Easton,PA,40.678710,-75.236840
West Fairview,PA,40.275090,-76.915530
West Grove,PA,39.822050,-75.827440
West Hamburg,PA,40.547590,-76.002160
West Hazleton,PA,40.958700,-75.996040
West Hills,PA,40.824230,-79.543100
West Homestead,PA,40.393960,-79.911990
West Kensington,PA,39.986500,-75.139070
West Kittanning,PA,40.810340,-79.529490
West Lawn,PA,40.329810,-75.994380
West Leechburg,PA,40.622290,-79.612820
West Mayfield,PA,40.780060,-80.338400
West Mifflin,PA,40.363400,-79.866440
West Mount Airy,PA,40.052610,-75.197960
West Newton,PA,40.209790,-79.766990
West Norriton,PA,40.129550,-75.378520
West Oak Lane,PA,40.069280,-75.166290
West Pittston,PA,41.327580,-75.792970
West Reading,PA,40.333700,-75.947430
West View,PA,40.522290,-80.034220
West Wyoming,PA,41.319800,-75.846030
West Wyomissing,PA,40.324540,-75.990770
West York,PA,39.952600,-76.751360
Westfield,PA,41.919240,-77.538870
Westmont,PA,40.315630,-78.951690
Wharton,PA,39.926780,-75.157120
Whitaker,PA,40.398400,-79.889770
White Haven,PA,41.060640,-75.774080
White Oak,PA,40.337570,-79.809210
Whitehall,PA,40.361180,-79.990890
Whitehall Township,PA,40.666760,-75.499910
Whitfield,PA,40.335930,-76.006050
Whitman,PA,39.916780,-75.155460
Wickerham Manor-Fisher,PA,40.177490,-79.906840
Wilkes-Barre,PA,41.245910,-75.881310
Wilkinsburg,PA,40.441740,-79.881990
Williamsburg,PA,40.462020,-78.199730
Williamsport,PA,41.241190,-77.001080
Williamstown,PA,40.580090,-76.617740
Willow Grove,PA,40.144000,-75.115730
Willow Street,PA,39.979270,-76.276350
Wilmerding,PA,40.390900,-79.810050
Wilson,PA,40.683990,-75.241840
Winchester Park,PA,40.055110,-75.029620
Wind Gap,PA,40.848150,-75.291570
Windber,PA,40.239800,-78.835020
Windsor,PA,39.916210,-76.584410
Wissinoming,PA,40.022330,-75.063230
Wister,PA,40.035110,-75.157950
Wolfdale,PA,40.192850,-80.287840
Womelsdorf,PA,40.361760,-76.184110
Woodbourne,PA,40.192330,-74.888780
Woodland Heights,PA,41.409780,-79.711720
Woodlyn,PA,39.872330,-75.337130
Woodside,PA,40.221780,-74.875440
Wormleysburg,PA,40.262870,-76.913860
Woxall,PA,40.310660,-75.448790
Wrightsville,PA,40.025650,-76.529970
Wyncote,PA,40.094550,-75.148790
Wyndmoor,PA,40.081220,-75.189340
Wynnefield Heights,PA,40.003450,-75.204620
Wyoming,PA,41.311750,-75.837420
Wyomissing,PA,40.329540,-75.965210
Wyomissing Hills,PA,40.337590,-75.979660
Yardley,PA,40.245660,-74.846000
Yeadon,PA,39.939000,-75.255460
Yeagertown,PA,40.643130,-77.580550
Yoe,PA,39.908990,-76.636910
York,PA,39.962600,-76.727740
Yorklyn,PA,39.992320,-76.646350
Yorktown,PA,39.973450,-75.152960
Youngsville,PA,40.781210,-75.476850
Youngwood,PA,40.240350,-79.576710
Zelienople,PA,40.794510,-80.136730
Zion,PA,40.914230,-77.684720
Ashaway,RI,41.423430,-71.785620
Barrington,RI,41.740660,-71.308660
Bradford,RI,41.398990,-71.737010
Bristol,RI,41.677050,-71.266160
Central Falls,RI,41.890660,-71.392280
Charlestown,RI,41.383160,-71.641730
Chepachet,RI,41.915100,-71.671460
Coventry,RI,41.700100,-71.682840
Cranston,RI,41.779820,-71.437280
Cumberland,RI,41.966770,-71.432840
Cumberland Hill,RI,41.974540,-71.467000
East Greenwich,RI,41.660380,-71.455890
East Providence,RI,41.813710,-71.370050
Exeter,RI,41.577600,-71.537560
Foster,RI,41.853710,-71.758120
Greenville,RI,41.871210,-71.552010
Harrisville,RI,41.965650,-71.674510
Hope Valley,RI,41.507600,-71.716180
Hopkinton,RI,41.461210,-71.777570
Jamestown,RI,41.497050,-71.367280
Johnston,RI,41.821860,-71.506750
Kingston,RI,41.480380,-71.522560
Lincoln,RI,41.921110,-71.435000
Melville,RI,41.587050,-71.283380
Middletown,RI,41.545660,-71.291440
Narragansett,RI,41.450100,-71.449500
Narragansett Pier,RI,41.432320,-71.456440
New Shoreham,RI,41.172330,-71.557830
Newport,RI,41.490100,-71.312830
Newport East,RI,41.515790,-71.287520
North Kingstown,RI,41.550100,-71.466170
North Providence,RI,41.850100,-71.466170
North Scituate,RI,41.831770,-71.587290
North Smithfield,RI,41.966770,-71.549510
Pascoag,RI,41.955650,-71.702290
Pawtucket,RI,41.878710,-71.382560
Portsmouth,RI,41.602320,-71.250330
Providence,RI,41.823990,-71.412830
Smithfield,RI,41.922040,-71.549510
South Kingstown,RI,41.447180,-71.524940
Tiverton,RI,41.625940,-71.213380
Valley Falls,RI,41.906770,-71.390610
Wakefield-Peacedale,RI,41.446060,-71.500400
Warren,RI,41.730380,-71.282550
Warwick,RI,41.700100,-71.416170
West Greenwich,RI,41.637000,-71.660040
West Warwick,RI,41.696890,-71.521940
Westerly,RI,41.377600,-71.827290
Woonsocket,RI,42.002880,-71.514780
Abbeville,SC,34.178170,-82.379010
Aiken,SC,33.560420,-81.719550
Allendale,SC,33.007930,-81.308440
Anderson,SC,34.503440,-82.650130
Andrews,SC,33.451280,-79.560900
Arcadia,SC,34.958180,-81.990660
Arial,SC,34.845950,-82.641520
Awendaw,SC,33.037670,-79.613130
Bamberg,SC,33.297100,-81.034820
Barnwell,SC,33.244870,-81.358720
Batesburg,SC,33.907920,-81.547330
Batesburg-Leesville,SC,33.910140,-81.537330
Beaufort,SC,32.431700,-80.669930
Belton,SC,34.522890,-82.494290
Belvedere,SC,33.530970,-81.944840
Bennettsville,SC,34.617380,-79.684780
Berea,SC,34.885400,-82.455960
Bishopville,SC,34.218210,-80.248410
Blacksburg,SC,35.121240,-81.515920
Blackville,SC,33.357930,-81.270660
Bluffton,SC,32.237150,-80.860390
Blythewood,SC,34.214320,-80.973980
Boiling Springs,SC,35.046510,-81.981770
Bonneau Beach,SC,33.319890,-80.000360
Brookdale,SC,33.506820,-80.823420
Buffalo,SC,34.725690,-81.683430
Burnettown,SC,33.515410,-81.849000
Burton,SC,32.435750,-80.724000
Calhoun Falls,SC,34.092340,-82.595690
Camden,SC,34.246540,-80.607020
Cane Savannah,SC,33.901820,-80.450360
Catawba,SC,34.852920,-80.911190
Cayce,SC,33.965710,-81.073980
Centerville,SC,34.532050,-82.704020
Central,SC,34.724270,-82.781250
Chapin,SC,34.165980,-81.349820
Charleston,SC,32.776320,-79.932750
Cheraw,SC,34.697660,-79.883400
Cherryvale,SC,33.955710,-80.458140
Chester,SC,34.704860,-81.214260
Chesterfield,SC,34.735990,-80.088120
City View,SC,34.861510,-82.431510
Clearwater,SC,33.496800,-81.892060
Clemson,SC,34.683440,-82.837370
Clinton,SC,34.472630,-81.880660
Clover,SC,35.111250,-81.226460
Columbia,SC,34.000710,-81.034810
Conway,SC,33.836000,-79.047810
Cowpens,SC,35.016790,-81.803990
Dalzell,SC,34.016820,-80.430080
Darlington,SC,34.299880,-79.876170
Denmark,SC,33.322650,-81.142320
Dentsville,SC,34.064040,-80.958150
Dillon,SC,34.416550,-79.371160
Due West,SC,34.333450,-82.387900
Duncan,SC,34.937900,-82.145110
Dunean,SC,34.824840,-82.419290
Easley,SC,34.829840,-82.601520
East Gaffney,SC,35.080130,-81.632870
East Sumter,SC,33.925440,-80.296190
Edgefield,SC,33.789580,-81.929560
Edisto,SC,33.476540,-80.898700
Elgin,SC,34.672930,-80.718960
Estill,SC,32.754890,-81.242050
Eureka Mill,SC,34.717640,-81.193700
Fairfax,SC,32.959050,-81.236500
Fairforest,SC,34.956510,-82.010110
Five Forks,SC,34.804840,-82.229560
Florence,SC,34.195430,-79.762560
Folly Beach,SC,32.655180,-79.940370
Forest Acres,SC,34.019320,-80.989810
Forestbrook,SC,33.722390,-78.958090
Fort Mill,SC,35.007370,-80.945080
Fountain Inn,SC,34.689010,-82.195670
Gadsden,SC,33.845710,-80.765920
Gaffney,SC,35.071790,-81.649820
Gantt,SC,34.800120,-82.424290
Garden City,SC,33.592950,-79.008650
Gaston,SC,33.817100,-81.100930
Georgetown,SC,33.376830,-79.294500
Gloverville,SC,33.525970,-81.830110
Golden Grove,SC,34.734010,-82.443740
Goose Creek,SC,32.981010,-80.032590
Graniteville,SC,33.563750,-81.807890
Great Falls,SC,34.575140,-80.902020
Greenville,SC,34.852620,-82.394010
Greenwood,SC,34.195400,-82.161790
Greer,SC,34.938730,-82.227060
Hampton,SC,32.877940,-81.127610
Hanahan,SC,32.918510,-80.022030
Hardeeville,SC,32.287140,-81.080670
Hartsville,SC,34.374040,-80.073400
Hilton Head,SC,32.216320,-80.752610
Hilton Head Island,SC,32.193820,-80.738160
Holly Hill,SC,33.322660,-80.413700
Hollywood,SC,32.734340,-80.241770
Homeland Park,SC,34.470660,-82.670690
Honea Path,SC,34.446500,-82.391510
Hopkins,SC,33.904320,-80.877030
India Hook,SC,35.007370,-81.021740
Inman,SC,35.047060,-82.090110
Inman Mills,SC,35.041510,-82.104280
Irmo,SC,34.085980,-81.183150
Irwin,SC,34.693760,-80.822290
Isle of Palms,SC,32.786840,-79.794800
Iva,SC,34.306500,-82.663740
Jackson,SC,33.325420,-81.787890
James Island,SC,32.723740,-79.962840
Joanna,SC,34.414910,-81.812400
Johnsonville,SC,33.817940,-79.449220
Johnston,SC,33.832080,-81.800940
Judson,SC,34.833170,-82.427620
Kershaw,SC,34.551820,-80.583680
Kiawah Island,SC,32.608240,-80.084820
Kingstree,SC,33.667660,-79.830630
Ladson,SC,32.985730,-80.109810
Lake City,SC,33.871000,-79.755350
Lake Murray of Richland,SC,34.120480,-81.264500
Lake Secession,SC,34.284550,-82.594570
Lake Wylie,SC,35.108480,-81.042850
Lakewood,SC,33.846830,-80.350080
Lancaster,SC,34.720430,-80.770900
Lancaster Mill,SC,34.709310,-80.794790
Landrum,SC,35.175110,-82.189280
Langley,SC,33.517910,-81.844000
Latta,SC,34.337100,-79.431160
Laurel Bay,SC,32.450190,-80.784830
Laurens,SC,34.499010,-82.014260
Leesville,SC,33.916530,-81.513440
Lesslie,SC,34.890700,-80.956470
Lexington,SC,33.981540,-81.236210
Liberty,SC,34.787890,-82.692360
Lincolnville,SC,33.006840,-80.155370
Little River,SC,33.873230,-78.614180
Loris,SC,34.056280,-78.890300
Lugoff,SC,34.227370,-80.689250
Lyman,SC,34.948170,-82.127330
Manning,SC,33.695160,-80.210910
Marion,SC,34.178220,-79.400610
Mauldin,SC,34.778730,-82.310120
Mayo,SC,35.084010,-81.859830
McColl,SC,34.668770,-79.545330
McCormick,SC,33.913460,-82.293460
Meggett,SC,32.717960,-80.238990
Monarch Mill,SC,34.716100,-81.585000
Moncks Corner,SC,33.196320,-80.014290
Mount Pleasant,SC,32.794070,-79.862590
Mullins,SC,34.205720,-79.254490
Murphys Estates,SC,33.601250,-81.944280
Murrells Inlet,SC,33.551000,-79.041430
Myrtle Beach,SC,33.689060,-78.886690
New Ellenton,SC,33.421530,-81.685670
Newberry,SC,34.274580,-81.618720
Newport,SC,34.989860,-81.100910
Ninety Six,SC,34.175130,-82.024010
North Augusta,SC,33.501800,-81.965120
North Charleston,SC,32.854620,-79.974810
North Hartsville,SC,34.393770,-80.069510
North Myrtle Beach,SC,33.816010,-78.680020
Northlake,SC,34.566220,-82.684020
Oak Grove,SC,33.980900,-81.142860
Oakland,SC,33.982930,-80.488420
Orangeburg,SC,33.491820,-80.855650
Pacolet,SC,34.899020,-81.761770
Pageland,SC,34.773210,-80.391730
Pamplico,SC,33.996000,-79.570060
Parker,SC,34.850670,-82.453460
Pendleton,SC,34.651770,-82.783750
Pickens,SC,34.883450,-82.707360
Piedmont,SC,34.702340,-82.464570
Pineridge,SC,33.910430,-81.104540
Port Royal,SC,32.378960,-80.692650
Powdersville,SC,34.791780,-82.492910
Privateer,SC,33.833210,-80.414250
Prosperity,SC,34.209310,-81.533160
Ravenel,SC,32.763230,-80.250100
Red Bank,SC,33.932090,-81.238430
Red Hill,SC,33.999610,-79.258100
Ridgeland,SC,32.480740,-80.980390
Ridgeville,SC,33.095720,-80.315370
Rock Hill,SC,34.924870,-81.025080
Roebuck,SC,34.879570,-81.966210
Saint Andrews,SC,34.043000,-81.101000
Saint George,SC,33.186000,-80.575650
Saint Matthews,SC,33.664880,-80.777870
Saint Stephen,SC,33.404330,-79.921740
Saluda,SC,34.001520,-81.772050
Sangaree,SC,33.035450,-80.127870
Sans Souci,SC,34.877900,-82.424010
Saxon,SC,34.961230,-81.967330
Seabrook Island,SC,32.577130,-80.170650
Seneca,SC,34.685660,-82.953200
Seven Oaks,SC,34.048760,-81.146480
Shell Point,SC,32.789070,-80.106760
Simpsonville,SC,34.737060,-82.254280
Slater-Marietta,SC,35.034720,-82.492650
Socastee,SC,33.683500,-78.998370
South Congaree,SC,33.910990,-81.135650
South Sumter,SC,33.881000,-80.345000
Southern Shops,SC,34.985950,-81.994550
Spartanburg,SC,34.949570,-81.932050
Springdale,SC,33.959320,-81.108980
Stateburg,SC,33.957650,-80.534810
Sullivans Island,SC,32.763230,-79.836750
Summerville,SC,33.018500,-80.175650
Sumter,SC,33.920440,-80.341470
Surfside Beach,SC,33.606000,-78.973090
Taylors,SC,34.920390,-82.296230
Tega Cay,SC,35.024310,-81.027850
Tigerville,SC,35.068450,-82.368450
Timmonsville,SC,34.134880,-79.939790
Travelers Rest,SC,34.967620,-82.443450
Union,SC,34.715410,-81.623710
Utica,SC,34.678160,-82.931540
Valley Falls,SC,35.015950,-81.974830
Varnville,SC,32.850440,-81.079270
Wade Hampton,SC,34.903730,-82.333170
Walhalla,SC,34.764820,-83.064040
Walterboro,SC,32.905170,-80.666770
Ware Shoals,SC,34.398450,-82.246790
Warrenville,SC,33.550970,-81.804000
Watts Mills,SC,34.516410,-81.985800
Wedgefield,SC,33.892660,-80.518140
Wedgewood,SC,33.883770,-80.512580
Welcome,SC,34.826510,-82.439010
Wellford,SC,34.950950,-82.105940
West Columbia,SC,33.993490,-81.073980
Westminster,SC,34.664820,-83.096540
Whitmire,SC,34.502910,-81.611490
Wilkinson Heights,SC,33.502100,-80.833150
Williamston,SC,34.618450,-82.477910
Williston,SC,33.402650,-81.420110
Winnsboro,SC,34.380700,-81.086480
Winnsboro Mills,SC,34.361810,-81.085370
Woodfield,SC,34.059320,-80.930920
Woodruff,SC,34.739570,-82.037050
York,SC,34.994300,-81.242020
Aberdeen,SD,45.464700,-98.486480
Alexandria,SD,43.653590,-97.782850
Armour,SD,43.318600,-98.346750
Baltic,SD,43.761360,-96.740330
Belle Fourche,SD,44.671370,-103.852150
Beresford,SD,43.080540,-96.773660
Bison,SD,45.520260,-102.461270
Blackhawk,SD,44.151100,-103.307960
Box Elder,SD,44.112490,-103.068230
Brandon,SD,43.594700,-96.571990
Britton,SD,45.791620,-97.750940
Brookings,SD,44.311360,-96.798390
Buffalo,SD,45.584160,-103.546030
Burke,SD,43.182500,-99.292050
Canton,SD,43.300810,-96.592820
Chamberlain,SD,43.810830,-99.330660
Clark,SD,44.877740,-97.733140
Clear Lake,SD,44.745800,-96.682560
Colonial Pine Hills,SD,44.007770,-103.315460
Crooks,SD,43.664700,-96.810890
Custer,SD,43.766650,-103.598810
Dakota Dunes,SD,42.487490,-96.486420
De Smet,SD,44.387470,-97.550350
Deadwood,SD,44.376650,-103.729640
Dell Rapids,SD,43.826080,-96.706160
Dupree,SD,45.047480,-101.600990
Eagle Butte,SD,45.002480,-101.233490
Elk Point,SD,42.683330,-96.683650
Ellsworth Air Force Base,SD,44.143950,-103.075070
Faulkton,SD,45.034970,-99.124000
Flandreau,SD,44.049420,-96.595320
Fort Pierre,SD,44.353590,-100.373740
Fort Thompson,SD,44.068600,-99.437880
Freeman,SD,43.352490,-97.437290
Garretson,SD,43.717470,-96.502820
Gettysburg,SD,45.011650,-99.955670
Gregory,SD,43.232220,-99.430380
Groton,SD,45.447460,-98.098710
Harrisburg,SD,43.431370,-96.697270
Hartford,SD,43.623030,-96.942550
Hayti,SD,44.657190,-97.205070
Highmore,SD,44.521370,-99.441500
Hot Springs,SD,43.431650,-103.474360
Howard,SD,44.010810,-97.526740
Huron,SD,44.363320,-98.214260
Ipswich,SD,45.444420,-99.029280
Kadoka,SD,43.833880,-101.509870
Kennebec,SD,43.903600,-99.861780
Lake Andes,SD,43.156380,-98.541470
Lead,SD,44.352210,-103.765200
Lemmon,SD,45.940830,-102.159320
Lennox,SD,43.354150,-96.892000
Leola,SD,45.722750,-98.940940
Madison,SD,44.006080,-97.113950
Martin,SD,43.172500,-101.732650
McIntosh,SD,45.921390,-101.349580
Milbank,SD,45.219130,-96.635620
Miller,SD,44.518310,-98.988430
Mission,SD,43.305840,-100.658190
Mitchell,SD,43.709430,-98.029800
Mobridge,SD,45.537220,-100.427910
Mound City,SD,45.725270,-100.068450
Murdo,SD,43.888320,-100.712910
North Eagle Butte,SD,45.004150,-101.233760
North Sioux City,SD,42.527220,-96.483090
North Spearfish,SD,44.506650,-103.892150
Oglala,SD,43.188590,-102.739620
Olivet,SD,43.240820,-97.675340
Onida,SD,44.708040,-100.059840
Parker,SD,43.397480,-97.136450
Parkston,SD,43.398880,-97.983680
Philip,SD,44.039430,-101.665140
Pierre,SD,44.368320,-100.350970
Pine Ridge,SD,43.025540,-102.556270
Plankinton,SD,43.715550,-98.485090
Platte,SD,43.386940,-98.844530
Porcupine,SD,43.239710,-102.330990
Rapid City,SD,44.080540,-103.231010
Rapid Valley,SD,44.062490,-103.146290
Redfield,SD,44.875810,-98.518710
Rosebud,SD,43.232780,-100.853480
Salem,SD,43.724150,-97.388950
Selby,SD,45.506380,-100.032070
Sioux Falls,SD,43.543690,-96.727960
Sisseton,SD,45.664680,-97.049800
Spearfish,SD,44.490820,-103.859370
Springfield,SD,42.854170,-97.897290
Sturgis,SD,44.409710,-103.509080
Summerset,SD,44.189980,-103.343840
Tea,SD,43.446370,-96.835880
Timber Lake,SD,45.429150,-101.074030
Tyndall,SD,42.993330,-97.862850
Vermillion,SD,42.779440,-96.929210
Volga,SD,44.323580,-96.926450
Wagner,SD,43.079720,-98.293130
Watertown,SD,44.899410,-97.115070
Webster,SD,45.332180,-97.520090
Wessington Springs,SD,44.079160,-98.569540
White River,SD,43.568050,-100.745420
Winner,SD,43.376670,-99.859010
Woonsocket,SD,44.053600,-98.275640
Yankton,SD,42.871110,-97.397280
Adamsville,TN,35.235910,-88.390600
Alamo,TN,35.784790,-89.117290
Alcoa,TN,35.789530,-83.973790
Algood,TN,36.195890,-85.448580
Altamont,TN,35.429520,-85.723030
Apison,TN,35.023960,-85.023840
Ardmore,TN,34.992030,-86.846670
Arlington,TN,35.296200,-89.661470
Ashland City,TN,36.274220,-87.064170
Athens,TN,35.442850,-84.592990
Atoka,TN,35.441190,-89.778140
Banner Hill,TN,36.130660,-82.424580
Bartlett,TN,35.204530,-89.873980
Baxter,TN,36.153670,-85.643590
Bean Station,TN,36.343700,-83.284060
Belle Meade,TN,36.095890,-86.856940
Bells,TN,35.711180,-89.087560
Benton,TN,35.174240,-84.653550
Blaine,TN,36.154250,-83.704070
Bloomingdale,TN,36.584550,-82.489320
Blountville,TN,36.533160,-82.326810
Bluff City,TN,36.474270,-82.260970
Bolivar,TN,35.256190,-88.987840
Bon Aqua Junction,TN,35.927840,-87.310840
Bradford,TN,36.076450,-88.810060
Brentwood,TN,36.033120,-86.782780
Brentwood Estates,TN,36.025060,-86.779170
Brighton,TN,35.483970,-89.725080
Bristol,TN,36.595110,-82.188740
Brownsville,TN,35.593970,-89.262290
Bruceton,TN,36.038120,-88.244490
Burns,TN,36.053390,-87.312510
Byrdstown,TN,36.574510,-85.128840
Camden,TN,36.058950,-88.097820
Carthage,TN,36.252280,-85.951650
Caryville,TN,36.298970,-84.223260
Celina,TN,36.550060,-85.505250
Centerville,TN,35.778960,-87.466960
Central,TN,35.803690,-89.537300
Chapel Hill,TN,35.626460,-86.693330
Charlotte,TN,36.177280,-87.339730
Chattanooga,TN,35.045630,-85.309680
Christiana,TN,35.710070,-86.399440
Chuckey,TN,36.215940,-82.688210
Church Hill,TN,36.522320,-82.713490
Clarksville,TN,36.529770,-87.359450
Cleveland,TN,35.159520,-84.876610
Clifton,TN,35.387020,-87.995310
Clinton,TN,36.103410,-84.131860
Coalfield,TN,36.028970,-84.420760
Collegedale,TN,35.053130,-85.050230
Collierville,TN,35.042040,-89.664530
Colonial Heights,TN,36.485100,-82.503200
Columbia,TN,35.615070,-87.035280
Condon,TN,36.181190,-83.793800
Cookeville,TN,36.162840,-85.501640
Coopertown,TN,36.437550,-86.967220
Cordova,TN,35.155650,-89.776200
Cornersville,TN,35.361460,-86.839720
Covington,TN,35.564250,-89.646470
Cowan,TN,35.164530,-86.010540
Cross Plains,TN,36.548660,-86.696110
Crossville,TN,35.948960,-85.026900
Crump,TN,35.221750,-88.318090
Dandridge,TN,36.015370,-83.414890
Dayton,TN,35.493960,-85.012450
Decatur,TN,35.514790,-84.790220
Decaturville,TN,35.584240,-88.119480
Decherd,TN,35.209800,-86.079430
Dickson,TN,36.077000,-87.387790
Dodson Branch,TN,36.312560,-85.532200
Dover,TN,36.487830,-87.838360
Dresden,TN,36.291450,-88.708110
Dunlap,TN,35.371460,-85.390520
Dyer,TN,36.066730,-88.993950
Dyersburg,TN,36.034520,-89.385630
Eagleton Village,TN,35.795080,-83.931850
East Brainerd,TN,34.995910,-85.150230
East Chattanooga,TN,35.065350,-85.249120
East Cleveland,TN,35.160910,-84.857720
East Ridge,TN,35.014240,-85.251900
Elizabethton,TN,36.348720,-82.210690
Ellendale,TN,35.230640,-89.825920
Englewood,TN,36.366730,-89.154790
Erin,TN,36.318390,-87.694740
Erwin,TN,36.145110,-82.416810
Estill Springs,TN,35.270640,-86.128040
Etowah,TN,35.323410,-84.524930
Fairfield Glade,TN,36.000350,-84.886340
Fairmount,TN,35.181460,-85.323570
Fairview,TN,35.982010,-87.121400
Fall Branch,TN,36.418160,-82.623760
Falling Water,TN,35.203120,-85.253570
Farragut,TN,35.884520,-84.153530
Fayetteville,TN,35.152030,-86.570550
Fincastle,TN,36.409800,-84.047700
Forest Hills,TN,36.068390,-86.844170
Franklin,TN,35.925060,-86.868890
Gainesboro,TN,36.355610,-85.658870
Gallatin,TN,36.388380,-86.446660
Gatlinburg,TN,35.714530,-83.511890
Germantown,TN,35.086760,-89.810090
Gleason,TN,36.213670,-88.612550
Goodlettsville,TN,36.323110,-86.713330
Gordonsville,TN,36.172560,-85.929710
Gray,TN,36.419830,-82.476540
Graysville,TN,35.447010,-85.084400
Green Hill,TN,36.222830,-86.549440
Greenback,TN,35.661190,-84.172140
Greenbrier,TN,36.427550,-86.804720
Greeneville,TN,36.163160,-82.830990
Greenfield,TN,36.153400,-88.800620
Grimsley,TN,36.267010,-84.984400
Gruetli-Laager,TN,35.372300,-85.618030
Halls,TN,35.875630,-89.396180
Harriman,TN,35.933960,-84.552440
Harrison,TN,35.113680,-85.138010
Harrogate,TN,36.582300,-83.656860
Hartsville,TN,36.390880,-86.167210
Henderson,TN,35.439240,-88.641440
Hendersonville,TN,36.304770,-86.620000
Hermitage,TN,36.196170,-86.622500
Hickory Withe,TN,35.243980,-89.588690
Hohenwald,TN,35.547850,-87.551960
Hopewell,TN,35.234790,-84.888000
Humboldt,TN,35.819790,-88.915900
Hunter,TN,36.371780,-82.158740
Huntingdon,TN,36.000620,-88.428110
Huntsville,TN,36.409800,-84.490490
Jacksboro,TN,36.330080,-84.183820
Jackson,TN,35.614520,-88.813950
Jamestown,TN,36.427570,-84.931890
Jasper,TN,35.074240,-85.626080
Jefferson City,TN,36.122310,-83.492400
Jellico,TN,36.587860,-84.126870
Johnson City,TN,36.313440,-82.353470
Johnsonville,TN,36.060060,-87.952810
Jonesborough,TN,36.294270,-82.473480
Kenton,TN,36.202290,-89.012290
Kimball,TN,35.047860,-85.671910
Kingsport,TN,36.548430,-82.561820
Kingston,TN,35.880910,-84.508540
Kingston Springs,TN,36.102000,-87.115010
Knoxville,TN,35.960640,-83.920740
La Vergne,TN,36.015620,-86.581940
Lafayette,TN,36.521160,-86.026370
LaFollette,TN,36.382860,-84.119930
Lake Tansi,TN,35.872850,-85.054400
Lakeland,TN,35.230640,-89.740360
Lakesite,TN,35.208680,-85.126900
Lakewood,TN,36.243110,-86.635550
Lawrenceburg,TN,35.242300,-87.334740
Lebanon,TN,36.208110,-86.291100
Lenoir City,TN,35.797300,-84.256030
Lewisburg,TN,35.449240,-86.788890
Lexington,TN,35.650900,-88.393380
Linden,TN,35.617290,-87.839470
Livingston,TN,36.383400,-85.323020
Lone Oak,TN,35.200630,-85.364130
Lookout Mountain,TN,34.994240,-85.349400
Loretto,TN,35.077860,-87.439740
Loudon,TN,35.732850,-84.333810
Louisville,TN,35.821750,-84.047960
Luttrell,TN,36.199530,-83.741850
Lynchburg,TN,35.283140,-86.374160
Madisonville,TN,35.519800,-84.363530
Manchester,TN,35.481740,-86.088600
Martin,TN,36.343400,-88.850340
Maryville,TN,35.756470,-83.970460
Mascot,TN,36.061200,-83.745730
Mason,TN,35.411750,-89.532850
Maynardville,TN,36.250640,-83.797410
McEwen,TN,36.107840,-87.633070
McKenzie,TN,36.132560,-88.518660
McMinnville,TN,35.683400,-85.769980
Medina,TN,35.802850,-88.774780
Memphis,TN,35.149530,-90.048980
Middle Valley,TN,35.195900,-85.184680
Midtown,TN,35.879520,-84.564100
Midway,TN,36.300110,-82.423750
Milan,TN,35.919790,-88.758950
Millersville,TN,36.371160,-86.710000
Millington,TN,35.341470,-89.897310
Monteagle,TN,35.240080,-85.839700
Monterey,TN,36.147560,-85.268300
Morristown,TN,36.213980,-83.294890
Mosheim,TN,36.189540,-82.958490
Mount Carmel,TN,36.545380,-82.660990
Mount Juliet,TN,36.200050,-86.518610
Mount Pleasant,TN,35.534240,-87.206950
Mountain City,TN,36.474560,-81.804840
Mowbray Mountain,TN,35.275360,-85.222460
Munford,TN,35.449250,-89.815080
Murfreesboro,TN,35.845620,-86.390270
Nashville,TN,36.165890,-86.784440
New Hope,TN,35.005080,-85.658300
New Johnsonville,TN,36.021170,-87.966980
New Market,TN,36.103980,-83.552680
New South Memphis,TN,35.086760,-90.056760
New Tazewell,TN,36.442580,-83.599630
New Union,TN,35.532580,-86.080820
Newbern,TN,36.112850,-89.261740
Newport,TN,35.967040,-83.187660
Nolensville,TN,35.952290,-86.669440
Norris,TN,36.195630,-84.067970
Oak Grove,TN,36.411770,-82.424590
Oak Hill,TN,36.087840,-86.783050
Oak Ridge,TN,36.010360,-84.269640
Oakland,TN,35.228980,-89.515080
Obion,TN,36.258960,-89.191740
Oliver Springs,TN,36.044520,-84.344370
Olivet,TN,35.214250,-88.200310
Oneida,TN,36.498130,-84.512720
Paris,TN,36.302000,-88.326710
Park City,TN,35.082030,-86.571110
Parsons,TN,35.649790,-88.126700
Pegram,TN,36.100610,-87.051120
Pigeon Forge,TN,35.788420,-83.554330
Pikeville,TN,35.605620,-85.188850
Pine Crest,TN,36.276190,-84.128810
Piperton,TN,35.045090,-89.621750
Plainview,TN,36.177310,-83.795340
Pleasant View,TN,36.394220,-87.036670
Portland,TN,36.581710,-86.516380
Powells Crossroads,TN,35.189520,-85.485800
Pulaski,TN,35.199800,-87.030840
Red Bank,TN,35.112290,-85.294130
Red Boiling Springs,TN,36.533390,-85.849980
Ridgely,TN,36.263400,-89.487850
Ridgetop,TN,36.395050,-86.779440
Ripley,TN,35.745360,-89.529800
Roan Mountain,TN,36.196230,-82.070400
Rockwood,TN,35.865630,-84.684940
Rocky Top,TN,36.217860,-84.154650
Rogersville,TN,36.407320,-83.005440
Rural Hill,TN,36.114000,-86.520000
Rutherford,TN,36.127570,-88.985900
Rutledge,TN,36.280920,-83.514900
Sale Creek,TN,35.382290,-85.108840
Savannah,TN,35.224800,-88.249200
Selmer,TN,35.170080,-88.592270
Sevierville,TN,35.868150,-83.561840
Sewanee,TN,35.203140,-85.921090
Seymour,TN,35.890640,-83.724620
Shackle Island,TN,36.370600,-86.616660
Shelbyville,TN,35.483410,-86.460270
Signal Mountain,TN,35.122570,-85.343850
Smithville,TN,35.960620,-85.814150
Smyrna,TN,35.982840,-86.518600
Sneedville,TN,36.529810,-83.217400
Soddy-Daisy,TN,35.235900,-85.190790
Somerville,TN,35.243700,-89.350070
South Carthage,TN,36.242000,-85.951930
South Cleveland,TN,35.106000,-84.890000
South Fulton,TN,36.500890,-88.875340
South Pittsburg,TN,35.012300,-85.704410
Sparta,TN,35.925900,-85.464140
Speedwell,TN,36.458690,-83.871860
Spencer,TN,35.747290,-85.466640
Spring City,TN,35.692010,-84.860780
Spring Hill,TN,35.751180,-86.930000
Springfield,TN,36.509210,-86.885000
Spurgeon,TN,36.439550,-82.455700
Surgoinsville,TN,36.470930,-82.851830
Sweetwater,TN,35.601460,-84.461040
Tazewell,TN,36.454250,-83.569350
Tellico Village,TN,35.683210,-84.255180
Tennessee Ridge,TN,36.312000,-87.773360
Thompson's Station,TN,35.802010,-86.911390
Three Way,TN,35.775900,-88.859500
Tiptonville,TN,36.378400,-89.472020
Tracy City,TN,35.260360,-85.736080
Trenton,TN,35.980620,-88.941450
Troy,TN,36.338680,-89.163960
Tullahoma,TN,35.362020,-86.209430
Tusculum,TN,36.175100,-82.758760
Unicoi,TN,36.195390,-82.349580
Union City,TN,36.424230,-89.057010
Unionville,TN,35.621740,-86.592500
Vonore,TN,35.590080,-84.241860
Walden,TN,35.164790,-85.301350
Walnut Hill,TN,36.569830,-82.256800
Wartburg,TN,36.104800,-84.597160
Watertown,TN,36.100340,-86.131930
Waverly,TN,36.083950,-87.794750
Waynesboro,TN,35.319520,-87.762250
Westmoreland,TN,36.561990,-86.248040
White Bluff,TN,36.107560,-87.220840
White House,TN,36.470320,-86.651380
White Pine,TN,36.107590,-83.286830
Whiteville,TN,35.326470,-89.149510
Whitwell,TN,35.201460,-85.519130
Wildwood,TN,35.803700,-83.871290
Wildwood Lake,TN,35.092020,-84.854390
Winchester,TN,35.185920,-86.112210
Woodbury,TN,35.827570,-86.071660
Abernathy,TX,33.832300,-101.842950
Abilene,TX,32.448740,-99.733140
Abram,TX,26.199800,-98.411130
Addison,TX,32.961790,-96.829170
Agua Dulce,TX,31.655110,-106.138870
Alamo,TX,26.183690,-98.123060
Alamo Heights,TX,29.484950,-98.465850
Albany,TX,32.723450,-99.297300
Aldine,TX,29.932450,-95.380210
Aledo,TX,32.695960,-97.602250
Alice,TX,27.752250,-98.069720
Alief,TX,29.711060,-95.596330
Allen,TX,33.103170,-96.670550
Alpine,TX,30.358620,-103.662060
Alto,TX,31.650450,-95.072720
Alton,TX,26.287290,-98.313350
Alton North (historical),TX,26.295350,-98.304460
Alvarado,TX,32.406530,-97.211680
Alvin,TX,29.423850,-95.244100
Alvord,TX,33.358450,-97.694750
Amarillo,TX,35.222000,-101.831300
Ames,TX,31.520990,-97.779470
Anahuac,TX,29.773000,-94.682700
Anderson,TX,30.487150,-95.986900
Anderson Mill,TX,30.454920,-97.805840
Andrews,TX,32.318720,-102.545720
Angleton,TX,29.169410,-95.431880
Anna,TX,33.349000,-96.548600
Annetta,TX,32.709300,-97.676140
Anson,TX,32.756500,-99.896210
Anthony,TX,31.999270,-106.605550
Anton,TX,33.811200,-102.163790
Aransas Pass,TX,27.909470,-97.149990
Archer City,TX,33.595660,-98.625610
Arcola,TX,29.496070,-95.465780
Argyle,TX,33.121230,-97.183350
Arlington,TX,32.735690,-97.108070
Asherton,TX,28.441930,-99.760330
Aspermont,TX,33.133430,-100.227330
Atascocita,TX,29.998830,-95.176600
Athens,TX,32.204870,-95.855520
Atlanta,TX,33.113740,-94.164350
Aubrey,TX,33.304280,-96.986120
Aurora,TX,33.060680,-97.503360
Austin,TX,30.267150,-97.743060
Azle,TX,32.895130,-97.545860
Bacliff,TX,29.506900,-94.992430
Baird,TX,32.394020,-99.394240
Balch Springs,TX,32.728740,-96.622770
Balcones Heights,TX,29.488010,-98.551690
Ballinger,TX,31.738210,-99.947310
Bandera,TX,29.726610,-99.073650
Bangs,TX,31.717100,-99.132550
Barrett,TX,29.879950,-95.062980
Bartlett,TX,30.794910,-97.425560
Barton Creek,TX,30.285210,-97.869170
Bartonville,TX,33.073180,-97.131680
Bastrop,TX,30.110490,-97.315270
Batesville,TX,28.951080,-99.617830
Bay City,TX,28.982760,-95.969400
Bayou Vista,TX,29.326350,-94.938530
Baytown,TX,29.735500,-94.977430
Beach City,TX,29.662170,-94.889920
Beaumont,TX,30.086050,-94.101850
Bedford,TX,32.844020,-97.143070
Bee Cave,TX,30.308540,-97.945010
Beeville,TX,28.400950,-97.749740
Bellaire,TX,29.705790,-95.458830
Bellmead,TX,31.594050,-97.108890
Bells,TX,33.610380,-96.410820
Bellville,TX,29.950230,-96.257190
Belton,TX,31.056010,-97.464450
Benavides,TX,27.598920,-98.408070
Benbrook,TX,32.673190,-97.460580
Benjamin,TX,33.583980,-99.792310
Berryville,TX,32.088490,-95.471900
Bertram,TX,30.743800,-98.055580
Beverly,TX,31.525170,-97.141950
Beverly Hills,TX,31.521560,-97.153890
Bevil Oaks,TX,30.150210,-94.269630
Big Lake,TX,31.191540,-101.460390
Big Sandy,TX,32.583750,-95.108830
Big Spring,TX,32.250400,-101.478740
Bishop,TX,27.586140,-97.799160
Blanco,TX,30.097990,-98.421410
Bloomington,TX,28.647770,-96.892490
Blossom,TX,33.661500,-95.385790
Blue Mound,TX,32.856520,-97.338910
Boerne,TX,29.794660,-98.731970
Bogata,TX,33.470670,-95.213840
Boling,TX,29.264410,-95.943840
Bolivar Peninsula,TX,29.478290,-94.579910
Bonham,TX,33.577330,-96.178310
Booker,TX,36.453360,-100.537370
Borger,TX,35.667820,-101.397390
Bovina,TX,34.513680,-102.883000
Bowie,TX,33.559000,-97.848650
Boyd,TX,33.078730,-97.565300
Brackettville,TX,29.310510,-100.417860
Brady,TX,31.135170,-99.335060
Brazoria,TX,29.044410,-95.569110
Breckenridge,TX,32.755680,-98.902290
Brenham,TX,30.166880,-96.397740
Briar,TX,32.995120,-97.542800
Briarcliff,TX,30.407420,-98.044460
Bridge City,TX,30.020770,-93.845730
Bridgeport,TX,33.210120,-97.754760
Brookshire,TX,29.786060,-95.951070
Brookside Village,TX,29.586900,-95.325220
Brownfield,TX,33.181200,-102.274350
Brownsboro,TX,32.302370,-95.613570
Brownsville,TX,25.901750,-97.497480
Brownwood,TX,31.709320,-98.991160
Bruceville-Eddy,TX,31.305170,-97.251670
Brushy Creek,TX,30.513530,-97.739730
Bryan,TX,30.674360,-96.369960
Buchanan Dam,TX,30.739900,-98.431140
Buda,TX,30.085210,-97.840280
Buffalo,TX,31.463790,-96.058020
Bullard,TX,32.139880,-95.320230
Bulverde,TX,29.743830,-98.453070
Buna,TX,30.432980,-93.962400
Bunker Hill Village,TX,29.767450,-95.529940
Burkburnett,TX,34.097870,-98.570610
Burleson,TX,32.542080,-97.320850
Burnet,TX,30.758240,-98.228360
Bushland,TX,35.192000,-102.064640
Cactus,TX,36.052260,-102.002400
Caddo Mills,TX,33.065670,-96.227760
Caldwell,TX,30.531320,-96.693030
Calvert,TX,30.977970,-96.673860
Cameron,TX,30.853250,-96.976930
Cameron Park,TX,25.964520,-97.476650
Cameron Park Colonia,TX,25.971470,-97.478320
Camp Swift,TX,30.190770,-97.292210
Canadian,TX,35.912820,-100.382080
Canton,TX,32.556520,-95.863300
Canutillo,TX,31.911490,-106.600270
Canyon,TX,34.980330,-101.918800
Canyon Lake,TX,29.875220,-98.262510
Carrizo Springs,TX,28.521930,-99.860610
Carrollton,TX,32.953730,-96.890280
Carthage,TX,32.157380,-94.337420
Castle Hills,TX,29.523290,-98.516410
Castroville,TX,29.355790,-98.878640
Cedar Hill,TX,32.588470,-96.956120
Cedar Park,TX,30.505200,-97.820290
Celina,TX,33.324560,-96.784440
Center,TX,31.510730,-96.424700
Centerville,TX,31.257960,-95.978290
Central Gardens,TX,29.995490,-94.014060
Chandler,TX,32.307930,-95.479960
Channelview,TX,29.776060,-95.114650
Channing,TX,35.683650,-102.330200
Charlotte,TX,28.861920,-98.706410
Chico,TX,33.295950,-97.798920
Childress,TX,34.426450,-100.204000
China,TX,30.047990,-94.335740
China Grove,TX,29.388850,-98.348900
Cibolo,TX,29.561620,-98.226960
Cienegas Terrace,TX,29.367450,-100.943710
Cinco Ranch,TX,29.738840,-95.758000
Circle D-KC Estates,TX,30.161000,-97.234730
Cisco,TX,32.388190,-98.979230
Citrus City,TX,26.326460,-98.385300
Clarendon,TX,34.937830,-100.888200
Clarksville,TX,33.610660,-95.052720
Claude,TX,35.111720,-101.363220
Clear Lake Shores,TX,29.547450,-95.032150
Cleburne,TX,32.347640,-97.386680
Cleveland,TX,30.341320,-95.085490
Clifton,TX,31.782380,-97.576690
Clint,TX,31.592340,-106.224140
Cloverleaf,TX,29.778280,-95.171880
Clute,TX,29.024690,-95.398830
Clyde,TX,32.405960,-99.493690
Cockrell Hill,TX,32.736240,-96.886950
Coldspring,TX,30.592420,-95.129380
Coleman,TX,31.827370,-99.426450
College Station,TX,30.627980,-96.334410
Colleyville,TX,32.880960,-97.155010
Collinsville,TX,33.561500,-96.911110
Colorado City,TX,32.388170,-100.864560
Columbus,TX,29.706620,-96.539690
Comanche,TX,31.897370,-98.603660
Combes,TX,26.248690,-97.733880
Combine,TX,32.588470,-96.508600
Comfort,TX,29.967710,-98.905030
Commerce,TX,33.247060,-95.899970
Conroe,TX,30.311880,-95.456050
Converse,TX,29.518010,-98.316120
Cooper,TX,31.243240,-95.582170
Coppell,TX,32.954570,-97.015010
Copper Canyon,TX,33.095950,-97.096680
Copperas Cove,TX,31.124060,-97.903080
Corinth,TX,33.154010,-97.064730
Corpus Christi,TX,27.800580,-97.396380
Corrigan,TX,30.996860,-94.827150
Corsicana,TX,32.095430,-96.468870
Cottonwood Shores,TX,30.555750,-98.323910
Cotulla,TX,28.436930,-99.235030
Crandall,TX,32.627910,-96.455820
Crane,TX,31.397360,-102.350140
Crockett,TX,31.318240,-95.456610
Crosby,TX,29.911890,-95.062150
Crosbyton,TX,33.660080,-101.237930
Cross Mountain,TX,29.645500,-98.659470
Crowell,TX,33.983970,-99.724820
Crowley,TX,32.579030,-97.362520
Crystal City,TX,28.677480,-99.828110
Cuero,TX,29.093870,-97.289160
Cut and Shoot,TX,30.333270,-95.357990
Cypress,TX,29.969110,-95.697170
César Chávez,TX,26.303400,-98.115290
Daingerfield,TX,33.031790,-94.721870
Dalhart,TX,36.059480,-102.513250
Dallas,TX,32.783060,-96.806670
Dalworthington Gardens,TX,32.702910,-97.155290
Danbury,TX,29.228300,-95.344940
Dayton,TX,30.046610,-94.885200
De Kalb,TX,33.508730,-94.616320
De Leon,TX,32.110970,-98.535880
Decatur,TX,33.234280,-97.586140
DeCordova,TX,32.429860,-97.695030
Deer Park,TX,29.705230,-95.123820
Del Rio,TX,29.362730,-100.896760
Denison,TX,33.755660,-96.536660
Denton,TX,33.214840,-97.133070
Denver City,TX,32.964550,-102.829100
DeSoto,TX,32.589860,-96.856950
Devine,TX,29.139960,-98.905310
Deweyville,TX,30.297710,-93.743500
Diboll,TX,31.187130,-94.781040
Dickens,TX,33.621750,-100.836520
Dickinson,TX,29.460790,-95.051320
Dilley,TX,28.667480,-99.170590
Dimmitt,TX,34.550900,-102.311860
Doffing,TX,26.274520,-98.385850
Donna,TX,26.170350,-98.051950
Doolittle,TX,26.353370,-98.116660
Double Oak,TX,33.065120,-97.110570
Dripping Springs,TX,30.190210,-98.086680
Dublin,TX,32.085140,-98.341990
Dumas,TX,35.865590,-101.973240
Duncanville,TX,32.651800,-96.908340
Eagle Lake,TX,29.589680,-96.333580
Eagle Mountain,TX,32.893460,-97.444460
Eagle Pass,TX,28.709140,-100.499520
Early,TX,31.742100,-98.945610
Earth,TX,34.233140,-102.410750
East Bernard,TX,29.531070,-96.071070
Eastland,TX,32.401520,-98.817560
Edcouch,TX,26.293960,-97.960560
Eden,TX,31.216280,-99.845630
Edgecliff Village,TX,32.657630,-97.342790
Edgewood,TX,32.698180,-95.885240
Edinburg,TX,26.301740,-98.163340
Edna,TX,28.978590,-96.646090
Eidson Road,TX,28.677200,-100.487020
El Campo,TX,29.196640,-96.269690
El Cenizo,TX,27.352240,-99.492540
El Lago,TX,29.563560,-95.045210
El Paso,TX,31.758720,-106.486930
Eldorado,TX,30.860170,-100.600930
Electra,TX,34.029260,-98.918960
Elgin,TX,30.349650,-97.370270
Elkhart,TX,31.625170,-95.579400
Elm Creek,TX,28.774420,-100.491740
Elmendorf,TX,29.256070,-98.332790
Elsa,TX,26.293400,-97.993060
Emory,TX,32.874570,-95.765520
Encantada-Ranchito-El Calaboz,TX,26.033440,-97.633070
Ennis,TX,32.329310,-96.625270
Escobares,TX,26.410620,-98.962530
Euless,TX,32.837070,-97.081950
Evadale,TX,30.354930,-94.072680
Everman,TX,32.630970,-97.289180
Fabens,TX,31.502340,-106.158590
Fair Oaks Ranch,TX,29.745780,-98.643360
Fairchilds,TX,29.431350,-95.780230
Fairfield,TX,31.724610,-96.165250
Fairview,TX,33.157900,-96.631660
Falcon Lake Estates,TX,26.872820,-99.255310
Falfurrias,TX,27.226990,-98.144170
Fannett,TX,29.926050,-94.250740
Farmers Branch,TX,32.926510,-96.896120
Farmersville,TX,33.163450,-96.359980
Farwell,TX,34.383410,-103.038000
Fate,TX,32.941510,-96.381370
Ferris,TX,32.534030,-96.665550
Fifth Street,TX,29.598290,-95.551330
Flatonia,TX,29.687730,-97.108600
Florence,TX,30.841300,-97.793630
Floresville,TX,29.133580,-98.156120
Flower Mound,TX,33.014570,-97.096960
Floydada,TX,33.984520,-101.337660
Forest Hill,TX,32.672080,-97.269180
Forney,TX,32.748180,-96.471930
Fort Bliss,TX,31.813570,-106.412240
Fort Cavazos,TX,31.134890,-97.775610
Fort Clark Springs,TX,29.306070,-100.422020
Fort Davis,TX,30.588210,-103.894630
Fort Hancock,TX,31.298460,-105.845250
Fort Stockton,TX,30.894040,-102.879320
Fort Worth,TX,32.725410,-97.320850
Four Corners,TX,29.668570,-95.657720
Franklin,TX,31.026020,-96.485240
Frankston,TX,32.052660,-95.506350
Fredericksburg,TX,30.275200,-98.871980
Freeport,TX,28.954140,-95.359660
Freer,TX,27.882800,-98.617790
Fresno,TX,29.538850,-95.447440
Friendswood,TX,29.529400,-95.201040
Friona,TX,34.641730,-102.724100
Frisco,TX,33.150670,-96.823610
Fritch,TX,35.639770,-101.603230
Fulshear,TX,29.689960,-95.899680
Fulton,TX,28.061400,-97.041100
Gail,TX,32.770380,-101.445410
Gainesville,TX,33.625940,-97.133350
Galena Park,TX,29.733560,-95.230210
Galveston,TX,29.301350,-94.797700
Ganado,TX,29.040540,-96.513580
Garden City,TX,31.864020,-101.481230
Garden Ridge,TX,29.634670,-98.305290
Gardendale,TX,32.020400,-102.380150
Garfield,TX,30.187440,-97.557780
Garland,TX,32.912620,-96.638880
Gatesville,TX,31.435160,-97.743910
George West,TX,28.332500,-98.117510
Georgetown,TX,30.632690,-97.677230
Geronimo,TX,29.663000,-97.966950
Gholson,TX,31.701000,-97.216400
Giddings,TX,30.182720,-96.936370
Gilmer,TX,32.728750,-94.942440
Gladewater,TX,32.536530,-94.942720
Glen Rose,TX,32.234590,-97.755310
Glenn Heights,TX,32.548750,-96.856670
Godley,TX,32.449030,-97.526690
Goldthwaite,TX,31.449890,-98.570880
Goliad,TX,28.668330,-97.388330
Gonzales,TX,29.501630,-97.452490
Gorman,TX,32.213750,-98.670610
Graham,TX,33.107060,-98.589500
Granbury,TX,32.442080,-97.794200
Grand Prairie,TX,32.745960,-96.997780
Grand Saline,TX,32.673460,-95.709410
Grandview,TX,32.270420,-97.179180
Granger,TX,30.717690,-97.442780
Granite Shoals,TX,30.589080,-98.383920
Grape Creek,TX,31.579320,-100.547600
Grapeland,TX,31.491850,-95.478560
Grapevine,TX,32.934290,-97.078070
Greatwood,TX,29.554130,-95.675780
Green Valley Farms,TX,26.122020,-97.560540
Greenville,TX,33.138450,-96.110810
Gregory,TX,27.922240,-97.289990
Groesbeck,TX,31.524340,-96.533870
Groves,TX,29.948270,-93.917120
Groveton,TX,31.054910,-95.125770
Gruver,TX,36.265030,-101.406270
Gun Barrel City,TX,32.334590,-96.151360
Gunter,TX,32.868730,-95.629680
Guthrie,TX,33.620640,-100.322890
Hackberry,TX,33.152340,-96.917780
Hale Center,TX,34.064240,-101.843790
Hallettsville,TX,29.443850,-96.941090
Hallsville,TX,32.504320,-94.574090
Haltom City,TX,32.799570,-97.269180
Hamilton,TX,31.703770,-98.123920
Hamlin,TX,32.884830,-100.126490
Harker Heights,TX,31.083510,-97.659740
Harlingen,TX,26.190630,-97.696100
Harper,TX,30.299920,-99.244210
Hart,TX,34.385070,-102.115740
Haskell,TX,33.157600,-99.733700
Haslet,TX,32.974850,-97.347800
Hawkins,TX,32.588470,-95.204110
Hearne,TX,30.878520,-96.593030
Heath,TX,32.836510,-96.474990
Hebbronville,TX,27.306880,-98.680320
Hedwig Village,TX,29.777450,-95.517160
Heidelberg,TX,26.197020,-97.880280
Helotes,TX,29.578010,-98.689750
Hemphill,TX,31.340740,-93.846850
Hempstead,TX,30.097440,-96.078290
Henderson,TX,32.153220,-94.799380
Henrietta,TX,33.817320,-98.195320
Hereford,TX,34.815210,-102.399320
Hewitt,TX,31.462390,-97.195840
Hickory Creek,TX,33.122340,-97.043060
Hico,TX,31.982930,-98.033650
Hidalgo,TX,26.100350,-98.263070
Hideaway,TX,32.490420,-95.457460
Highland Park,TX,32.833460,-96.791950
Highland Village,TX,33.091790,-97.046680
Highlands,TX,29.818840,-95.056040
Hill Country Village,TX,29.582450,-98.490850
Hillsboro,TX,32.010990,-97.130010
Hilltop Lakes,TX,31.079350,-96.203850
Hitchcock,TX,29.348290,-95.016040
Holiday Lakes,TX,29.209690,-95.516890
Holland,TX,30.878240,-97.401670
Holliday,TX,33.816210,-98.695060
Holly Lake Ranch,TX,32.713360,-95.197560
Hollywood Park,TX,29.600500,-98.487240
Homestead Meadows North,TX,31.849630,-106.172850
Homestead Meadows South,TX,31.810970,-106.164270
Hondo,TX,29.347460,-99.141420
Honey Grove,TX,33.583440,-95.909970
Hooks,TX,33.466230,-94.288530
Horizon City,TX,31.692610,-106.207480
Hornsby Bend,TX,30.247430,-97.583330
Horseshoe Bay,TX,30.544290,-98.373940
Houston,TX,29.763280,-95.363270
Howe,TX,33.508720,-96.612210
Hubbard,TX,31.848490,-96.797210
Hudson,TX,31.322680,-94.778260
Hudson Bend,TX,30.417140,-97.929180
Hudson Oaks,TX,32.757070,-97.706700
Hughes Springs,TX,32.998460,-94.630760
Humble,TX,29.998830,-95.262160
Hunters Creek Village,TX,29.770510,-95.495500
Huntington,TX,31.277690,-94.576590
Huntsville,TX,30.723530,-95.550780
Hurst,TX,32.823460,-97.170570
Hutchins,TX,32.649300,-96.713050
Hutto,TX,30.542700,-97.546670
Idalou,TX,33.666470,-101.682940
Indian Hills,TX,26.212850,-97.916390
Inez,TX,28.903880,-96.788040
Ingleside,TX,27.877800,-97.211660
Ingram,TX,30.077430,-99.240320
Iowa Colony,TX,29.482460,-95.415500
Iowa Park,TX,33.951480,-98.668670
Iraan,TX,30.914050,-101.897910
Irving,TX,32.814020,-96.948890
Italy,TX,32.184040,-96.884720
Itasca,TX,32.159590,-97.150010
Jacinto City,TX,29.767450,-95.233820
Jacksboro,TX,33.218450,-98.158660
Jacksonville,TX,31.963780,-95.270500
Jamaica Beach,TX,29.189680,-94.979650
Jarrell,TX,30.824910,-97.604450
Jasper,TX,30.920200,-93.996580
Jayton,TX,33.248150,-100.573730
Jefferson,TX,32.757360,-94.345190
Jersey Village,TX,29.887720,-95.563000
Jewett,TX,31.361570,-96.144130
Johnson City,TX,30.276870,-98.411970
Jollyville,TX,30.442700,-97.775010
Jones Creek,TX,28.968580,-95.455220
Jonestown,TX,30.495470,-97.923350
Josephine,TX,33.061230,-96.307200
Joshua,TX,32.461530,-97.388070
Jourdanton,TX,28.918030,-98.546410
Junction,TX,30.489360,-99.772010
Justin,TX,33.084840,-97.296130
Karnes City,TX,28.884980,-97.900840
Katy,TX,29.785790,-95.824400
Kaufman,TX,32.589020,-96.308870
Keene,TX,32.396810,-97.323900
Keller,TX,32.934570,-97.251680
Kemah,TX,29.542730,-95.020480
Kemp,TX,32.442640,-96.229980
Kempner,TX,31.081010,-98.002520
Kenedy,TX,28.819150,-97.848610
Kennedale,TX,32.646800,-97.225850
Kerens,TX,32.133210,-96.227750
Kermit,TX,31.857630,-103.092670
Kerrville,TX,30.047430,-99.140320
Kilgore,TX,32.386260,-94.875770
Killeen,TX,31.117120,-97.727800
Kingsland,TX,30.658240,-98.440580
Kingsville,TX,27.515870,-97.856110
Kirby,TX,29.463290,-98.385570
Kirbyville,TX,30.660480,-93.892680
Knox City,TX,33.418150,-99.818980
Kountze,TX,30.371600,-94.312410
Krugerville,TX,33.281510,-96.990560
Krum,TX,33.261510,-97.238070
Kyle,TX,29.989110,-97.877230
La Blanca,TX,26.292850,-98.037780
La Coste,TX,29.310790,-98.810030
La Feria,TX,26.158960,-97.823890
La Grange,TX,29.905500,-96.876650
La Grulla,TX,26.269510,-98.647250
La Homa,TX,26.250070,-98.363630
La Joya,TX,26.247020,-98.481410
La Marque,TX,29.368570,-94.971310
La Paloma,TX,26.045910,-97.667490
La Porte,TX,29.665780,-95.019370
La Pryor,TX,28.941080,-99.849780
La Vernia,TX,29.356350,-98.115560
La Villa,TX,26.298680,-97.928610
Lackland Air Force Base,TX,29.386630,-98.617970
Lacy-Lakeview,TX,31.629330,-97.102780
Lago Vista,TX,30.460200,-97.988350
Laguna Heights,TX,26.080080,-97.253860
Laguna Park,TX,31.859320,-97.379740
Laguna Vista,TX,26.100910,-97.290250
Lake Brownwood,TX,31.824000,-99.099000
Lake Dallas,TX,33.119290,-97.025560
Lake Dunlap,TX,29.675780,-98.072230
Lake Jackson,TX,29.033860,-95.434390
Lake Kiowa,TX,33.577050,-97.013060
Lake Worth,TX,32.804850,-97.445020
Lakehills,TX,29.604670,-98.943090
Lakeside,TX,32.822350,-97.493350
Lakeway,TX,30.363770,-97.979590
Lamesa,TX,32.737600,-101.950990
Lampasas,TX,31.063780,-98.181700
Lancaster,TX,32.592080,-96.756110
Lantana,TX,33.090730,-97.124160
Laredo,TX,27.506410,-99.507540
Las Lomas,TX,26.364790,-98.775300
Las Palmas II,TX,26.201710,-97.737600
Las Quintas Fronterizas,TX,28.690530,-100.468690
Las Quintas Fronterizas Colonia,TX,28.691370,-100.469240
Lasara,TX,26.464790,-97.911110
Laughlin Air Force Base,TX,29.356630,-100.783530
Laureles,TX,26.109240,-97.494150
Lavon,TX,33.027620,-96.434150
League City,TX,29.507450,-95.094930
Leakey,TX,29.728840,-99.761450
Leander,TX,30.578810,-97.853070
Leon Valley,TX,29.495230,-98.618630
Leonard,TX,33.379550,-96.247480
Levelland,TX,33.587320,-102.377960
Lewisville,TX,33.046230,-96.994170
Lexington,TX,30.419100,-97.011650
Liberty,TX,30.057990,-94.795480
Liberty City,TX,32.445430,-94.948550
Liberty Hill,TX,30.664910,-97.922520
Lindale,TX,32.515700,-95.409400
Linden,TX,33.012350,-94.365470
Lindsay,TX,33.635940,-97.222790
Little Elm,TX,33.162620,-96.937510
Little River-Academy,TX,30.986290,-97.358610
Littlefield,TX,33.917310,-102.324900
Live Oak,TX,29.565230,-98.336400
Livingston,TX,30.711030,-94.932990
Llano,TX,30.759350,-98.675040
Llano Grande,TX,26.129800,-97.968060
Lockhart,TX,29.884940,-97.670000
Lockney,TX,34.124520,-101.441550
Lone Star,TX,33.785660,-95.387730
Longview,TX,32.500700,-94.740490
Lopezville,TX,26.238130,-98.159730
Lorena,TX,31.386560,-97.215560
Lorenzo,TX,33.670640,-101.535160
Los Fresnos,TX,26.071740,-97.476370
Los Indios,TX,26.049240,-97.744990
Lost Creek,TX,30.295480,-97.844450
Lowry Crossing,TX,33.154840,-96.547210
Lubbock,TX,33.577860,-101.855170
Lucas,TX,33.084290,-96.576660
Lufkin,TX,31.338240,-94.729100
Luling,TX,29.680510,-97.647500
Lumberton,TX,30.265770,-94.199630
Lyford,TX,26.412290,-97.789720
Lytle,TX,29.233290,-98.796410
Mabank,TX,32.366530,-96.100810
Madisonville,TX,30.949910,-95.911620
Magnolia,TX,30.209380,-95.750780
Malakoff,TX,32.169600,-96.012470
Manchaca,TX,30.140770,-97.833060
Manor,TX,30.340760,-97.556950
Mansfield,TX,32.563190,-97.141680
Manvel,TX,29.462740,-95.357990
Marble Falls,TX,30.578410,-98.275070
Marfa,TX,30.309730,-104.021340
Marion,TX,29.571340,-98.140290
Markham,TX,28.960260,-96.065240
Marlin,TX,31.306290,-96.898040
Marshall,TX,32.544870,-94.367420
Mart,TX,31.542390,-96.833600
Martindale,TX,29.845500,-97.840840
Mason,TX,30.748790,-99.230610
Matador,TX,34.012020,-100.822080
Mathis,TX,28.094460,-97.828050
Maud,TX,33.332900,-94.342700
Mauriceville,TX,30.203540,-93.866280
McAllen,TX,26.203410,-98.230010
McCamey,TX,31.135980,-102.224300
McGregor,TX,31.444060,-97.409180
McKinney,TX,33.197620,-96.615270
McLendon-Chisholm,TX,32.842350,-96.380540
McQueeney,TX,29.592170,-98.033340
Meadowlakes,TX,30.562450,-98.298670
Meadows Place,TX,29.651340,-95.588000
Medina,TX,26.921150,-99.259480
Melissa,TX,33.285950,-96.572770
Memphis,TX,34.724780,-100.534010
Menard,TX,30.917670,-99.786460
Mentone,TX,31.705130,-103.599350
Mercedes,TX,26.149800,-97.913610
Meridian,TX,31.923210,-97.656690
Merkel,TX,32.470680,-100.012870
Mertzon,TX,31.261830,-100.817330
Mesquite,TX,32.766800,-96.599160
Mexia,TX,31.679890,-96.482200
Miami,TX,35.691430,-100.638190
Midland,TX,31.997350,-102.077910
Midlothian,TX,32.482360,-96.994450
Midway North,TX,26.187760,-98.017080
Midway South,TX,26.156940,-98.020110
Mila Doce,TX,26.226180,-97.958890
Milam,TX,31.432400,-93.845740
Mineola,TX,32.663190,-95.488290
Mineral Wells,TX,32.808460,-98.112820
Mission,TX,26.215910,-98.325290
Mission Bend,TX,29.693840,-95.664950
Missouri City,TX,29.618570,-95.537720
Monahans,TX,31.594300,-102.892650
Mont Belvieu,TX,29.847720,-94.890760
Montague,TX,33.664830,-97.720590
Monte Alto,TX,26.373120,-97.971670
Moody,TX,31.308230,-97.361400
Morgans Point Resort,TX,31.148230,-97.463340
Morton,TX,33.725100,-102.759380
Mount Pleasant,TX,33.156790,-94.968270
Mount Vernon,TX,33.188730,-95.221330
Muenster,TX,33.651770,-97.376410
Muleshoe,TX,34.226470,-102.723830
Munday,TX,33.449260,-99.622860
Muniz,TX,26.256460,-98.089450
Murillo Colonia,TX,26.256460,-98.113340
Murphy,TX,33.015120,-96.613050
Nacogdoches,TX,31.603510,-94.655490
Naples,TX,33.203180,-94.680210
Nash,TX,33.442350,-94.130750
Nassau Bay,TX,29.544680,-95.091040
Natalia,TX,29.189680,-98.862530
Navasota,TX,30.387980,-96.087730
Nederland,TX,29.974380,-93.992400
Needville,TX,29.399410,-95.837730
Nevada,TX,33.042340,-96.373870
New Boston,TX,33.459840,-94.415480
New Braunfels,TX,29.703000,-98.124450
New Caney,TX,30.155220,-95.211320
New Fairview,TX,33.099170,-97.446390
New Summerfield,TX,31.980720,-95.093830
New Territory,TX,29.594120,-95.680780
New Waverly,TX,30.537700,-95.483280
Newark,TX,33.001240,-97.484470
Newton,TX,30.848530,-93.757400
Nixon,TX,29.267460,-97.764440
Nocona,TX,33.786770,-97.725860
Nolanville,TX,31.078790,-97.605570
North Alamo,TX,26.217300,-98.128900
North Richland Hills,TX,32.834300,-97.228900
Northcrest,TX,31.636550,-97.099720
Northlake,TX,33.127340,-97.265570
Nurillo,TX,26.267020,-98.121400
Oak Cliff Place,TX,29.927120,-95.626720
Oak Leaf,TX,32.520420,-96.854720
Oak Point,TX,33.190120,-96.991670
Oak Ridge North,TX,30.160220,-95.444380
Oak Trail Shores,TX,32.488750,-97.834200
Odem,TX,27.950570,-97.582220
Odessa,TX,31.845680,-102.367640
Old River-Winfree,TX,29.868280,-94.832700
Olivarez,TX,26.228410,-97.992230
Olmito,TX,26.021740,-97.534150
Olmos Park,TX,29.478840,-98.487520
Olney,TX,33.370660,-98.752840
Olton,TX,34.183410,-102.134630
Onalaska,TX,30.805750,-95.116330
Onion Creek,TX,30.136600,-97.784170
Orange,TX,30.092990,-93.736550
Orange Grove,TX,27.956680,-97.936940
Ore City,TX,32.800140,-94.720760
Overton,TX,32.274600,-94.978550
Ovilla,TX,32.526530,-96.886390
Oyster Creek,TX,29.003020,-95.331880
Ozona,TX,30.710170,-101.200670
Paducah,TX,34.012300,-100.302060
Paint Rock,TX,31.508490,-99.920080
Palacios,TX,28.708050,-96.217470
Palestine,TX,31.762120,-95.630790
Palm Valley,TX,26.201740,-97.754160
Palmer,TX,32.431250,-96.667770
Palmhurst,TX,26.258410,-98.318070
Palmview,TX,26.233410,-98.370850
Palmview South,TX,26.215630,-98.378630
Palo Pinto,TX,32.767350,-98.298660
Paloma Creek,TX,33.225300,-96.937420
Paloma Creek South,TX,33.211360,-96.935540
Pampa,TX,35.536160,-100.959870
Panhandle,TX,35.345600,-101.380440
Panorama Village,TX,30.381040,-95.493550
Pantego,TX,32.714300,-97.156400
Paris,TX,33.660940,-95.555510
Parker,TX,33.055400,-96.621940
Pasadena,TX,29.691060,-95.209100
Patton Village,TX,30.192990,-95.168820
Pearland,TX,29.563570,-95.286050
Pearsall,TX,28.892190,-99.095030
Pecan Acres,TX,32.970130,-97.474740
Pecan Grove,TX,29.626070,-95.731620
Pecan Plantation,TX,32.360420,-97.675580
Pecos,TX,31.422910,-103.493230
Pelican Bay,TX,32.920960,-97.518360
Penitas,TX,26.230630,-98.444740
Perezville,TX,26.224520,-98.400570
Perryton,TX,36.400030,-100.802650
Petersburg,TX,33.869520,-101.597390
Pflugerville,TX,30.439370,-97.620000
Pharr,TX,26.194800,-98.183620
Pilot Point,TX,33.396500,-96.960560
Pine Island,TX,30.058000,-96.037460
Pinehurst,TX,30.171050,-95.682450
Pinewood Estates,TX,30.164380,-94.321580
Piney Point Village,TX,29.759950,-95.517160
Pittsburg,TX,32.995400,-94.965770
Plains,TX,33.188710,-102.827990
Plainview,TX,34.184790,-101.706840
Plano,TX,33.019840,-96.698890
Pleak,TX,29.489130,-95.807730
Pleasanton,TX,28.967190,-98.478630
Plum Grove,TX,32.195700,-96.989450
Ponder,TX,33.182900,-97.287240
Port Aransas,TX,27.833920,-97.061100
Port Arthur,TX,29.885190,-93.942330
Port Isabel,TX,26.073410,-97.208580
Port Lavaca,TX,28.615000,-96.626090
Port Neches,TX,29.991320,-93.958510
Port O'Connor,TX,28.448340,-96.405810
Porter Heights,TX,30.151880,-95.321880
Portland,TX,27.877250,-97.323880
Post,TX,33.191220,-101.379000
Poteet,TX,29.040520,-98.568070
Poth,TX,29.069690,-98.081950
Potosi,TX,32.329300,-99.656470
Pottsboro,TX,33.759270,-96.669440
Powderly,TX,33.811220,-95.524400
Prairie View,TX,30.093270,-95.987730
Premont,TX,27.360590,-98.123620
Presidio,TX,29.560740,-104.372150
Preston,TX,33.882320,-96.633050
Primera,TX,26.225910,-97.758050
Princeton,TX,33.180120,-96.498040
Progreso,TX,26.092300,-97.957220
Prosper,TX,33.236230,-96.801110
Providence Village,TX,33.233400,-96.961580
Quail Creek,TX,28.776400,-97.082320
Quanah,TX,34.297850,-99.740370
Queen City,TX,33.148740,-94.150190
Quinlan,TX,32.910400,-96.135530
Quitman,TX,32.795960,-95.451060
Ralls,TX,33.674250,-101.387660
Rancho Alegre,TX,27.741690,-98.094730
Rancho Viejo,TX,26.039520,-97.556380
Ranger,TX,32.469850,-98.678950
Rankin,TX,31.222650,-101.937910
Ransom Canyon,TX,33.533420,-101.679610
Raymondville,TX,26.481460,-97.783050
Red Lick,TX,33.464850,-94.171030
Red Oak,TX,32.517640,-96.804440
Redland,TX,31.404350,-94.721320
Redwater,TX,33.358180,-94.254360
Redwood,TX,29.810220,-97.911390
Refugio,TX,28.305280,-97.275270
Rendon,TX,32.576250,-97.241400
Reno,TX,33.663160,-95.462450
Rhome,TX,33.053460,-97.471970
Ricardo,TX,27.421430,-97.851110
Richardson,TX,32.948180,-96.729720
Richland Hills,TX,32.815960,-97.228070
Richmond,TX,29.582180,-95.760780
Richwood,TX,29.056080,-95.409940
Riesel,TX,31.474890,-96.923330
Rio Bravo,TX,27.364190,-99.480040
Rio Grande City,TX,26.379790,-98.820300
Rio Hondo,TX,26.235350,-97.581930
River Oaks,TX,32.777070,-97.394460
Roanoke,TX,33.004010,-97.225850
Robert Lee,TX,31.892370,-100.484820
Robinson,TX,31.467670,-97.114720
Robstown,TX,27.790300,-97.668880
Roby,TX,32.744830,-100.377610
Rockdale,TX,30.655480,-97.001370
Rockport,TX,28.020770,-97.056010
Rocksprings,TX,30.015760,-100.205360
Rockwall,TX,32.931230,-96.459710
Rogers,TX,30.931570,-97.226660
Rollingwood,TX,30.276870,-97.791120
Roma,TX,26.405260,-99.015810
Roma-Los Saenz,TX,26.405060,-99.015860
Roman Forest,TX,30.179100,-95.162430
Roscoe,TX,32.445950,-100.538720
Rosebud,TX,31.072960,-96.978600
Rosenberg,TX,29.557180,-95.808560
Rosharon,TX,29.352180,-95.460220
Rosita North,TX,28.656440,-100.422180
Rosita South,TX,28.623750,-100.428370
Rotan,TX,32.852050,-100.465660
Round Rock,TX,30.508260,-97.678900
Rowlett,TX,32.902900,-96.563880
Royse City,TX,32.975120,-96.332480
Runaway Bay,TX,33.167890,-97.878370
Runge,TX,28.883310,-97.713050
Rusk,TX,31.796010,-95.150220
Sabinal,TX,29.317460,-99.466440
Sachse,TX,32.976230,-96.595270
Saginaw,TX,32.860130,-97.363910
Saint Hedwig,TX,29.414400,-98.200010
Saint Jo,TX,33.694830,-97.522520
Saint Paul,TX,33.041230,-96.550270
Salado,TX,30.947130,-97.538620
Sam Rayburn,TX,31.064080,-94.035750
San Angelo,TX,31.463770,-100.437040
San Antonio,TX,29.424120,-98.493630
San Augustine,TX,31.529900,-94.106030
San Benito,TX,26.132580,-97.631100
San Carlos,TX,26.295630,-98.071950
San Diego,TX,27.763910,-98.238900
San Elizario,TX,31.585110,-106.272760
San Juan,TX,26.189240,-98.155290
San Leon,TX,29.483290,-94.922150
San Marcos,TX,29.883270,-97.941390
San Saba,TX,31.195720,-98.718100
Sanderson,TX,30.142410,-102.394030
Sanger,TX,33.363170,-97.173900
Sansom Park,TX,32.805960,-97.403070
Santa Anna,TX,31.742090,-99.321730
Santa Fe,TX,29.378010,-95.105760
Santa Rosa,TX,26.256740,-97.825000
Sarita,TX,27.221710,-97.789160
Savannah,TX,33.226030,-96.907860
Scenic Oaks,TX,29.710780,-98.675860
Schertz,TX,29.552170,-98.269730
Schulenburg,TX,29.681900,-96.903040
Scissors,TX,26.139800,-98.053890
Seabrook,TX,29.564120,-95.025480
Seadrift,TX,28.415280,-96.713590
Seagoville,TX,32.639580,-96.538320
Seagraves,TX,32.944270,-102.564910
Sealy,TX,29.780790,-96.157180
Sebastian,TX,26.342850,-97.790270
Seguin,TX,29.568840,-97.964730
Selma,TX,29.584390,-98.305850
Seminole,TX,32.718990,-102.644910
Serenada,TX,30.699360,-97.691950
Seth Ward,TX,34.211740,-101.690170
Seven Points,TX,32.320420,-96.213030
Seymour,TX,33.594260,-99.260350
Shady Hollow,TX,30.164930,-97.862230
Shady Shores,TX,33.165120,-97.029450
Shallowater,TX,33.688970,-101.998230
Shamrock,TX,35.214220,-100.249010
Shavano Park,TX,29.584950,-98.552520
Sheldon,TX,29.868000,-95.128260
Shenandoah,TX,30.180220,-95.455770
Shepherd,TX,30.497980,-94.996600
Sherman,TX,33.635660,-96.608880
Sherwood Shores,TX,33.852320,-96.817780
Shiner,TX,29.429130,-97.170540
Shoreacres,TX,29.620230,-95.009930
Sienna Plantation,TX,29.486070,-95.508000
Sierra Blanca,TX,31.174570,-105.357180
Siesta Acres,TX,28.757990,-100.490190
Siesta Shores,TX,26.858100,-99.253650
Silsbee,TX,30.349100,-94.177960
Silverton,TX,34.474230,-101.304610
Sinton,TX,28.036680,-97.509160
Slaton,TX,33.437310,-101.643490
Smithville,TX,30.008550,-97.159430
Snyder,TX,32.717890,-100.917620
Socorro,TX,31.654560,-106.303310
Socorro Mission Number 1 Colonia,TX,31.636220,-106.290540
Somerset,TX,29.226350,-98.657800
Somerville,TX,30.346040,-96.528300
Sonora,TX,30.566850,-100.643430
Sour Lake,TX,30.140210,-94.411020
South Alamo,TX,26.157020,-98.108620
South Houston,TX,29.663010,-95.235490
South Padre Island,TX,26.103690,-97.164690
South Point,TX,25.868690,-97.383590
Southlake,TX,32.941240,-97.134180
Southmayd,TX,33.630380,-96.769160
Southside Place,TX,29.706060,-95.436880
Sparks,TX,31.672610,-106.239700
Spearman,TX,36.198370,-101.192380
Splendora,TX,30.232990,-95.161040
Spring,TX,30.079940,-95.417160
Spring Valley,TX,29.789670,-95.503550
Springtown,TX,32.965960,-97.683640
Spur,TX,33.476480,-100.855690
Stafford,TX,29.616070,-95.557720
Stamford,TX,32.945390,-99.802870
Stanton,TX,32.129290,-101.788460
Stephenville,TX,32.220700,-98.202260
Sterling City,TX,31.836250,-100.984830
Stinnett,TX,35.826980,-101.442940
Stockdale,TX,29.236910,-97.960000
Stowell,TX,29.789940,-94.383240
Stratford,TX,36.336140,-102.072120
Sugar Land,TX,29.619680,-95.634950
Sullivan City,TX,26.277570,-98.563630
Sulphur Springs,TX,33.138450,-95.601070
Sundown,TX,33.456210,-102.489360
Sunnyvale,TX,32.796520,-96.560820
Sunray,TX,36.016700,-101.824620
Sweeny,TX,29.038860,-95.698560
Sweetwater,TX,32.470950,-100.405940
Taft,TX,27.978910,-97.398600
Taft Southwest (historical),TX,27.973910,-97.403050
Tahoka,TX,33.166760,-101.793770
Talty,TX,32.683190,-96.385540
Tatum,TX,32.315990,-94.516590
Taylor,TX,30.570760,-97.409440
Taylor Lake Village,TX,29.575230,-95.050210
Teague,TX,31.627110,-96.283860
Temple,TX,31.098230,-97.342780
Tenaha,TX,31.943780,-94.244090
Terrell,TX,32.735960,-96.275260
Terrell Hills,TX,29.474950,-98.450850
Texarkana,TX,33.425130,-94.047690
Texas City,TX,29.383850,-94.902700
The Colony,TX,33.089010,-96.886390
The Hills,TX,30.347980,-97.985010
The Trails of Frisco,TX,33.160870,-96.871820
The Woodlands,TX,30.157990,-95.489380
Thorndale,TX,30.613810,-97.205550
Three Rivers,TX,28.460270,-98.182510
Throckmorton,TX,33.178720,-99.177580
Tiki Island,TX,29.297090,-94.917090
Tilden,TX,28.461940,-98.549180
Timberwood Park,TX,29.694380,-98.497410
Timpson,TX,31.903780,-94.395200
Tom Bean,TX,33.520110,-96.483870
Tomball,TX,30.097160,-95.616050
Tool,TX,32.267920,-96.170250
Tornillo,TX,31.445400,-106.088310
Travis Ranch,TX,32.803560,-96.473470
Trinity,TX,30.945190,-95.375500
Trophy Club,TX,32.997900,-97.183620
Troup,TX,32.144600,-95.120500
Troy,TX,31.206840,-97.302780
Tulia,TX,34.535890,-101.758520
Tye,TX,32.457620,-99.871480
Tyler,TX,32.351260,-95.301060
Uhland,TX,29.957720,-97.786110
Universal City,TX,29.548010,-98.291120
University of Texas,TX,30.286040,-97.738890
University Park,TX,32.850130,-96.800280
Uvalde,TX,29.209680,-99.786170
Uvalde Estates,TX,29.165240,-99.832280
Val Verde Park,TX,29.374950,-100.831760
Valley Mills,TX,31.659330,-97.472240
Van,TX,32.524860,-95.637180
Van Alstyne,TX,33.421500,-96.577210
Van Horn,TX,31.040290,-104.830730
Van Vleck,TX,29.017750,-95.889400
Vega,TX,35.242830,-102.428260
Venus,TX,32.433470,-97.102510
Vernon,TX,34.155360,-99.266280
Victoria,TX,28.805270,-97.003600
Vidor,TX,30.131600,-94.015450
Vinton,TX,31.951210,-106.602490
Von Ormy,TX,29.289130,-98.644460
Waco,TX,31.549330,-97.146670
Wake Village,TX,33.426790,-94.106300
Waller,TX,30.056610,-95.926900
Wallis,TX,29.631350,-96.065240
Waskom,TX,32.478760,-94.059630
Watauga,TX,32.857910,-97.254740
Waxahachie,TX,32.386530,-96.848330
Weatherford,TX,32.759300,-97.797250
Webster,TX,29.537730,-95.118260
Weimar,TX,29.703010,-96.780530
Wellington,TX,34.856170,-100.213730
Wells Branch,TX,30.446040,-97.679450
Weslaco,TX,26.159520,-97.990840
West,TX,31.802380,-97.091670
West Columbia,TX,29.143860,-95.645220
West Lake Hills,TX,30.297980,-97.801950
West Livingston,TX,30.698250,-95.001880
West Odessa,TX,31.842350,-102.498760
West Orange,TX,30.082150,-93.758220
West Sharyland,TX,26.272570,-98.328630
West Tawakoni,TX,32.893730,-96.029410
West University Place,TX,29.718010,-95.433830
Western Lake,TX,32.623380,-97.811550
Westlake,TX,32.991240,-97.195010
Weston Lakes,TX,29.683240,-95.935710
Westway,TX,31.958710,-106.578050
Westworth,TX,32.757350,-97.410850
Wharton,TX,29.311640,-96.102740
Wheeler,TX,35.445330,-100.270960
White Oak,TX,32.527920,-94.861330
White Settlement,TX,32.759570,-97.458350
Whitehouse,TX,32.226820,-95.225500
Whitesboro,TX,33.656220,-96.906950
Whitewright,TX,33.512890,-96.392480
Whitney,TX,31.951820,-97.321400
Wichita Falls,TX,33.913710,-98.493390
Wild Peach Village,TX,29.083580,-95.633840
Wildwood,TX,30.524090,-94.441580
Willis,TX,30.424930,-95.479940
Willow Park,TX,32.762630,-97.650580
Wills Point,TX,32.709300,-96.008300
Wilmer,TX,32.589020,-96.685270
Wimberley,TX,29.997440,-98.098620
Windcrest,TX,29.515510,-98.380290
Windemere,TX,30.458860,-97.660660
Wink,TX,31.751240,-103.159890
Winnie,TX,29.820220,-94.384080
Winnsboro,TX,32.957340,-95.290220
Winters,TX,31.956530,-99.962310
Wolfe City,TX,33.370670,-96.068860
Wolfforth,TX,33.505920,-102.009060
Woodbranch,TX,30.181050,-95.188820
Woodcreek,TX,30.028270,-98.111120
Woodsboro,TX,28.238340,-97.319990
Woodville,TX,30.775200,-94.415480
Woodway,TX,31.506000,-97.205010
Wortham,TX,31.787940,-96.462480
Wyldwood,TX,30.129380,-97.472770
Wylie,TX,33.015120,-96.538880
Yoakum,TX,29.287750,-97.151930
Yorktown,TX,28.981090,-97.502770
Zapata,TX,26.907260,-99.271430
Alpine,UT,40.453280,-111.777990
American Fork,UT,40.376900,-111.795760
Aurora,UT,38.922190,-111.934090
Ballard,UT,40.289400,-109.943200
Beaver,UT,38.276910,-112.641050
Benjamin,UT,40.098290,-111.731320
Benson,UT,41.787430,-111.930220
Blanding,UT,37.624330,-109.479660
Bluffdale,UT,40.489670,-111.938820
Bountiful,UT,40.889390,-111.880770
Brigham City,UT,41.510210,-112.015500
Canyon Rim,UT,40.706610,-111.821880
Carbonville,UT,39.619960,-110.834330
Castle Dale,UT,39.212190,-111.019610
Cedar City,UT,37.677480,-113.061890
Cedar Hills,UT,40.414120,-111.758540
Centerfield,UT,39.125240,-111.819090
Centerville,UT,40.918000,-111.872160
Clearfield,UT,41.110780,-112.026050
Clinton,UT,41.139670,-112.050500
Coalville,UT,40.917730,-111.399360
Cottonwood Heights,UT,40.619670,-111.810210
Daniel,UT,40.470790,-111.414630
Delta,UT,39.352180,-112.577170
Draper,UT,40.524670,-111.863820
Duchesne,UT,40.163290,-110.402930
Eagle Mountain,UT,40.314120,-112.006880
East Carbon City,UT,39.547740,-110.414880
East Millcreek,UT,40.699950,-111.810490
Elk Ridge,UT,40.011340,-111.676870
Elwood,UT,41.690480,-112.141060
Enoch,UT,37.773310,-113.024390
Enterprise,UT,37.573590,-113.719130
Ephraim,UT,39.359680,-111.586310
Erda,UT,40.612720,-112.304390
Fairview,UT,39.626350,-111.439630
Farmington,UT,40.980500,-111.887440
Farr West,UT,41.297170,-112.027720
Ferron,UT,39.093580,-111.133220
Fillmore,UT,38.968850,-112.323550
Fountain Green,UT,39.629960,-111.635200
Francis,UT,40.610510,-111.280740
Fruit Heights,UT,41.032170,-111.902160
Garland,UT,41.741040,-112.161620
Genola,UT,39.996340,-111.843270
Granite,UT,40.573000,-111.806040
Grantsville,UT,40.599940,-112.464400
Gunnison,UT,39.155240,-111.818260
Harrisville,UT,41.281330,-111.988280
Heber City,UT,40.506900,-111.413240
Helper,UT,39.684130,-110.854610
Herriman,UT,40.514110,-112.032990
Highland,UT,40.425480,-111.794470
Hildale,UT,37.003600,-112.966880
Hill Air Force Base,UT,41.111180,-111.977120
Holladay,UT,40.668840,-111.824660
Honeyville,UT,41.638540,-112.079390
Hooper,UT,41.163830,-112.122440
Huntington,UT,39.326640,-110.964610
Hurricane,UT,37.175260,-113.289950
Hyde Park,UT,41.798820,-111.819110
Hyrum,UT,41.634100,-111.852170
Ivins,UT,37.168590,-113.679410
Junction,UT,38.237480,-112.219930
Kamas,UT,40.643010,-111.280740
Kanab,UT,37.047490,-112.526310
Kaysville,UT,41.035220,-111.938550
Kearns,UT,40.659950,-111.996330
LaVerkin,UT,37.201090,-113.269670
Layton,UT,41.060220,-111.971050
Lehi,UT,40.391620,-111.850770
Lewiston,UT,41.975760,-111.856340
Liberty,UT,41.333550,-111.863550
Lindon,UT,40.343290,-111.720760
Little Cottonwood Creek Valley,UT,40.604390,-111.829380
Loa,UT,38.402760,-111.642960
Logan,UT,41.735490,-111.834390
Maeser,UT,40.477180,-109.586810
Magna,UT,40.709110,-112.101610
Manila,UT,40.988010,-109.722650
Manti,UT,39.268300,-111.636860
Mapleton,UT,40.130230,-111.578530
Marriott-Slaterville,UT,41.251610,-112.025500
Mendon,UT,41.709930,-111.977730
Midvale,UT,40.611060,-111.899940
Midway,UT,40.512180,-111.474350
Milford,UT,38.396910,-113.010790
Millcreek,UT,40.686890,-111.875490
Millville,UT,41.681600,-111.823000
Moab,UT,38.573320,-109.549840
Mona,UT,39.816070,-111.855490
Monroe,UT,38.629970,-112.120760
Monticello,UT,37.871380,-109.342890
Morgan,UT,41.036060,-111.676880
Moroni,UT,39.524960,-111.590470
Mount Olympus,UT,40.685500,-111.788540
Mount Pleasant,UT,39.546910,-111.455470
Mountain Green,UT,41.143000,-111.791600
Murray,UT,40.666890,-111.887990
Naples,UT,40.426910,-109.499300
Nephi,UT,39.710230,-111.836320
Nibley,UT,41.674380,-111.833000
North Logan,UT,41.769370,-111.804670
North Ogden,UT,41.307160,-111.960220
North Salt Lake,UT,40.848560,-111.906880
Oakley,UT,40.714670,-111.300740
Ogden,UT,41.223000,-111.973830
Oquirrh,UT,40.630500,-112.033830
Orangeville,UT,39.227190,-111.053500
Orem,UT,40.296900,-111.694650
Panguitch,UT,37.822760,-112.435760
Park City,UT,40.646060,-111.497970
Parowan,UT,37.842200,-112.828000
Payson,UT,40.044400,-111.732150
Perry,UT,41.464940,-112.032450
Plain City,UT,41.298000,-112.086050
Pleasant Grove,UT,40.364120,-111.738540
Pleasant View,UT,41.318280,-111.992160
Price,UT,39.599410,-110.810710
Providence,UT,41.706320,-111.817170
Provo,UT,40.233840,-111.658530
Randolph,UT,41.665780,-111.182140
Richfield,UT,38.772470,-112.084090
Richmond,UT,41.922710,-111.813560
River Heights,UT,41.721600,-111.821330
Riverdale,UT,41.176890,-112.003830
Riverton,UT,40.521890,-111.939100
Roosevelt,UT,40.299400,-109.988760
Roy,UT,41.161610,-112.026330
Saint George,UT,37.104150,-113.584120
Salem,UT,40.053010,-111.673540
Salina,UT,38.957740,-111.859930
Salt Lake City,UT,40.760780,-111.891050
Sandy,UT,40.591610,-111.884100
Sandy Hills,UT,40.581060,-111.850770
Santa Clara,UT,37.133040,-113.654130
Santaquin,UT,39.975510,-111.785210
Saratoga Springs,UT,40.349120,-111.904660
Silver Summit,UT,40.741440,-111.487750
Smithfield,UT,41.838260,-111.832720
Snyderville,UT,40.694390,-111.543810
South Jordan,UT,40.562170,-111.929660
South Jordan Heights,UT,40.563840,-111.949380
South Ogden,UT,41.191890,-111.971330
South Salt Lake,UT,40.718840,-111.888270
South Weber,UT,41.132440,-111.930220
South Willard,UT,41.363270,-112.035780
Spanish Fork,UT,40.114960,-111.654920
Spring City,UT,39.482460,-111.496020
Spring Glen,UT,39.659410,-110.853490
Springville,UT,40.165230,-111.610750
Stansbury park,UT,40.637720,-112.296060
Summit Park,UT,40.745780,-111.611590
Sunset,UT,41.136330,-112.031050
Syracuse,UT,41.089390,-112.064670
Taylorsville,UT,40.667720,-111.938830
Tooele,UT,40.530780,-112.298280
Toquerville,UT,37.253320,-113.284670
Tremonton,UT,41.711870,-112.165510
Uintah,UT,41.144110,-111.923270
Vernal,UT,40.455520,-109.528750
Vineyard,UT,40.297040,-111.746700
Washington,UT,37.130540,-113.508290
Washington Terrace,UT,41.172720,-111.976610
Wellington,UT,39.542470,-110.735430
Wellsville,UT,41.638540,-111.933830
Wendover,UT,40.737150,-114.037510
West Bountiful,UT,40.893830,-111.901880
West Haven,UT,41.203000,-112.051050
West Jordan,UT,40.609670,-111.939100
West Mountain,UT,40.060790,-111.788270
West Point,UT,41.118280,-112.084110
West Valley City,UT,40.691610,-112.001050
White City,UT,40.565780,-111.864380
Willard,UT,41.409110,-112.036060
Wolf Creek,UT,41.333270,-111.827160
Woodland Hills,UT,40.015320,-111.648680
Woods Cross,UT,40.871610,-111.892160
Abingdon,VA,36.709830,-81.977350
Accomac,VA,37.719570,-75.665480
Adwolf,VA,36.789280,-81.582060
Alexandria,VA,38.804840,-77.046920
Altavista,VA,37.111810,-79.285580
Amelia Court House,VA,37.342930,-77.980560
Amherst,VA,37.585140,-79.051410
Annandale,VA,38.830390,-77.196370
Appalachia,VA,36.906760,-82.781830
Apple Mountain Lake,VA,38.924280,-78.101390
Appomattox,VA,37.357090,-78.825290
Aquia Harbour,VA,38.462620,-77.388870
Arlington,VA,38.881010,-77.104280
Ashburn,VA,39.043720,-77.487490
Ashland,VA,37.759030,-77.479980
Atkins,VA,36.867340,-81.423440
Baileys Crossroads,VA,38.850390,-77.129700
Bassett,VA,36.759300,-79.990320
Basye,VA,38.807060,-78.792240
Bealeton,VA,38.571790,-77.763880
Bedford,VA,37.334310,-79.523090
Belle Haven,VA,38.785390,-77.063030
Bellwood,VA,37.421810,-77.437480
Belmont,VA,39.064830,-77.509990
Belmont Estates,VA,38.452710,-78.919790
Bensley,VA,37.446810,-77.443320
Berryville,VA,39.151770,-77.982220
Big Stone Gap,VA,36.881760,-82.747100
Blacksburg,VA,37.229570,-80.413940
Blackstone,VA,37.080430,-77.997230
Bland,VA,37.102060,-81.116200
Blue Ridge,VA,37.378470,-79.806980
Bluefield,VA,37.252620,-81.271210
Bon Air,VA,37.524870,-77.557770
Boswell's Corner,VA,38.505410,-77.372630
Bowling Green,VA,38.049580,-77.346650
Boydton,VA,36.667640,-78.387500
Bracey,VA,36.599590,-78.143050
Brambleton,VA,38.982050,-77.538600
Brandermill,VA,37.432090,-77.649710
Bridgewater,VA,38.382070,-78.976700
Brightwood,VA,38.421520,-78.193610
Bristol,VA,36.596490,-82.188470
Bristow,VA,38.722890,-77.536100
Broadlands,VA,39.018160,-77.520270
Broadway,VA,38.613170,-78.798910
Brookneal,VA,37.050140,-78.944180
Buchanan,VA,37.527360,-79.679760
Buckhall,VA,38.731780,-77.431100
Buckingham,VA,37.550150,-78.555560
Buena Vista,VA,37.734300,-79.353920
Bull Run,VA,38.783730,-77.520550
Bull Run Mountain Estates,VA,38.903720,-77.661660
Burke,VA,38.793450,-77.271650
Cana,VA,36.589580,-80.671730
Cape Charles,VA,37.270080,-76.016490
Captains Cove,VA,37.989960,-75.422720
Carrollton,VA,36.946820,-76.560510
Castlewood,VA,36.890100,-82.279590
Cave Spring,VA,37.227640,-80.012820
Cedar Bluff,VA,37.087610,-81.759000
Central Garage,VA,37.744030,-77.131640
Centreville,VA,38.840390,-77.428880
Chamberlayne,VA,37.626530,-77.428590
Chantilly,VA,38.894280,-77.431100
Charles City,VA,37.343480,-77.073030
Charlotte Court House,VA,37.056540,-78.638330
Charlottesville,VA,38.029310,-78.476680
Chase City,VA,36.799310,-78.458330
Chatham,VA,36.825690,-79.398080
Chatmoss,VA,36.656800,-79.812260
Cherry Hill,VA,38.569840,-77.266930
Chesapeake,VA,36.819040,-76.274940
Chester,VA,37.356820,-77.441650
Chesterfield,VA,37.377090,-77.505820
Chesterfield Court House,VA,37.377090,-77.504990
Chilhowie,VA,36.798450,-81.682340
Chincoteague,VA,37.933180,-75.378810
Christiansburg,VA,37.129850,-80.408940
Clarksville,VA,36.624030,-78.556940
Claypool Hill,VA,37.062610,-81.751780
Clifton Forge,VA,37.816240,-79.824490
Clintwood,VA,37.150110,-82.455980
Cloverdale,VA,37.365140,-79.905600
Coeburn,VA,36.943990,-82.464040
Collinsville,VA,36.715140,-79.915320
Colonial Beach,VA,38.254570,-76.963580
Colonial Heights,VA,37.268040,-77.407260
Concord,VA,37.342640,-78.975020
Countryside,VA,39.040940,-77.413600
Courtland,VA,36.716260,-77.068020
Covington,VA,37.793460,-79.993950
Crewe,VA,37.173210,-78.123330
Crimora,VA,38.154020,-78.850300
Crozet,VA,38.069580,-78.700580
Culpeper,VA,38.473180,-77.996660
Cumberland,VA,37.495980,-78.245270
Dahlgren,VA,38.331240,-77.051090
Dale City,VA,38.637060,-77.311090
Daleville,VA,37.409860,-79.912540
Danville,VA,36.585970,-79.395020
Dayton,VA,38.414850,-78.938640
Deltaville,VA,37.554860,-76.336890
Dinwiddie,VA,37.077930,-77.586650
Dooms,VA,38.109020,-78.857520
Dranesville,VA,39.000670,-77.345820
Dryden,VA,36.777590,-82.941550
Dublin,VA,37.105680,-80.685340
Dulles Town Center,VA,39.037610,-77.415820
Dumbarton,VA,37.603760,-77.491370
Dumfries,VA,38.567620,-77.328040
Dunn Loring,VA,38.893440,-77.221650
East Hampton,VA,37.037370,-76.331610
East Highland Park,VA,37.580980,-77.406930
East Lexington,VA,37.792910,-79.425320
Eastville,VA,37.352640,-75.945760
Edinburg,VA,38.820950,-78.565850
Elkton,VA,38.407900,-78.623630
Emory,VA,36.772890,-81.836230
Emporia,VA,36.685980,-77.542480
Enon,VA,37.330700,-77.322760
Ettrick,VA,37.240150,-77.429980
Exmore,VA,37.531800,-75.822990
Fairfax,VA,38.846220,-77.306370
Fairfax Station,VA,38.800950,-77.325540
Fairlawn,VA,37.148460,-80.578390
Falls Church,VA,38.882330,-77.171090
Falmouth,VA,38.324020,-77.468320
Farmville,VA,37.302100,-78.391940
Ferrum,VA,36.922920,-80.013370
Fincastle,VA,37.499300,-79.877260
Fishersville,VA,38.099020,-78.969190
Floris,VA,38.937060,-77.412770
Floyd,VA,36.911240,-80.320050
Forest,VA,37.363750,-79.289750
Fort Belvoir,VA,38.711900,-77.145890
Fort Hunt,VA,38.732890,-77.058030
Fort Lee,VA,37.246940,-77.334420
Franconia,VA,38.782060,-77.146370
Franklin,VA,36.677650,-76.922460
Fredericksburg,VA,38.303180,-77.460540
Front Royal,VA,38.918170,-78.194440
Gainesville,VA,38.795670,-77.613880
Galax,VA,36.661240,-80.923970
Gate City,VA,36.637880,-82.580990
Glade Spring,VA,36.791220,-81.771230
Glasgow,VA,37.634020,-79.450310
Glen Allen,VA,37.665980,-77.506370
Gloucester Courthouse,VA,37.409860,-76.526620
Gloucester Point,VA,37.254030,-76.496890
Goochland,VA,37.684310,-77.885270
Gordonsville,VA,38.137360,-78.187780
Great Falls,VA,38.998170,-77.288320
Greenbriar,VA,38.873450,-77.400820
Gretna,VA,36.953750,-79.358910
Grottoes,VA,38.267350,-78.825860
Groveton,VA,38.767340,-77.084700
Grundy,VA,37.277890,-82.099020
Halifax,VA,36.765970,-78.928340
Hampden Sydney,VA,37.242370,-78.459720
Hampton,VA,37.029870,-76.345220
Hanover,VA,37.766530,-77.370260
Harrisonburg,VA,38.449570,-78.868920
Hayfield,VA,38.751780,-77.135810
Haymarket,VA,38.812060,-77.636380
Heathsville,VA,37.917630,-76.472170
Henry Fork,VA,36.966250,-79.870310
Herndon,VA,38.969550,-77.386100
Highland Springs,VA,37.545980,-77.327760
Hillsville,VA,36.762630,-80.734790
Hollins,VA,37.341250,-79.943100
Hollymead,VA,38.117080,-78.441680
Honaker,VA,37.016220,-81.974290
Hopewell,VA,37.304320,-77.287200
Horse Pasture,VA,36.628470,-79.950870
Huntington,VA,38.792340,-77.070810
Hurt,VA,37.092640,-79.296410
Hybla Valley,VA,38.747610,-77.083030
Idylwood,VA,38.895110,-77.211650
Independence,VA,36.622450,-81.153090
Independent Hill,VA,38.635950,-77.437760
Isle of Wight,VA,36.907650,-76.707730
Jolivue,VA,38.109850,-79.073080
Jonesville,VA,36.688980,-83.111000
Kenbridge,VA,36.962090,-78.125000
Kilmarnock,VA,37.710410,-76.379670
King and Queen Court House,VA,37.669860,-76.877460
King George,VA,38.268180,-77.184420
King William,VA,37.687360,-77.013580
Kings Park,VA,38.806220,-77.243320
Kings Park West,VA,38.814430,-77.295820
Lake Barcroft,VA,38.847890,-77.155810
Lake Monticello,VA,37.923200,-78.334730
Lake of the Woods,VA,38.334220,-77.759690
Lake Ridge,VA,38.687890,-77.297760
Lakeside,VA,37.607650,-77.476930
Lancaster,VA,37.769860,-76.466340
Laurel,VA,37.642920,-77.508870
Laurel Hill,VA,38.716630,-77.236860
Lawrenceville,VA,36.757650,-77.846940
Laymantown,VA,37.365690,-79.857540
Lebanon,VA,36.900940,-82.080130
Leesburg,VA,39.115660,-77.563600
Lexington,VA,37.784020,-79.442820
Lincolnia,VA,38.818450,-77.143310
Linton Hall,VA,38.759840,-77.574990
Loch Lomond,VA,38.786230,-77.478040
Lorton,VA,38.704280,-77.227760
Loudoun Valley Estates,VA,38.980810,-77.507900
Louisa,VA,38.025140,-78.004160
Lovettsville,VA,39.272600,-77.636660
Lovingston,VA,37.759860,-78.870860
Lowes Island,VA,39.059830,-77.352210
Lunenburg,VA,36.960980,-78.265550
Luray,VA,38.665400,-78.459450
Lynchburg,VA,37.413750,-79.142250
Lyndhurst,VA,38.029300,-78.945020
Madison,VA,38.380410,-78.257500
Madison Heights,VA,37.430980,-79.123080
Manassas,VA,38.750950,-77.475270
Manassas Park,VA,38.784000,-77.469710
Mantua,VA,38.853720,-77.259430
Marion,VA,36.834840,-81.514840
Marshall,VA,38.864840,-77.857770
Martinsville,VA,36.691530,-79.872540
Massanetta Springs,VA,38.400400,-78.834190
Massanutten,VA,38.409570,-78.737800
Mathews,VA,37.437080,-76.319940
Matoaca,VA,37.230430,-77.477490
McLean,VA,38.934280,-77.177480
Meadowbrook,VA,37.448820,-77.473530
Mechanicsville,VA,37.608760,-77.373310
Merrifield,VA,38.874280,-77.226930
Merrimac,VA,37.189570,-80.425610
Middletown,VA,39.027610,-78.280560
Midlothian,VA,37.505980,-77.649160
Montclair,VA,38.610950,-77.339710
Monterey,VA,38.412340,-79.580600
Montrose,VA,37.520700,-77.378310
Montross,VA,38.095130,-76.827460
Motley,VA,37.069590,-79.341140
Mount Hermon,VA,36.678470,-79.422250
Mount Jackson,VA,38.745950,-78.642240
Mount Vernon,VA,38.714120,-77.100820
Mountain Road,VA,36.759580,-78.986960
Narrows,VA,37.205420,-79.958930
Nellysford,VA,37.890420,-78.872240
New Baltimore,VA,38.767340,-77.728330
New Castle,VA,37.500130,-80.110880
New Kent,VA,37.517650,-76.978860
New Market,VA,38.647900,-78.671410
Newington,VA,38.738450,-77.184980
Newport News,VA,36.980380,-76.429750
Nokesville,VA,38.698730,-77.579710
Norfolk,VA,36.846810,-76.285220
North Shore,VA,37.082090,-79.658360
North Springfield,VA,38.804280,-77.204700
Norton,VA,36.933430,-82.629050
Oak Grove,VA,38.984000,-77.403880
Oak Hill,VA,38.925800,-77.401560
Oakton,VA,38.880950,-77.300820
Occoquan,VA,38.683730,-77.260260
Onancock,VA,37.711800,-75.749100
Orange,VA,38.245410,-78.110830
Palmyra,VA,37.860970,-78.263340
Pannill Fork,VA,36.709030,-80.013100
Pantops,VA,38.033790,-78.455070
Passapatanzy,VA,38.297350,-77.314150
Patrick Springs,VA,36.641800,-80.195050
Pearisburg,VA,37.326730,-80.737020
Pembroke,VA,37.319570,-80.638950
Pennington Gap,VA,36.758420,-83.027110
Petersburg,VA,37.227930,-77.401930
Pimmit Hills,VA,38.912890,-77.200810
Plum Creek,VA,37.129840,-80.500600
Poquoson,VA,37.122370,-76.345780
Portsmouth,VA,36.835430,-76.298270
Portsmouth Heights,VA,36.820980,-76.368830
Potomac Mills,VA,38.645950,-77.294150
Powhatan,VA,37.542090,-77.918890
Prices Fork,VA,37.209850,-80.490050
Prince George,VA,37.220430,-77.288030
Pulaski,VA,37.047900,-80.779790
Purcellville,VA,39.136770,-77.714720
Radford,VA,37.131790,-80.576450
Raven,VA,37.087060,-81.855120
Ravensworth,VA,38.804000,-77.220540
Reston,VA,38.968720,-77.341100
Richlands,VA,37.093170,-81.793730
Richmond,VA,37.553760,-77.460260
Roanoke,VA,37.270970,-79.941430
Rocky Mount,VA,36.997640,-79.891980
Rose Hill,VA,38.788720,-77.112760
Rosslyn,VA,38.896780,-77.072480
Ruckersville,VA,38.233190,-78.369170
Rural Retreat,VA,36.893730,-81.275930
Rushmere,VA,37.066810,-76.676350
Rustburg,VA,37.276810,-79.100850
Salem,VA,37.293470,-80.054760
Saltville,VA,36.881500,-81.762060
Saluda,VA,37.605970,-76.594950
Sandston,VA,37.523480,-77.315810
Seven Corners,VA,38.872060,-77.155260
Shawnee Land,VA,39.191490,-78.345560
Shawsville,VA,37.168470,-80.255320
Shenandoah,VA,38.485120,-78.625020
Shenandoah Farms,VA,38.981780,-78.075550
Short Pump,VA,37.650420,-77.612490
Smithfield,VA,36.982370,-76.631070
South Boston,VA,36.698750,-78.901400
South Hill,VA,36.726530,-78.128890
South Riding,VA,38.920940,-77.503880
South Suffolk,VA,36.717090,-76.590230
Southern Gateway,VA,38.345070,-77.503520
Spotsylvania,VA,38.200960,-77.589150
Spotsylvania Courthouse,VA,38.197910,-77.587770
Springfield,VA,38.789280,-77.187200
Springville,VA,37.196510,-81.402880
Stafford,VA,38.422070,-77.408320
Stanardsville,VA,38.297350,-78.440010
Stanley,VA,38.575400,-78.502510
Stanleytown,VA,36.744300,-79.962820
Staunton,VA,38.149910,-79.073200
Stephens City,VA,39.083440,-78.218060
Sterling,VA,39.006220,-77.428600
Strasburg,VA,38.988720,-78.358620
Stuart,VA,36.640970,-80.265610
Stuarts Draft,VA,38.030140,-79.033640
Sudley,VA,38.792890,-77.497490
Suffolk,VA,36.728360,-76.584960
Sugarland Run,VA,39.037610,-77.375260
Surry,VA,37.137930,-76.835240
Sussex,VA,36.915150,-77.279140
Tappahannock,VA,37.925410,-76.859130
Tazewell,VA,37.114840,-81.519550
Timberlake,VA,37.320700,-79.257530
Timberville,VA,38.639010,-78.773910
Triangle,VA,38.546790,-77.336650
Tuckahoe,VA,37.590150,-77.556380
Twin Lakes,VA,38.249270,-78.443780
Tysons,VA,38.918720,-77.231090
Union Hall,VA,37.018750,-79.686420
University Center,VA,39.057050,-77.444150
Verona,VA,38.202080,-79.008360
Victoria,VA,36.994870,-78.227220
Vienna,VA,38.901220,-77.265260
Vinton,VA,37.280970,-79.896980
Virginia Beach,VA,36.852930,-75.977990
Warm Springs,VA,38.046240,-79.790610
Warrenton,VA,38.713450,-77.795270
Warsaw,VA,37.958740,-76.758010
Washington,VA,38.713450,-78.159440
Wattsville,VA,37.934010,-75.499650
Waverly,VA,37.035980,-77.095240
Waynesboro,VA,38.068470,-78.889470
Weber City,VA,37.755140,-78.283890
West Falls Church,VA,38.864840,-77.187870
West Gate,VA,38.782890,-77.497490
West Lynchburg,VA,37.403200,-79.178080
West Point,VA,37.531530,-76.796350
West Springfield,VA,38.772610,-77.221090
Weyers Cave,VA,38.288460,-78.913080
Williamsburg,VA,37.270700,-76.707460
Winchester,VA,39.185660,-78.163330
Windsor,VA,36.808480,-76.744120
Wise,VA,36.975930,-82.575710
Wolf Trap,VA,38.939830,-77.286090
Woodbridge,VA,38.658170,-77.249700
Woodburn,VA,38.847450,-77.236050
Woodlake,VA,37.421060,-77.679310
Woodlawn,VA,38.716780,-77.132760
Woodstock,VA,38.881780,-78.505840
Wyndham,VA,37.698480,-77.612490
Wytheville,VA,36.948450,-81.084810
Yorkshire,VA,38.793170,-77.447770
Yorktown,VA,37.238580,-76.508940
Addison,VT,44.088670,-73.302620
Arlington,VT,43.074800,-73.154000
Barre,VT,44.197010,-72.502050
Bellows Falls,VT,43.133410,-72.443980
Bennington,VT,42.878130,-73.196770
Brandon,VT,43.798120,-73.087610
Brattleboro,VT,42.850920,-72.557870
Bridport,VT,43.985060,-73.312620
Bristol,VT,44.133390,-73.079010
Burlington,VT,44.475880,-73.212070
Castleton,VT,43.610620,-73.179830
Charlotte,VT,44.309770,-73.260960
Chelsea,VT,43.989790,-72.447600
Chester,VT,43.262850,-72.595090
Chittenden,VT,43.707840,-72.948160
Clarendon,VT,43.516180,-72.969830
Colchester,VT,44.543940,-73.147910
Danby,VT,43.346180,-72.995380
Dover,VT,42.943690,-72.803990
Enosburg Falls,VT,44.906990,-72.806520
Essex Junction,VT,44.490610,-73.110960
Fair Haven,VT,43.594790,-73.265670
Ferrisburgh,VT,44.205610,-73.246230
Guildhall,VT,44.565060,-71.559810
Hardwick,VT,44.504780,-72.368160
Hartford,VT,43.660630,-72.338420
Hinesburg,VT,44.329220,-73.110680
Hyde Park,VT,44.593940,-72.616510
Jamaica,VT,43.100360,-72.778430
Jericho,VT,44.503940,-72.997630
Johnson,VT,44.635610,-72.680400
Leicester,VT,43.866730,-73.107890
Lincoln,VT,44.105890,-72.997060
Londonderry,VT,43.226460,-72.806490
Lunenburg,VT,44.463110,-71.682030
Lyndon,VT,44.514220,-72.010930
Lyndonville,VT,44.533670,-72.003150
Manchester Center,VT,43.177020,-73.057050
Mendon,VT,43.651980,-72.927800
Middlebury (village),VT,44.015530,-73.169370
Middlesex,VT,44.292840,-72.679280
Milton,VT,44.639770,-73.110410
Montgomery,VT,44.902550,-72.638180
Montpelier,VT,44.260060,-72.575390
Moretown,VT,44.250890,-72.760950
Morristown,VT,44.557270,-72.623730
Morrisville,VT,44.561720,-72.598450
Mount Holly,VT,43.452290,-72.824820
Newfane,VT,42.985640,-72.655930
Newport,VT,44.936440,-72.205100
North Bennington,VT,42.930360,-73.242610
North Hero,VT,44.831250,-73.273230
Northfield,VT,44.151170,-72.656500
Pawlet,VT,43.346740,-73.176220
Poultney,VT,43.517010,-73.236220
Pownal,VT,42.765640,-73.235940
Randolph,VT,43.925070,-72.665940
Richford,VT,44.996990,-72.671240
Rockingham,VT,43.187580,-72.488980
Rutland,VT,43.610620,-72.972610
Saint Albans,VT,44.810880,-73.083190
Saint Johnsbury,VT,44.419220,-72.015090
Salisbury,VT,43.896450,-73.099840
South Barre,VT,44.177010,-72.505660
South Burlington,VT,44.466990,-73.170960
Springfield,VT,43.298410,-72.482310
St Johnsbury,VT,44.425260,-72.015120
Starksboro,VT,44.227280,-73.057340
Stowe,VT,44.465330,-72.684560
Swanton,VT,44.918100,-73.124300
Townshend,VT,43.047300,-72.667590
Vergennes,VT,44.167280,-73.254010
Washington,VT,44.105620,-72.432600
Waterbury,VT,44.337830,-72.756230
West Brattleboro,VT,42.855920,-72.603150
West Rutland,VT,43.593120,-73.045110
White River Junction,VT,43.648960,-72.319260
White River Junction VA Medical Center,VT,42.830490,-72.567860
Wilder,VT,43.672850,-72.308700
Williamstown,VT,44.121730,-72.541490
Williston,VT,44.437550,-73.068180
Windsor,VT,43.480350,-72.384810
Winooski,VT,44.491440,-73.185680
Woodstock,VT,43.624240,-72.518430
Aberdeen,WA,46.975370,-123.815720
Ahtanum,WA,46.559570,-120.622010
Airway Heights,WA,47.644610,-117.593270
Alderton,WA,47.169550,-122.229280
Alderwood Manor,WA,47.808000,-122.261000
Algona,WA,47.278990,-122.252060
Allyn,WA,47.385650,-122.827640
Amboy,WA,45.910110,-122.446490
Ames Lake,WA,47.632880,-121.966230
Anacortes,WA,48.512600,-122.612670
Arlington,WA,48.198710,-122.125140
Arlington Heights,WA,48.202050,-122.062080
Artondale,WA,47.299540,-122.620690
Asotin,WA,46.339330,-117.048210
Auburn,WA,47.307320,-122.228450
Ault Field,WA,48.338120,-122.674410
Bainbridge Island,WA,47.626210,-122.521240
Bangor Trident Base,WA,47.722740,-122.714460
Barberton,WA,45.693170,-122.598990
Basin City,WA,46.594030,-119.152230
Battle Ground,WA,45.780950,-122.533430
Belfair,WA,47.450650,-122.827370
Bellevue,WA,47.610380,-122.200680
Bellingham,WA,48.759550,-122.488220
Benton City,WA,46.263190,-119.487800
Bethel,WA,47.493980,-122.631250
Big Lake,WA,48.402880,-122.241270
Birch Bay,WA,48.917890,-122.744620
Black Diamond,WA,47.308710,-122.003170
Blaine,WA,48.993720,-122.747120
Bonney Lake,WA,47.177050,-122.186510
Bothell,WA,47.762320,-122.205400
Bothell East,WA,47.806310,-122.184270
Bothell West,WA,47.805270,-122.240640
Boulevard Park,WA,47.513000,-122.317000
Bremerton,WA,47.567320,-122.632640
Brewster,WA,48.095980,-119.780620
Bridgeport,WA,48.008200,-119.671160
Brier,WA,47.784540,-122.274290
Browns Point,WA,47.300380,-122.441240
Brush Prairie,WA,45.732890,-122.546490
Bryant,WA,48.238990,-122.157920
Bryn Mawr-Skyway,WA,47.494300,-122.240920
Buckley,WA,47.163160,-122.026780
Bunk Foss,WA,47.961710,-122.094410
Burbank,WA,46.199860,-119.013060
Burien,WA,47.470380,-122.346790
Burley,WA,47.417870,-122.630970
Burlington,WA,48.475660,-122.325440
Camano,WA,48.173990,-122.528210
Camas,WA,45.587060,-122.399540
Canterwood,WA,47.375100,-122.589300
Carnation,WA,47.647880,-121.914010
Carson,WA,45.725390,-121.819240
Cascade Valley,WA,47.134590,-119.328080
Cashmere,WA,47.522350,-120.469800
Castle Rock,WA,46.275110,-122.907610
Cathcart,WA,47.847880,-122.099290
Cathlamet,WA,46.203170,-123.383180
Central Park,WA,46.973430,-123.692390
Centralia,WA,46.716210,-122.954300
Chehalis,WA,46.662050,-122.964020
Chelan,WA,47.840970,-120.016460
Cheney,WA,47.487390,-117.575760
Chewelah,WA,48.276290,-117.715520
Chico,WA,47.611480,-122.710420
City of Sammamish,WA,47.604440,-122.037680
Clarkston,WA,46.416290,-117.045570
Clarkston Heights-Vineland,WA,46.387420,-117.083000
Cle Elum,WA,47.195400,-120.939250
Clear Lake,WA,48.464270,-122.234040
Clearview,WA,47.833710,-122.125960
Clyde Hill,WA,47.631770,-122.217900
Colfax,WA,46.880170,-117.364350
College Place,WA,46.049300,-118.388300
Columbia City,WA,47.563990,-122.275400
Colville,WA,48.546570,-117.905540
Connell,WA,46.663470,-118.861110
Cosmopolis,WA,46.955370,-123.773780
Cottage Lake,WA,47.744270,-122.077350
Coulee Dam,WA,47.965430,-118.976130
Country Homes,WA,47.748500,-117.404390
Coupeville,WA,48.219820,-122.686280
Covington,WA,47.358180,-122.122160
Crocker,WA,47.080910,-122.103830
Dallesport,WA,45.617340,-121.179520
Darrington,WA,48.255390,-121.601510
Davenport,WA,47.654050,-118.149970
Dayton,WA,46.323750,-117.972440
Deer Park,WA,47.954340,-117.476890
Des Moines,WA,47.401770,-122.324290
Desert Aire,WA,46.679300,-119.917270
Dishman,WA,47.660070,-117.275960
Dollar Corner,WA,45.780300,-122.599940
DuPont,WA,47.096760,-122.631240
Duvall,WA,47.742320,-121.985680
East Hill-Meridian,WA,47.410520,-122.173690
East Port Orchard,WA,47.523430,-122.624300
East Renton Highlands,WA,47.484820,-122.112340
East Wenatchee,WA,47.415680,-120.293130
East Wenatchee Bench,WA,47.425680,-120.281180
Eastgate,WA,47.572660,-122.145780
Eastmont,WA,47.897400,-122.181540
Eatonville,WA,46.867330,-122.266500
Edgewood,WA,47.250100,-122.293730
Edmonds,WA,47.810650,-122.377360
Electric City,WA,47.932370,-119.038080
Elk Plain,WA,47.053160,-122.397620
Ellensburg,WA,46.996510,-120.547850
Elma,WA,47.003430,-123.408770
Enetai,WA,47.584820,-122.598750
Entiat,WA,47.675960,-120.208410
Enumclaw,WA,47.204270,-121.991500
Ephrata,WA,47.317640,-119.553650
Erlands Point-Kitsap Lake,WA,47.597190,-122.702250
Esperance,WA,47.788990,-122.355410
Everett,WA,47.978980,-122.202080
Everson,WA,48.920120,-122.342660
Fairchild Air Force Base,WA,47.618790,-117.648260
Fairwood,WA,47.448430,-122.157340
Fall City,WA,47.567320,-121.888730
Federal Way,WA,47.322320,-122.312620
Felida,WA,45.709560,-122.707320
Fern Prairie,WA,45.636510,-122.398700
Ferndale,WA,48.846500,-122.591010
Fife,WA,47.239270,-122.357070
Fife Heights,WA,47.258990,-122.345680
Finley,WA,46.154020,-119.033900
Fircrest,WA,47.239540,-122.515960
Five Corners,WA,45.684560,-122.575100
Fobes Hill,WA,47.948990,-122.119850
Fords Prairie,WA,46.735100,-122.989020
Forks,WA,47.950360,-124.385490
Fox Island,WA,47.251490,-122.629020
Frederickson,WA,47.096210,-122.358730
Freeland,WA,48.009540,-122.525980
Friday Harbor,WA,48.534270,-123.017120
Garrett,WA,46.052080,-118.402750
Geneva,WA,48.745670,-122.401830
Gig Harbor,WA,47.329260,-122.580130
Gleed,WA,46.658180,-120.613400
Gold Bar,WA,47.856770,-121.697060
Goldendale,WA,45.820680,-120.821730
Graham,WA,47.052880,-122.294280
Grand Coulee,WA,47.941540,-119.003350
Grand Mound,WA,46.787880,-123.011250
Grandview,WA,46.250970,-119.901700
Granger,WA,46.342070,-120.187270
Granite Falls,WA,48.083990,-121.968740
Greenwood,WA,47.694280,-122.354910
Hansville,WA,47.918700,-122.554310
Hazel Dell,WA,45.671510,-122.662880
Highland,WA,46.131520,-119.114180
Hobart,WA,47.421770,-121.972890
Hockinson,WA,45.737890,-122.487040
Home,WA,47.274820,-122.763750
Hoquiam,WA,46.980920,-123.889330
Indianola,WA,47.747040,-122.525690
Inglewood-Finn Hill,WA,47.720490,-122.231670
Issaquah,WA,47.530100,-122.032620
Joint Base Lewis McChord,WA,47.107870,-122.576940
Kalama,WA,46.007670,-122.844360
Kelso,WA,46.146780,-122.908440
Kenmore,WA,47.757320,-122.244010
Kennewick,WA,46.211250,-119.137230
Kent,WA,47.380930,-122.234840
Kettle Falls,WA,48.610740,-118.055820
Key Center,WA,47.340650,-122.745410
Kingsgate,WA,47.727040,-122.179570
Kingston,WA,47.798500,-122.498060
Kirkland,WA,47.681490,-122.208740
Kittitas,WA,46.983180,-120.417010
Klahanie,WA,47.570970,-122.008390
La Center,WA,45.862340,-122.670380
Lacey,WA,47.034260,-122.823190
Lake Forest Park,WA,47.756760,-122.280960
Lake Marcel-Stillwater,WA,47.692630,-121.915130
Lake Morton-Berrydale,WA,47.332510,-122.102860
Lake Shore,WA,45.690670,-122.690930
Lake Stevens,WA,48.015100,-122.063740
Lake Stickney,WA,47.876550,-122.262140
Lakeland North,WA,47.333430,-122.276950
Lakeland South,WA,47.278430,-122.283260
Lakewood,WA,47.171760,-122.518460
Langley,WA,48.040090,-122.406260
Larch Way,WA,47.842900,-122.252750
Lea Hill,WA,47.326210,-122.181510
Leavenworth,WA,47.596230,-120.661480
Lewisville,WA,45.809840,-122.523150
Liberty Lake,WA,47.675910,-117.118210
Lochsloy,WA,48.051490,-122.032080
Lofall,WA,47.811920,-122.658410
Long Beach,WA,46.352320,-124.054320
Longbranch,WA,47.208980,-122.756800
Longview,WA,46.138170,-122.938170
Longview Heights,WA,46.180390,-122.957060
Lynden,WA,48.946500,-122.452110
Lynnwood,WA,47.820930,-122.315130
Mabton,WA,46.214850,-119.996710
Machias,WA,47.981490,-122.045960
Maltby,WA,47.805100,-122.113180
Manchester,WA,47.555660,-122.545070
Manson,WA,47.884860,-120.158410
Maple Heights-Lake Desire,WA,47.444130,-122.097360
Maple Valley,WA,47.392720,-122.046410
Maplewood,WA,47.401760,-122.557070
Marietta,WA,48.787050,-122.580450
Marietta-Alderwood,WA,48.789650,-122.553690
Martha Lake,WA,47.850930,-122.239300
Marysville,WA,48.051760,-122.177080
Mattawa,WA,46.737910,-119.902820
McChord Air Force Base,WA,47.133970,-122.491570
McCleary,WA,47.053150,-123.265430
McMillin,WA,47.139820,-122.236510
Mead,WA,47.767390,-117.354940
Meadow Glade,WA,45.758450,-122.560380
Meadowdale,WA,47.858000,-122.313000
Medical Lake,WA,47.572940,-117.682160
Medina,WA,47.620930,-122.227620
Mercer Island,WA,47.570650,-122.222070
Midland,WA,47.167040,-122.404840
Mill Creek,WA,47.860100,-122.204300
Mill Creek East,WA,47.836020,-122.187660
Mill Plain,WA,45.642900,-122.493980
Millwood,WA,47.681280,-117.282710
Milton,WA,47.248160,-122.312900
Minnehaha,WA,45.659010,-122.627100
Mirrormont,WA,47.462320,-121.995670
Monroe,WA,47.855380,-121.970960
Monroe North,WA,47.882250,-121.987290
Montesano,WA,46.981210,-123.602660
Morton,WA,46.558440,-122.275100
Moses Lake,WA,47.130140,-119.278080
Moses Lake North,WA,47.194330,-119.317190
Mount Vernon,WA,48.421220,-122.334050
Mount Vista,WA,45.734280,-122.632880
Mountlake Terrace,WA,47.788150,-122.308740
Mukilteo,WA,47.944540,-122.304580
Napavine,WA,46.574550,-122.908180
Navy Yard City,WA,47.553430,-122.664580
Newcastle,WA,47.538990,-122.155680
Newport,WA,47.571210,-122.180680
Nooksack,WA,48.927620,-122.321550
Normandy Park,WA,47.436210,-122.340680
North Bend,WA,47.495660,-121.786780
North Creek,WA,47.819540,-122.176240
North Fort Lewis,WA,47.121310,-122.594520
North Puyallup,WA,47.206770,-122.282340
North Yelm,WA,46.963150,-122.602900
Oak Harbor,WA,48.293160,-122.643220
Ocean Park,WA,46.491770,-124.052080
Ocean Shores,WA,46.973700,-124.156290
Okanogan,WA,48.361260,-119.583390
Olympia,WA,47.044910,-122.901690
Omak,WA,48.410990,-119.527550
Opportunity,WA,47.649950,-117.239910
Orchards,WA,45.666510,-122.560930
Oroville,WA,48.939050,-119.435620
Orting,WA,47.097880,-122.204280
Othello,WA,46.825970,-119.175290
Otis Orchards-East Farms,WA,47.709880,-117.079750
Pacific,WA,47.264550,-122.250120
Palouse,WA,46.910170,-117.075730
Parkland,WA,47.155380,-122.434010
Parkwood,WA,47.533150,-122.610140
Pasco,WA,46.239580,-119.100570
Peaceful Valley,WA,48.938150,-122.147330
Picnic Point,WA,47.881110,-122.328400
Picnic Point-North Lynnwood,WA,47.862780,-122.294970
Point Roberts,WA,48.985380,-123.077970
Pomeroy,WA,46.474870,-117.602690
Port Angeles,WA,48.118150,-123.430740
Port Angeles East,WA,48.106670,-123.371720
Port Hadlock-Irondale,WA,48.032730,-122.785290
Port Ludlow,WA,47.925370,-122.683490
Port Orchard,WA,47.540370,-122.636250
Port Townsend,WA,48.117420,-122.760710
Poulsbo,WA,47.735930,-122.646540
Prairie Heights,WA,47.149330,-122.105300
Prairie Ridge,WA,47.137600,-122.148730
Prosser,WA,46.206800,-119.768920
Pullman,WA,46.731270,-117.179620
Purdy,WA,47.388990,-122.625410
Puyallup,WA,47.185380,-122.292900
Quincy,WA,47.234300,-119.852550
Rainier,WA,46.888150,-122.688460
Ravensdale,WA,47.352320,-121.983730
Raymond,WA,46.686490,-123.732940
Redmond,WA,47.673990,-122.121510
Renton,WA,47.482880,-122.217070
Republic,WA,48.648220,-118.737810
Richland,WA,46.285690,-119.284460
Ridgefield,WA,45.815110,-122.742600
Ritzville,WA,47.127550,-118.379990
Riverbend,WA,47.466490,-121.750390
Riverton,WA,47.484270,-122.294570
Rochester,WA,46.821770,-123.096250
Rocky Point,WA,47.592870,-122.668480
Rosedale,WA,47.331490,-122.652350
Royal City,WA,46.900970,-119.630590
Salmon Creek,WA,45.710670,-122.648990
Sammamish,WA,47.641770,-122.080400
Seabeck,WA,47.639540,-122.828490
SeaTac,WA,47.448460,-122.292170
Seattle,WA,47.606210,-122.332070
Sedro-Woolley,WA,48.503890,-122.236110
Selah,WA,46.654020,-120.530070
Sequim,WA,48.079630,-123.102340
Shelton,WA,47.215090,-123.100710
Shoreline,WA,47.755650,-122.341520
Silver Firs,WA,47.866020,-122.155100
Silverdale,WA,47.644540,-122.694870
Sisco Heights,WA,48.115380,-122.097080
Smokey Point,WA,48.152320,-122.182640
Snohomish,WA,47.912880,-122.098180
Snoqualmie,WA,47.528710,-121.825390
Soap Lake,WA,47.389310,-119.490590
South Bend,WA,46.663150,-123.804610
South Hill,WA,47.141210,-122.270120
South Wenatchee,WA,47.390120,-120.289580
Southworth,WA,47.512040,-122.501800
Spanaway,WA,47.103990,-122.434570
Spokane,WA,47.659660,-117.429080
Spokane Valley,WA,47.673230,-117.239370
Stanwood,WA,48.241210,-122.370710
Steilacoom,WA,47.169820,-122.602630
Stevenson,WA,45.695670,-121.884520
Sudden Valley,WA,48.722890,-122.346550
Sultan,WA,47.862600,-121.816510
Sumas,WA,49.000120,-122.264880
Summit,WA,47.161770,-122.357070
Summit View,WA,47.136320,-122.352020
Sumner,WA,47.203160,-122.240400
Sunnyside,WA,46.323740,-120.008650
Sunnyslope,WA,47.472900,-120.336740
Suquamish,WA,47.731210,-122.552360
Tacoma,WA,47.252880,-122.444290
Tanglewilde,WA,47.051500,-122.782410
Tanglewilde-Thompson Place,WA,47.051160,-122.780810
Tanner,WA,47.475380,-121.746220
Tenino,WA,46.856770,-122.852910
Terrace Heights,WA,46.606240,-120.439790
Three Lakes,WA,47.944820,-122.011520
Tieton,WA,46.702070,-120.755350
Tonasket,WA,48.705150,-119.439500
Toppenish,WA,46.377350,-120.308670
Town and Country,WA,47.727390,-117.421610
Tracyton,WA,47.608980,-122.655140
Trentwood,WA,47.696560,-117.210760
Tri-Cities,WA,46.245400,-119.196170
Tukwila,WA,47.473990,-122.260960
Tulalip,WA,48.068430,-122.291810
Tulalip Bay,WA,48.037320,-122.310140
Tumwater,WA,47.007320,-122.909310
Union Gap,WA,46.557350,-120.475060
Union Hill-Novelty Hill,WA,47.678870,-122.028330
University Place,WA,47.235650,-122.550400
Vancouver,WA,45.638730,-122.661490
Vashon,WA,47.447320,-122.459850
Venersborg,WA,45.773730,-122.424540
Veradale,WA,47.649950,-117.207380
Waitsburg,WA,46.270420,-118.153290
Walla Walla,WA,46.064580,-118.343020
Walla Walla East,WA,46.051840,-118.304030
Waller,WA,47.200660,-122.369290
Walnut Grove,WA,45.667890,-122.598990
Wapato,WA,46.447630,-120.420340
Warden,WA,46.967640,-119.039730
Warm Beach,WA,48.170650,-122.364600
Washougal,WA,45.582620,-122.353420
Waterville,WA,47.647080,-120.071180
Wauna,WA,47.378990,-122.642630
Wenatchee,WA,47.423460,-120.310350
West Clarkston-Highland,WA,46.402870,-117.063950
West Lake Sammamish,WA,47.577600,-122.101230
West Lake Stevens,WA,47.993430,-122.101800
West Longview,WA,46.167890,-122.999000
West Pasco,WA,46.245410,-119.182790
West Richland,WA,46.304300,-119.361410
West Side Highway,WA,46.183990,-122.917150
West Valley,WA,46.592070,-120.605070
West Wenatchee,WA,47.443740,-120.353410
Westport,WA,46.890090,-124.104060
White Center,WA,47.517320,-122.354850
White Salmon,WA,45.727620,-121.486460
Wilburton,WA,47.603150,-122.180960
Wilderness Rim,WA,47.446970,-121.768570
Winlock,WA,46.491220,-122.937900
Wollochet,WA,47.268710,-122.584020
Woodinville,WA,47.754270,-122.163460
Woodland,WA,45.904560,-122.743990
Woods Creek,WA,47.878710,-121.898460
Woodway,WA,47.796210,-122.382910
Yacolt,WA,45.865950,-122.406210
Yakima,WA,46.602070,-120.505900
Yarrow Point,WA,47.646210,-122.217350
Yelm,WA,46.942040,-122.605960
Zillah,WA,46.402070,-120.262000
Abbotsford,WI,44.946360,-90.315970
Adams,WI,43.956080,-89.818180
Addison,WI,43.422780,-88.374540
Albany,WI,42.707780,-89.437060
Algoma,WI,44.608890,-87.432590
Allouez,WI,44.477490,-88.016210
Alma,WI,44.319970,-91.914880
Alto,WI,43.676650,-88.795110
Altoona,WI,44.804680,-91.443210
Amery,WI,45.306910,-92.362140
Amherst,WI,44.450810,-89.284840
Antigo,WI,45.140250,-89.152340
Appleton,WI,44.261930,-88.415380
Arcadia,WI,44.252740,-91.501540
Ashford,WI,43.586940,-88.370660
Ashland,WI,46.592440,-90.883800
Ashwaubenon,WI,44.482210,-88.070100
Athens,WI,45.033020,-90.074020
Augusta,WI,44.680240,-91.119880
Aztalan,WI,43.072780,-88.862330
Baldwin,WI,44.966630,-92.374360
Balsam Lake,WI,45.452180,-92.454640
Bangor,WI,43.893020,-90.990410
Baraboo,WI,43.471090,-89.744290
Barneveld,WI,43.015550,-89.895400
Barron,WI,45.401350,-91.849060
Barton,WI,43.443610,-88.180650
Bayside,WI,43.180560,-87.900640
Beaver Dam,WI,43.457770,-88.837330
Belgium,WI,43.499720,-87.850370
Belle Plaine,WI,44.715260,-88.666210
Belleville,WI,42.859720,-89.538180
Bellevue,WI,44.444160,-87.920100
Beloit,WI,42.508350,-89.031780
Berlin,WI,43.968040,-88.943450
Bevent,WI,44.770530,-89.389560
Big Bend,WI,42.881400,-88.206760
Black Creek,WI,44.477490,-88.450660
Black Earth,WI,43.137220,-89.746790
Black River Falls,WI,44.294680,-90.851530
Blair,WI,44.294400,-91.235160
Bloomer,WI,45.100240,-91.488770
Bohners Lake,WI,42.623070,-88.280370
Bonduel,WI,44.740270,-88.444820
Boscobel,WI,43.134430,-90.705400
Boyceville,WI,45.043570,-92.041010
Brice Prairie,WI,43.938570,-91.299860
Brillion,WI,44.177210,-88.064270
Bristol,WI,42.558910,-88.049250
Brodhead,WI,42.618340,-89.376230
Brookfield,WI,43.060570,-88.106480
Brooklyn,WI,42.853610,-89.370400
Brothertown,WI,43.968050,-88.308990
Brown Deer,WI,43.163340,-87.964530
Browns Lake,WI,42.692520,-88.231200
Brussels,WI,44.736110,-87.620930
Burlington,WI,42.678070,-88.276200
Butler,WI,43.105840,-88.069530
Cadott,WI,44.948020,-91.150700
Caledonia,WI,42.807800,-87.924250
Cambridge,WI,43.003610,-89.016500
Cameron,WI,45.408570,-91.744060
Camp Lake,WI,42.534740,-88.143700
Campbellsport,WI,43.597770,-88.278990
Cashton,WI,43.741910,-90.779300
Cato,WI,44.142770,-87.861200
Cedar Grove,WI,43.569720,-87.823420
Cedarburg,WI,43.296670,-87.987590
Chetek,WI,45.314130,-91.651000
Chilton,WI,44.028880,-88.162880
Chippewa Falls,WI,44.936910,-91.392930
Clear Lake,WI,45.251910,-92.271300
Cleveland,WI,43.914990,-87.747310
Clinton,WI,42.557790,-88.865110
Clintonville,WI,44.620530,-88.762320
Colby,WI,44.909970,-90.315690
Colfax,WI,44.997460,-91.727120
Columbus,WI,43.338050,-89.015390
Combined Locks,WI,44.265820,-88.314270
Como,WI,42.612240,-88.482320
Concord,WI,43.069450,-88.598710
Cooperstown,WI,44.312770,-87.774530
Cornell,WI,45.167190,-91.149310
Cottage Grove,WI,43.076110,-89.199560
Crandon,WI,45.571910,-88.902890
Cross Plains,WI,43.114440,-89.655680
Cuba City,WI,42.605550,-90.429850
Cudahy,WI,42.959740,-87.861470
Cumberland,WI,45.532180,-92.019350
Dakota,WI,43.990250,-89.356510
Dane,WI,43.250550,-89.501510
Darien,WI,42.601680,-88.707600
Darlington,WI,42.683060,-90.117630
De Pere,WI,44.448880,-88.060380
Decatur,WI,42.634330,-89.411550
Deerfield,WI,43.051940,-89.075670
DeForest,WI,43.247770,-89.343730
Delafield,WI,43.060840,-88.403710
Delavan,WI,42.633070,-88.643710
Delavan Lake,WI,42.584180,-88.632600
Denmark,WI,44.347770,-87.827320
Dickeyville,WI,42.627220,-90.592070
Dodgeville,WI,42.960270,-90.130120
Dousman,WI,43.014180,-88.472600
Durand,WI,44.626350,-91.965730
Eagle,WI,42.879460,-88.474270
Eagle Lake,WI,42.706960,-88.128140
Eagle River,WI,45.917180,-89.244300
East Troy,WI,42.785290,-88.405100
Easton,WI,43.838030,-89.806790
Eau Claire,WI,44.811350,-91.498490
Edgar,WI,44.927190,-89.963460
Edgerton,WI,42.835280,-89.067610
Eldorado,WI,43.824710,-88.621780
Elkhorn,WI,42.672790,-88.544540
Ellsworth,WI,44.732190,-92.487410
Elm Grove,WI,43.043070,-88.078980
Elroy,WI,43.740800,-90.272350
Evansville,WI,42.780280,-89.299280
Evergreen,WI,44.842470,-89.637620
Fall Creek,WI,44.763570,-91.277100
Fall River,WI,43.384430,-89.045110
Fennimore,WI,42.983600,-90.655400
Fitchburg,WI,42.960830,-89.469840
Florence,WI,45.922180,-88.251800
Fond du Lac,WI,43.775000,-88.438830
Fontana,WI,42.551410,-88.575100
Fort Atkinson,WI,42.928890,-88.837050
Fox Lake,WI,43.565540,-88.906500
Fox Point,WI,43.157510,-87.901750
Franklin,WI,42.888630,-88.038420
Franksville,WI,42.760020,-87.913410
Frederic,WI,45.659120,-92.467140
Fredonia,WI,43.470560,-87.950650
French Island,WI,43.858300,-91.260420
Friendship,WI,43.970530,-89.816790
Galesville,WI,44.081630,-91.349040
Genoa City,WI,42.498350,-88.328150
Germantown,WI,43.228620,-88.110370
Gillett,WI,44.889990,-88.307320
Glendale,WI,43.135290,-87.935640
Glenmore,WI,44.385830,-87.927320
Glenwood City,WI,45.058570,-92.172410
Grafton,WI,43.319730,-87.953420
Grantsburg,WI,45.776340,-92.682700
Green Bay,WI,44.519160,-88.019830
Green Lake,WI,43.844150,-88.960110
Greendale,WI,42.940570,-87.995920
Greenfield,WI,42.961400,-88.012590
Greenwood,WI,44.770240,-90.599310
Hales Corners,WI,42.937510,-88.048700
Hammond,WI,44.978860,-92.435750
Harrison,WI,44.227760,-88.335910
Hartford,WI,43.317780,-88.378990
Hartland,WI,43.105010,-88.342040
Hayward,WI,46.013010,-91.484620
Hazel Green,WI,42.532780,-90.434570
Hilbert,WI,44.140270,-88.163990
Hillsboro,WI,43.652200,-90.344020
Hobart,WI,44.499250,-88.149860
Holmen,WI,43.963300,-91.256250
Horicon,WI,43.451380,-88.631210
Hortonville,WI,44.334700,-88.638160
Howard,WI,44.543600,-88.088160
Howards Grove,WI,43.833880,-87.820090
Hudson,WI,44.974690,-92.756870
Hurley,WI,46.449670,-90.186560
Hustisford,WI,43.346110,-88.600660
Independence,WI,44.356910,-91.420430
Iola,WI,44.508030,-89.130670
Ixonia,WI,43.143890,-88.597320
Jackson,WI,43.323890,-88.166760
Janesville,WI,42.682790,-89.018720
Jefferson,WI,43.005560,-88.807330
Johnson Creek,WI,43.076110,-88.774270
Juneau,WI,43.405550,-88.705100
Kaukauna,WI,44.278040,-88.272050
Kenosha,WI,42.584740,-87.821190
Kenosha Streetcar,WI,42.586900,-87.810210
Keshena,WI,44.883870,-88.633720
Kewaskum,WI,43.520830,-88.228990
Kewaunee,WI,44.458330,-87.503140
Kiel,WI,43.912490,-88.035650
Kimberly,WI,44.272210,-88.339000
King,WI,44.337480,-89.141780
Kohler,WI,43.739160,-87.781750
Kronenwetter,WI,44.822190,-89.590400
La Crosse,WI,43.801360,-91.239580
Lac du Flambeau,WI,45.969670,-89.892100
Ladysmith,WI,45.463020,-91.104040
Lake Delton,WI,43.601090,-89.793740
Lake Geneva,WI,42.591680,-88.433430
Lake Hallie,WI,44.875790,-91.440710
Lake Koshkonong,WI,42.909730,-88.919550
Lake Mills,WI,43.081390,-88.911770
Lake Nebagamon,WI,46.514940,-91.699910
Lake Ripley,WI,43.005830,-88.986220
Lake Wazeecha,WI,44.371080,-89.756510
Lake Wisconsin,WI,43.373600,-89.575680
Lake Wissota,WI,44.926350,-91.300990
Lamartine,WI,43.733320,-88.568720
Lancaster,WI,42.847490,-90.710680
Lannon,WI,43.146120,-88.166200
Legend Lake,WI,44.890950,-88.544060
Little Chute,WI,44.279990,-88.318440
Little Round Lake,WI,45.964950,-91.367950
Lodi,WI,43.313880,-89.526510
Lomira,WI,43.591380,-88.443710
Loyal,WI,44.736910,-90.495970
Luck,WI,45.576070,-92.482700
Luxemburg,WI,44.538610,-87.703980
Madison,WI,43.073050,-89.401230
Maine,WI,45.027160,-89.690390
Manawa,WI,44.464430,-88.919830
Manchester,WI,43.690540,-89.048450
Manitowoc,WI,44.088610,-87.657580
Maple Bluff,WI,43.118330,-89.379560
Marathon,WI,44.929130,-89.840400
Marinette,WI,45.099980,-87.630660
Marion,WI,44.670810,-88.889270
Markesan,WI,43.707200,-88.990110
Marshall,WI,43.168330,-89.066780
Marshfield,WI,44.668850,-90.171800
Mauston,WI,43.797190,-90.077350
Mayville,WI,43.494160,-88.544820
Mazomanie,WI,43.176660,-89.794850
McFarland,WI,43.012500,-89.289840
Medford,WI,45.138580,-90.340140
Meeme,WI,43.920550,-87.831480
Menasha,WI,44.202210,-88.446500
Menomonee Falls,WI,43.178900,-88.117310
Menomonie,WI,44.875520,-91.919340
Mequon,WI,43.215550,-88.030010
Merrill,WI,45.180520,-89.683460
Merton,WI,43.146670,-88.306760
Middleton,WI,43.097220,-89.504290
Milford,WI,43.100830,-88.846770
Milton,WI,42.775560,-88.944000
Milwaukee,WI,43.038900,-87.906470
Mineral Point,WI,42.860000,-90.179850
Mishicot,WI,44.239160,-87.641190
Mondovi,WI,44.567740,-91.670990
Monona,WI,43.062220,-89.334010
Monroe,WI,42.601120,-89.638450
Montello,WI,43.791370,-89.319840
Monticello,WI,42.745560,-89.594840
Mosinee,WI,44.793020,-89.703180
Mount Horeb,WI,43.008610,-89.738460
Mount Morris,WI,44.114420,-89.190670
Mount Pleasant,WI,42.697430,-87.855770
Mukwonago,WI,42.866680,-88.333430
Muscoda,WI,43.184990,-90.443180
Muskego,WI,42.905850,-88.138980
Nashotah,WI,43.097790,-88.402320
Nashville,WI,45.522740,-89.024840
Neenah,WI,44.185820,-88.462610
Neillsville,WI,44.559960,-90.596250
Nekoosa,WI,44.312460,-89.904290
New Berlin,WI,42.976400,-88.108420
New Glarus,WI,42.814450,-89.635120
New Holstein,WI,43.949990,-88.084260
New Lisbon,WI,43.879140,-90.165410
New London,WI,44.392760,-88.739830
New Richmond,WI,45.123020,-92.536590
Newburg,WI,43.431670,-88.046480
Niagara,WI,45.771350,-87.994850
North Fond du Lac,WI,43.811380,-88.483440
North Hudson,WI,44.993020,-92.756870
North La Crosse,WI,43.846350,-91.248190
North Prairie,WI,42.934460,-88.405370
Oak Creek,WI,42.885850,-87.863140
Oakfield,WI,43.686100,-88.546500
Oconomowoc,WI,43.111670,-88.499270
Oconto,WI,44.887210,-87.864550
Oconto Falls,WI,44.873880,-88.142880
Okauchee Lake,WI,43.123340,-88.440650
Omro,WI,44.039430,-88.744280
Onalaska,WI,43.884410,-91.235140
Oneida,WI,44.498600,-88.182880
Oostburg,WI,43.622770,-87.794530
Oregon,WI,42.926110,-89.384560
Orfordville,WI,42.627510,-89.253170
Osceola,WI,45.320520,-92.704930
Oshkosh,WI,44.024710,-88.542610
Osseo,WI,44.572180,-91.227380
Paddock Lake,WI,42.577520,-88.105090
Palmyra,WI,42.877790,-88.586210
Pardeeville,WI,43.537760,-89.300120
Park Falls,WI,45.934400,-90.441550
Pell Lake,WI,42.538070,-88.350930
Peshtigo,WI,45.054430,-87.749270
Pewaukee,WI,43.080570,-88.261200
Phillips,WI,45.696630,-90.400430
Pittsfield,WI,44.599440,-88.245100
Platteville,WI,42.734160,-90.478460
Pleasant Prairie,WI,42.553080,-87.933410
Plover,WI,44.456360,-89.544010
Plymouth,WI,43.748610,-87.977040
Port Edwards,WI,44.350800,-89.865400
Port Washington,WI,43.387220,-87.875640
Portage,WI,43.539150,-89.462620
Portland,WI,43.768860,-90.858190
Potter Lake,WI,42.821680,-88.348980
Powers Lake,WI,42.553630,-88.294540
Poynette,WI,43.390260,-89.402900
Prairie du Chien,WI,43.051650,-91.141240
Prairie du Sac,WI,43.286930,-89.724010
Prescott,WI,44.748860,-92.802150
Princeton,WI,43.850810,-89.121780
Pulaski,WI,44.672220,-88.242600
Racine,WI,42.726130,-87.782850
Randolph,WI,43.539150,-89.006780
Random Lake,WI,43.552220,-87.961760
Redgranite,WI,44.041920,-89.098450
Reedsburg,WI,43.532480,-90.002630
Reedsville,WI,44.153600,-87.956760
Rhinelander,WI,45.636620,-89.412080
Rib Mountain,WI,44.912750,-89.675400
Rice Lake,WI,45.506070,-91.738230
Richfield,WI,43.256120,-88.193980
Richland Center,WI,43.334710,-90.386790
Richmond,WI,42.714730,-88.749270
Rio,WI,43.447760,-89.239840
Ripon,WI,43.842200,-88.835940
River Falls,WI,44.861360,-92.623810
River Hills,WI,43.174180,-87.924250
Roberts,WI,44.983860,-92.556030
Rochester,WI,42.741410,-88.224260
Rome,WI,44.220600,-89.808430
Rosendale,WI,43.807760,-88.674830
Rothschild,WI,44.887190,-89.620120
Roxbury,WI,43.249430,-89.675400
Rutland,WI,42.878890,-89.350120
Saint Croix Falls,WI,45.409960,-92.639650
Saint Francis,WI,42.967520,-87.877580
Saint Peter,WI,43.836380,-88.341490
Salem,WI,42.554740,-88.110920
Sauk City,WI,43.270820,-89.722070
Saukville,WI,43.381670,-87.940650
Schofield,WI,44.909690,-89.604570
Seymour,WI,44.514990,-88.330380
Sharon,WI,42.502520,-88.728990
Shawano,WI,44.782210,-88.608990
Sheboygan,WI,43.750830,-87.714530
Sheboygan Falls,WI,43.731970,-87.822130
Shell Lake,WI,45.739390,-91.925450
Sherwood,WI,44.173600,-88.259830
Shorewood,WI,43.089180,-87.887580
Shorewood Hills,WI,43.077500,-89.445680
Shullsburg,WI,42.573340,-90.230960
Silver Lake,WI,44.055260,-89.226230
Siren,WI,45.785780,-92.381030
Slinger,WI,43.333610,-88.286210
Somers,WI,42.640300,-87.910360
Somerset,WI,45.124410,-92.673540
South Milwaukee,WI,42.910570,-87.860640
Sparta,WI,43.944130,-90.812910
Spencer,WI,44.757740,-90.296800
Spooner,WI,45.822450,-91.889340
Spring Green,WI,43.175270,-90.067900
Spring Valley,WI,44.845240,-92.238800
Stanley,WI,44.959970,-90.937080
Stevens Point,WI,44.523580,-89.574560
Stoughton,WI,42.916950,-89.217890
Stratford,WI,44.801080,-90.079300
Strum,WI,44.549690,-91.392660
Sturgeon Bay,WI,44.834160,-87.377040
Sturtevant,WI,42.698070,-87.894520
Suamico,WI,44.631940,-88.039270
Sun Prairie,WI,43.183600,-89.213730
Superior,WI,46.720770,-92.104080
Sussex,WI,43.133900,-88.222040
Tainter Lake,WI,44.989130,-91.847670
Theresa,WI,43.517220,-88.451210
Thiensville,WI,43.237510,-87.978700
Thorp,WI,44.961080,-90.799860
Tichigan,WI,42.828900,-88.197590
Tomah,WI,43.978580,-90.504020
Tomahawk,WI,45.471080,-89.729860
Trempealeau,WI,44.005520,-91.442090
Turtle Lake,WI,45.394400,-92.142410
Twin Lakes,WI,42.531130,-88.248150
Two Rivers,WI,44.153880,-87.569250
Union Grove,WI,42.688070,-88.051470
Verona,WI,42.990830,-89.533180
Viroqua,WI,43.556920,-90.888740
Wales,WI,43.004450,-88.376760
Walworth,WI,42.531130,-88.599550
Washburn,WI,46.673270,-90.894910
Waterford,WI,42.763070,-88.214260
Waterloo,WI,43.183880,-88.988440
Watertown,WI,43.194720,-88.728990
Waukesha,WI,43.011680,-88.231480
Waunakee,WI,43.191940,-89.455670
Waupaca,WI,44.358030,-89.085950
Waupun,WI,43.633320,-88.729550
Wausau,WI,44.959140,-89.630120
Wautoma,WI,44.074700,-89.287900
Wauwatosa,WI,43.049460,-88.007590
West Allis,WI,43.016680,-88.007030
West Baraboo,WI,43.474430,-89.770400
West Bend,WI,43.425280,-88.183430
West Milwaukee,WI,43.012510,-87.972590
West Salem,WI,43.899130,-91.081250
Westby,WI,43.656920,-90.854300
Westfield,WI,43.883590,-89.493460
Weston,WI,44.890800,-89.547620
Weyauwega,WI,44.321370,-88.933720
Whitefish Bay,WI,43.113340,-87.900090
Whitehall,WI,44.367460,-91.316550
Whitewater,WI,42.833620,-88.732330
Whiting,WI,44.493580,-89.558730
Williams Bay,WI,42.578070,-88.540930
Wind Lake,WI,42.829460,-88.158700
Wind Point,WI,42.784460,-87.766190
Windsor,WI,43.218330,-89.341510
Winneconne,WI,44.110820,-88.712610
Wisconsin Dells,WI,43.627480,-89.770960
Wisconsin Rapids,WI,44.383580,-89.817350
Wittenberg,WI,44.827200,-89.169560
Woodville,WI,44.953020,-92.291300
Wrightstown,WI,44.325820,-88.162880
Alderson,WV,37.725950,-80.642020
Alum Creek,WV,38.286760,-81.805130
Ansted,WV,38.136220,-81.099550
Augusta,WV,39.295380,-78.637790
Barboursville,WV,38.409530,-82.294590
Barrackville,WV,39.503700,-80.166750
Beaver,WV,37.747810,-81.143520
Beckley,WV,37.778170,-81.188160
Belington,WV,39.025100,-79.935630
Belle,WV,38.232050,-81.537620
Benwood,WV,40.018130,-80.734250
Berkeley Springs,WV,39.624800,-78.224720
Bethany,WV,40.205630,-80.556740
Bethlehem,WV,39.392030,-80.280640
Blennerhassett,WV,39.263690,-81.629290
Bluefield,WV,37.269840,-81.222320
Bluewell,WV,37.312620,-81.259820
Boaz,WV,39.361460,-81.502070
Bolivar,WV,39.323430,-77.752770
Bradley,WV,37.865390,-81.193990
Bridgeport,WV,39.286480,-80.256200
Brookhaven,WV,39.611750,-79.904510
Brush Fork,WV,37.280950,-81.255930
Buckhannon,WV,38.993990,-80.232030
Buffalo,WV,38.617590,-81.981800
Ceredo,WV,38.396470,-82.558770
Chapmanville,WV,37.973710,-82.017350
Charles Town,WV,39.288990,-77.859720
Charleston,WV,38.349820,-81.632620
Cheat Lake,WV,39.672020,-79.853390
Chesapeake,WV,38.223440,-81.536230
Chester,WV,40.613120,-80.562850
Clarksburg,WV,39.280650,-80.344530
Clay,WV,38.460380,-81.085110
Clendenin,WV,38.488710,-81.348170
Coal City,WV,37.679000,-81.210380
Coal Fork,WV,38.317600,-81.520950
Crab Orchard,WV,37.740670,-81.230660
Craigsville,WV,38.330670,-80.653150
Cross Lanes,WV,38.420370,-81.790680
Culloden,WV,38.420090,-82.055420
Daniels,WV,37.743270,-81.124080
Despard,WV,39.288700,-80.305920
Dunbar,WV,38.360650,-81.737350
Eleanor,WV,38.537590,-81.932360
Elizabeth,WV,39.063410,-81.395120
Elkins,WV,38.925940,-79.846730
Elkview,WV,38.442880,-81.480400
Fairlea,WV,37.780680,-80.457020
Fairmont,WV,39.485080,-80.142580
Fayetteville,WV,38.052890,-81.103990
Follansbee,WV,40.327570,-80.595910
Fort Ashby,WV,39.503150,-78.768630
Franklin,WV,38.642890,-79.331150
Gilbert Creek,WV,37.575940,-81.894840
Glendale,WV,39.949240,-80.754250
Glenville,WV,38.934260,-80.837600
Grafton,WV,39.340920,-80.018970
Grantsville,WV,38.923420,-81.095950
Granville,WV,39.645910,-79.987290
Hamlin,WV,38.278700,-82.102920
Harrisville,WV,39.209520,-81.051780
Hinton,WV,37.674010,-80.889250
Hooverson Heights,WV,40.324790,-80.577570
Huntington,WV,38.419250,-82.445150
Hurricane,WV,38.432590,-82.020140
Inwood,WV,39.357880,-78.040000
Kenova,WV,38.398970,-82.578210
Keyser,WV,39.440930,-78.973920
Kingwood,WV,39.471760,-79.683390
Lavalette,WV,38.322860,-82.446820
Lesage,WV,38.506470,-82.298480
Lewisburg,WV,37.801790,-80.445630
Logan,WV,37.848710,-81.993460
Lubeck,WV,39.235350,-81.631240
Mabscott,WV,37.770950,-81.208430
MacArthur,WV,37.758450,-81.212600
Madison,WV,38.067050,-81.819290
Mallory,WV,37.730660,-81.837900
Mannington,WV,39.530920,-80.343420
Marlinton,WV,38.223450,-80.094510
Marmet,WV,38.245380,-81.567060
Martinsburg,WV,39.456210,-77.963890
McMechen,WV,39.988130,-80.731470
Middlebourne,WV,39.492300,-80.903720
Milton,WV,38.434530,-82.132360
Mineral Wells,WV,39.178000,-81.512070
Monongah,WV,39.462580,-80.218140
Montgomery,WV,38.180380,-81.328450
Moorefield,WV,39.062330,-78.969470
Morgantown,WV,39.629530,-79.955900
Moundsville,WV,39.920350,-80.743140
Mount Gay-Shamrock,WV,37.838570,-82.029700
Mount Hope,WV,37.895390,-81.164270
Mullens,WV,37.583170,-81.380380
New Cumberland,WV,40.496730,-80.606740
New Haven,WV,38.986470,-81.973470
New Martinsville,WV,39.644520,-80.857600
Newell,WV,40.618400,-80.604240
Nitro,WV,38.414810,-81.844020
Nutter Fort,WV,39.263420,-80.319810
Oak Hill,WV,37.972330,-81.148710
Oceana,WV,37.692060,-81.624000
Paden City,WV,39.602850,-80.936770
Parkersburg,WV,39.266740,-81.561510
Parsons,WV,39.096490,-79.680900
Pea Ridge,WV,38.413970,-82.319870
Pennsboro,WV,39.285080,-80.968440
Petersburg,WV,38.992610,-79.123920
Philippi,WV,39.152320,-80.040360
Pinch,WV,38.408710,-81.481790
Pineville,WV,37.583170,-81.537050
Pleasant Valley,WV,39.455360,-80.141750
Point Pleasant,WV,38.844530,-82.137090
Princeton,WV,37.366230,-81.102590
Prosperity,WV,37.836500,-81.201770
Rainelle,WV,37.968730,-80.767030
Rand,WV,38.282600,-81.562340
Ranson,WV,39.295100,-77.860550
Ravenswood,WV,38.948140,-81.760960
Richwood,WV,38.224840,-80.533140
Ripley,WV,38.818700,-81.710690
Romney,WV,39.342040,-78.756680
Ronceverte,WV,37.749840,-80.462850
Saint Albans,WV,38.385650,-81.836240
Saint Marys,WV,39.391740,-81.205110
Salem,WV,39.282870,-80.558990
Shady Spring,WV,37.705670,-81.098430
Shannondale,WV,39.217050,-77.807490
Shepherdstown,WV,39.430100,-77.804160
Shinnston,WV,39.395640,-80.300090
Sissonville,WV,38.528150,-81.630960
Sistersville,WV,39.564240,-80.995940
Sophia,WV,37.707610,-81.250660
South Charleston,WV,38.368430,-81.699570
Spencer,WV,38.802030,-81.350950
Stanaford,WV,37.815950,-81.152320
Star City,WV,39.658410,-79.986450
Stonewood,WV,39.250920,-80.312310
Summersville,WV,38.281220,-80.852600
Sutton,WV,38.664540,-80.709820
Teays Valley,WV,38.450090,-81.929300
Terra Alta,WV,39.445650,-79.546440
Tornado,WV,38.342870,-81.844300
Union,WV,37.591510,-80.543680
Vienna,WV,39.327020,-81.548460
Washington,WV,39.261190,-81.671800
Wayne,WV,38.221470,-82.442370
Webster Springs,WV,38.479270,-80.413420
Weirton,WV,40.418960,-80.589520
Weirton Heights,WV,40.408400,-80.539240
Welch,WV,37.432890,-81.584550
Wellsburg,WV,40.272010,-80.609520
West Liberty,WV,40.169790,-80.593690
West Union,WV,39.296470,-80.777050
Weston,WV,39.038430,-80.467310
Westover,WV,39.634530,-79.969790
Wheeling,WV,40.063960,-80.720910
White Sulphur Springs,WV,37.796510,-80.297570
Wiley Ford,WV,39.614530,-78.775020
Williamson,WV,37.674270,-82.277360
Williamstown,WV,39.400630,-81.448180
Winfield,WV,38.533140,-81.893470
Afton,WY,42.724930,-110.931870
Antelope Valley-Crestview,WY,44.224880,-105.474090
Arapahoe,WY,42.962180,-108.489830
Bar Nunn,WY,42.913580,-106.343360
Basin,WY,44.379960,-108.038990
Buffalo,WY,44.348310,-106.698940
Casper,WY,42.866630,-106.313080
Cheyenne,WY,41.139980,-104.820250
Cody,WY,44.526340,-109.056530
Douglas,WY,42.759690,-105.382210
Ethete,WY,43.024960,-108.772620
Evanston,WY,41.268280,-110.963240
Evansville,WY,42.859970,-106.268360
Fort Washakie,WY,43.006350,-108.882350
Fox Farm-College,WY,41.112030,-104.785460
Gillette,WY,44.291090,-105.502220
Glenrock,WY,42.861360,-105.872230
Green River,WY,41.528580,-109.466250
Greybull,WY,44.489120,-108.056210
Guernsey,WY,42.269690,-104.741630
Hoback,WY,43.281870,-110.783810
Jackson,WY,43.479930,-110.762430
Kemmerer,WY,41.792450,-110.537670
Lander,WY,42.833010,-108.730670
Laramie,WY,41.311370,-105.591100
Lovell,WY,44.837450,-108.389560
Lusk,WY,42.762470,-104.452170
Lyman,WY,41.327450,-110.292930
Marbleton,WY,42.553550,-110.109320
Mills,WY,42.840520,-106.365860
Moorcroft,WY,44.263310,-104.950250
Moose Wilson Road,WY,43.525210,-110.844660
Mountain View,WY,41.268840,-110.339880
Newcastle,WY,43.854700,-104.204940
North Rock Springs,WY,41.643580,-109.265680
Pine Bluffs,WY,41.181930,-104.069120
Pinedale,WY,42.866610,-109.860990
Powell,WY,44.753840,-108.757350
Rafter J Ranch,WY,43.426040,-110.799090
Ranchettes,WY,41.218590,-104.790250
Rawlins,WY,41.791070,-107.238660
Riverton,WY,43.024960,-108.380100
Rock Springs,WY,41.587460,-109.202900
Saratoga,WY,41.454960,-106.806430
Sheridan,WY,44.797190,-106.956180
Sleepy Hollow,WY,44.233000,-105.427000
South Greeley,WY,41.096930,-104.806360
South Park,WY,43.422150,-110.793260
Star Valley Ranch,WY,42.971390,-110.955560
Sundance,WY,44.406370,-104.375780
Thermopolis,WY,43.646070,-108.212040
Torrington,WY,42.062460,-104.184390
Upton,WY,44.099700,-104.628020
Wheatland,WY,42.054070,-104.952950
Wilson,WY,43.500760,-110.875210
Worland,WY,44.016900,-107.955370
Wright,WY,43.751240,-105.492010
